{"type": "FeatureCollection", "features": [{"type": "Feature", "id": 1749, "geometry": {"type": "MultiPolygon", "coordinates": [[[[-120.73432699992291, 34.90475099986714], [-120.73438200017449, 34.901499000257594], [-120.73430199980857, 34.900777999740555], [-120.73429199976283, 34.90068899979883], [-120.73408099987563, 34.89878699963779], [-120.73381999975972, 34.89604100016715], [-120.73333299968799, 34.89423699971274], [-120.73297200001296, 34.89259900028986], [-120.73201899978595, 34.889995999852324], [-120.73067899994462, 34.886427000327224], [-120.7290949997058, 34.88292700021548], [-120.72734999980852, 34.87952900036806], [-120.72561599978188, 34.87666800036223], [-120.7245749996913, 34.87497800026481], [-120.72412000030495, 34.87370299988343], [-120.72257399970097, 34.87183799996996], [-120.72031900016576, 34.86924100026268], [-120.71840500021406, 34.867414000060144], [-120.71595399996194, 34.865256000120375], [-120.71296700013261, 34.862902000103546], [-120.7094940000565, 34.86078799981452], [-120.70494800010272, 34.85814900033813], [-120.7005400002412, 34.8563809996406], [-120.69716500007435, 34.8551739996665], [-120.69560000010213, 34.854584999653426], [-120.69077999961368, 34.8502010003345], [-120.68800200002171, 34.847979000329616], [-120.68409799995035, 34.844526000005544], [-120.68112100016677, 34.842674999790674], [-120.6776099995575, 34.84066199977776], [-120.67468300000263, 34.83931500032104], [-120.67328100023704, 34.838624000133656], [-120.67923999982705, 34.818733000311646], [-120.68079099955558, 34.8138110001374], [-120.68250700003887, 34.808952999992066], [-120.68442000016563, 34.80365700019967], [-120.68630800017806, 34.7993689999722], [-120.68843200019204, 34.79443999987793], [-120.6907470000017, 34.788836999781736], [-120.69238300011907, 34.78414800007526], [-120.69288899955902, 34.782664000080835], [-120.69463799965428, 34.7798559999884], [-120.69555499989629, 34.77855900005699], [-120.69667299997977, 34.776977999792194], [-120.6981790004008, 34.77427300036895], [-120.69979500042663, 34.770860999746475], [-120.70098700012996, 34.76654700014686], [-120.70182800020402, 34.763210999810354], [-120.70222599968896, 34.760215000099315], [-120.70234200003989, 34.75749199976417], [-120.70230500022997, 34.75537499995619], [-120.70229600000916, 34.75487100033457], [-120.70208900031993, 34.75235299981985], [-120.70202200037276, 34.74998000028233], [-120.70209299961955, 34.748328999864526], [-120.70143400001872, 34.74557600014743], [-120.70069800042495, 34.74319300019884], [-120.69959200003706, 34.740679999894795], [-120.69827599958683, 34.73783200017683], [-120.69713699958696, 34.73575699976839], [-120.69323400023883, 34.73004200032508], [-120.69018299993711, 34.72616899988546], [-120.68843100036715, 34.72420200030544], [-120.68747499976702, 34.723336999669186], [-120.6857759999005, 34.72204200024957], [-120.68465500034229, 34.721077999662384], [-120.68401400028476, 34.71943500011282], [-120.68300400015633, 34.71769500009233], [-120.68215899988431, 34.716087999784435], [-120.68056799997282, 34.713917000174305], [-120.67910500010782, 34.71204699972288], [-120.67730800033203, 34.709742999836244], [-120.67356099972119, 34.705877999767125], [-120.67106900035951, 34.703615000120124], [-120.66890799963733, 34.70158399992649], [-120.66704300008942, 34.70012400029123], [-120.66584499963999, 34.699429999916646], [-120.66469099957149, 34.696343999830596], [-120.66536699978909, 34.69515800033279], [-120.66836399966418, 34.68815499978243], [-120.67183900028846, 34.678531999984735], [-120.67251499960771, 34.67666100035108], [-120.67791099985638, 34.66377199978577], [-120.68248000027468, 34.65297899986869], [-120.68367100015311, 34.65077699980002], [-120.68521500020896, 34.647696999985456], [-120.68608800007003, 34.64603699968314], [-120.6864799997072, 34.645022999727104], [-120.69059399984083, 34.64144099971662], [-120.69393700022061, 34.63833999983109], [-120.69691300017931, 34.63527599974176], [-120.69927800021767, 34.63242100034615], [-120.70128300040597, 34.63000699984257], [-120.70263499994289, 34.627735999981134], [-120.70383599986702, 34.624983000252705], [-120.70531499962553, 34.621408000330995], [-120.70630200018776, 34.6184730003033], [-120.70718300044477, 34.61621099984044], [-120.70784100022071, 34.613182000251896], [-120.70837000012523, 34.60985299993959], [-120.70856199974584, 34.60609400033173], [-120.70799600003141, 34.60295099994937], [-120.70739500015686, 34.60004500019333], [-120.70708899983511, 34.59750099966886], [-120.70902000040357, 34.59327599985291], [-120.71089400017227, 34.58841499990076], [-120.71213399955619, 34.58420199986838], [-120.71254299981011, 34.58100899996793], [-120.71315000043073, 34.577545000264784], [-120.71332899963257, 34.5749600001178], [-120.71309500017915, 34.5720799997788], [-120.71275700007034, 34.5682970002024], [-120.71218200013509, 34.56642900012472], [-120.71138299989381, 34.56372600024163], [-120.71037899961316, 34.56095999987197], [-120.70899799976395, 34.55776400028817], [-120.70795099982558, 34.5548979998837], [-120.7064529998005, 34.55190699997557], [-120.70396800011152, 34.54849500033677], [-120.70150099996586, 34.54578799999798], [-120.69883100032895, 34.543117000067106], [-120.69679900037649, 34.541542000026304], [-120.69498699963373, 34.540634000189776], [-120.69429299987277, 34.53886899982551], [-120.69235399980671, 34.536084999763055], [-120.69066499998596, 34.53356499969768], [-120.68878100017149, 34.531350999807586], [-120.68665499960937, 34.529241000226655], [-120.6845289999456, 34.527130999727625], [-120.68220599974, 34.525326000076575], [-120.67823899991944, 34.52274399996548], [-120.6757220004434, 34.52127800004415], [-120.67375200041522, 34.52050599968394], [-120.67239699960697, 34.51999299980887], [-120.67131200003374, 34.518836999723504], [-120.6682459996634, 34.51650799986232], [-120.66584600036323, 34.51480499969821], [-120.66344600016474, 34.51306800023836], [-120.66080300029196, 34.51140200018327], [-120.65816100024416, 34.50980399990834], [-120.6560580001466, 34.508597999749014], [-120.65272900001051, 34.50714500011097], [-120.65055599959274, 34.506377000233066], [-120.64817899985876, 34.50561200027658], [-120.64543700025185, 34.504852999947424], [-120.64236000001081, 34.50376500031494], [-120.63758800010125, 34.50314100017053], [-120.63257500016725, 34.50268699979673], [-120.62781999997608, 34.502766000270995], [-120.62599999973574, 34.502761999686534], [-120.62599999973574, 34.50264400012555], [-120.62190300021886, 34.503083000081155], [-120.62104999955093, 34.503096999851124], [-120.61949799999748, 34.502752999851374], [-120.61644099984797, 34.50236600009804], [-120.6094810003503, 34.501909999632375], [-120.60399800006302, 34.502067000343786], [-120.60047399993327, 34.50256099968182], [-120.59736400008029, 34.503316999735134], [-120.59433399969494, 34.504072000204324], [-120.58816500004265, 34.49998700027998], [-120.5815100001435, 34.49663200002239], [-120.57541500011104, 34.4939789998506], [-120.57144999994031, 34.49254300020794], [-120.56888300023556, 34.49219499999133], [-120.56662199995424, 34.490280000310754], [-120.56388399964693, 34.48930000001423], [-120.56127299956127, 34.48875300024081], [-120.5594389999755, 34.4884659999047], [-120.55830300034867, 34.48261800018317], [-120.55606800000662, 34.476678000017245], [-120.55310499956843, 34.47100999992899], [-120.54904200038672, 34.465147999898825], [-120.54458599994634, 34.46022099965819], [-120.54149500035994, 34.457080999699265], [-120.53820600040684, 34.454307999699786], [-120.5356639999181, 34.45269500010291], [-120.5359109997903, 34.44673800018117], [-120.53557199985657, 34.439520999795484], [-120.53292800015896, 34.4331829999648], [-120.53018900002674, 34.42887700030486], [-120.52679399976843, 34.42407500024935], [-120.52364600028059, 34.41950499973071], [-120.51937399996321, 34.416040000325694], [-120.5141619998376, 34.41204799981674], [-120.50814100032328, 34.40829499972993], [-120.50404300008317, 34.40552600012555], [-120.50099900035242, 34.403136000291774], [-120.49518800000207, 34.401132999899076], [-120.48809100023708, 34.398278000331686], [-120.47881799968125, 34.396706000303666], [-120.47521800028183, 34.39666300014686], [-120.4686889998811, 34.39393699965218], [-120.4621279996933, 34.39247900021], [-120.45601500011746, 34.391484999641264], [-120.45099799998552, 34.391184000058836], [-120.4436409999295, 34.391964999701294], [-120.43624600023867, 34.39317900008373], [-120.43103599976287, 34.3946460003069], [-120.42603200004969, 34.39674499996135], [-120.41818999957181, 34.397493999782085], [-120.41769800037551, 34.39755299978501], [-120.40852799975185, 34.398652999734495], [-120.39798200020017, 34.401018000101416], [-120.3905919996339, 34.40329700018772], [-120.38692199991426, 34.405652999811174], [-120.38085500036918, 34.405921999675826], [-120.37729799972917, 34.40637600020777], [-120.37598899985, 34.40667200017792], [-120.36931700023243, 34.407844999923924], [-120.36733499961034, 34.40848599981829], [-120.36039299965604, 34.40784700026771], [-120.35548199982928, 34.40726499974909], [-120.34887100031109, 34.40732400027388], [-120.3468510000542, 34.40843199982588], [-120.34186499988436, 34.40891700019649], [-120.3400029998112, 34.40942399964215], [-120.33286300038853, 34.40921799973515], [-120.32451100027271, 34.409747999678295], [-120.31698000013942, 34.41157499985973], [-120.31228299967461, 34.41279099981803], [-120.30632300025964, 34.413211999911454], [-120.29704700022907, 34.41497600014266], [-120.29040400002553, 34.41653199966956], [-120.28712500011817, 34.417608999670556], [-120.28022199962358, 34.41629799972805], [-120.27353199956438, 34.41688600002769], [-120.26923500003095, 34.41720000020076], [-120.26473500010793, 34.41768000022089], [-120.25958400008166, 34.41769600034704], [-120.25398500034173, 34.417579999918985], [-120.25098199972055, 34.417914000000586], [-120.24944000021287, 34.4179839998708], [-120.24826500022799, 34.41805599978199], [-120.24583099969429, 34.4175670003082], [-120.24279100016155, 34.417414000176485], [-120.24060400039835, 34.417456000356744], [-120.23659499984672, 34.417906000329296], [-120.23161299987486, 34.41819500028951], [-120.22780699971278, 34.418742999676674], [-120.2254910000782, 34.41898800024234], [-120.22388000007521, 34.41915899963714], [-120.22032099978537, 34.42033899967854], [-120.21587000026614, 34.42128999973061], [-120.20995699980857, 34.42164700034501], [-120.20554300009924, 34.42209800036586], [-120.20282800025649, 34.4222079997127], [-120.198160000104, 34.42079499980032], [-120.1917539997269, 34.41998800030908], [-120.18417699956287, 34.419984000202184], [-120.18045199959168, 34.42049799976941], [-120.17640199993043, 34.42094599964361], [-120.17015899975995, 34.42033699963352], [-120.16363600010531, 34.42036100017055], [-120.15837200010115, 34.421011999882026], [-120.15452499993121, 34.421359000098995], [-120.15079900013507, 34.421871999731174], [-120.14728000002818, 34.422915999779015], [-120.1427390000973, 34.42230100004464], [-120.13945400034214, 34.42178000003884], [-120.13714500038023, 34.42185399965436], [-120.13512000010047, 34.42206099993322], [-120.13118300041717, 34.420510000015625], [-120.12724300036079, 34.41872499966732], [-120.12597700013932, 34.418345999640685], [-120.12094699958855, 34.41670900003593], [-120.11545599980364, 34.415096999791864], [-120.10830899980995, 34.41289099991765], [-120.09902299973363, 34.4106909997509], [-120.0906699997929, 34.40928599990445], [-120.08308599995618, 34.409371999821424], [-120.07961899972783, 34.41001200009741], [-120.07643500025499, 34.41111599982916], [-120.07030099986446, 34.409769000213764], [-120.06328199991727, 34.40961999975905], [-120.05678799967663, 34.40993500030828], [-120.05122300027192, 34.410744999767275], [-120.04807900008373, 34.41168199970184], [-120.04481400042008, 34.41245400004687], [-120.04166600003396, 34.41143099993239], [-120.036135999891, 34.40994800036423], [-120.03117300018572, 34.40936099998348], [-120.02730000007651, 34.40897099987582], [-120.02435599990486, 34.40934300017816], [-120.0223459996937, 34.408347000220154], [-120.01894600031085, 34.40666400017244], [-120.014585000305, 34.40411499968882], [-120.00941599983707, 34.40153500023149], [-120.00538100024447, 34.400346999632234], [-120.00097199965973, 34.39948999977033], [-119.95685100013846, 34.38469999981288], [-119.95233500032188, 34.38318600019537], [-119.9278990001155, 34.37499499985967], [-119.92339499999451, 34.37345299975094], [-119.92032500032452, 34.372760000351896], [-119.9165290002082, 34.37260999977211], [-119.91563100023276, 34.37181699994454], [-119.91288600025274, 34.36939100027373], [-119.90542000041681, 34.36437099971195], [-119.89850199985365, 34.36035799990112], [-119.89152100043958, 34.35745700034248], [-119.88387399995537, 34.35614399984413], [-119.87596999955319, 34.35564099976007], [-119.87247599956066, 34.35594900026271], [-119.86763099985616, 34.35669100023053], [-119.86589799965442, 34.357185999661574], [-119.8602289995943, 34.35566199977971], [-119.85710799987068, 34.35482400020825], [-119.85527000008699, 34.35432999987568], [-119.8536959998939, 34.35423800008966], [-119.84563900022918, 34.35376900007044], [-119.83946800002873, 34.35420800018593], [-119.83792099959983, 34.35431799978033], [-119.83021000043985, 34.35560400034828], [-119.8231479999366, 34.35704700015999], [-119.8190840000317, 34.358571000071976], [-119.8158970001858, 34.35976599988381], [-119.8103479997763, 34.36272800035695], [-119.80580500019559, 34.365340000026535], [-119.8015909996045, 34.364729999851974], [-119.79706700029038, 34.36533100021064], [-119.78754600003742, 34.36085400028342], [-119.78552499995561, 34.359903000060605], [-119.77733100002352, 34.35757300030863], [-119.76892899967899, 34.354510000358026], [-119.76357400033655, 34.35291000015208], [-119.75599899982231, 34.34940999993629], [-119.7556959998736, 34.34926999964726], [-119.75096900016989, 34.34708600017155], [-119.75031800006663, 34.3468460001911], [-119.74048600036738, 34.34321700008019], [-119.73923500021453, 34.342755000310035], [-119.735376000349, 34.34111799989166], [-119.73202299992347, 34.339695999907676], [-119.72193000010832, 34.33733400021109], [-119.71862199988861, 34.33663500011482], [-119.71612899980371, 34.33610799997388], [-119.71364400011471, 34.33602899988555], [-119.71047599963711, 34.33670700026968], [-119.70759299956485, 34.33732399971169], [-119.6977829996069, 34.34086699995313], [-119.68939100020644, 34.344066000231216], [-119.68931400021353, 34.34409500023484], [-119.68413499969988, 34.34629500016778], [-119.67963300012703, 34.34820699966891], [-119.66610999989344, 34.354464000205624], [-119.66002099970873, 34.35951799980618], [-119.65935899973483, 34.36006800005192], [-119.6513570003217, 34.36670800010474], [-119.64295300032732, 34.36583599983902], [-119.63626900011586, 34.365722000055314], [-119.63623899997866, 34.36572599979015], [-119.62596200004049, 34.366215999975296], [-119.62249599963704, 34.3667399998262], [-119.61746199978666, 34.36873000033985], [-119.6143319998422, 34.367669000060474], [-119.61233800042288, 34.36741000022462], [-119.61084600024559, 34.36721699999527], [-119.61002199988998, 34.36688299998473], [-119.60206099958637, 34.3636540003374], [-119.59029400001907, 34.36120899996857], [-119.58479499983824, 34.361660000204964], [-119.57722299969709, 34.35586499969849], [-119.57454499966423, 34.35381600030926], [-119.56331100019939, 34.34813499974542], [-119.56066900015156, 34.34703499998287], [-119.5558289995716, 34.34501900026522], [-119.54784999972466, 34.34436200020595], [-119.54601699996384, 34.34338099971076], [-119.53976000044796, 34.341053000298814], [-119.53927500002608, 34.34089700018036], [-119.53466100030025, 34.3394150001589], [-119.53265399956383, 34.33877000005463], [-119.53030100011932, 34.33877000005463], [-119.52791799963926, 34.338770999938994], [-119.52607800020573, 34.33704900034671], [-119.52290999972813, 34.335919000032995], [-119.51947199981208, 34.336069000268196], [-119.51079699965608, 34.330850000177385], [-119.50095300026126, 34.326922000336836], [-119.47736300015178, 34.371688999844665], [-119.47732100031898, 34.371777999795775], [-119.47727899958788, 34.37186699965239], [-119.47721900021175, 34.37199299976253], [-119.4768219996534, 34.37283400032151], [-119.47665299959898, 34.373195000217706], [-119.47668000026147, 34.3733319999395], [-119.47661199959109, 34.373677999738376], [-119.47658599965183, 34.37380800018058], [-119.47658300017709, 34.373825000006775], [-119.47650100016135, 34.37424100012983], [-119.47653299994838, 34.37432200020399], [-119.4765410003443, 34.37439200021414], [-119.47653299994838, 34.37443099988724], [-119.47649699996337, 34.37446699968341], [-119.4763799997875, 34.37459399978834], [-119.47627799968025, 34.37467199966971], [-119.47620999990819, 34.3747040000563], [-119.47618899999179, 34.37470900030097], [-119.47623900022052, 34.374841000275694], [-119.47597999975441, 34.37510400015], [-119.47626099996182, 34.37524499973692], [-119.47655700023782, 34.37539500004647], [-119.47696599959343, 34.37560200035878], [-119.47706199985289, 34.37564999965966], [-119.47733499966435, 34.3757859996302], [-119.47750999956655, 34.37587300005161], [-119.47773899989541, 34.37609899965019], [-119.47785600007128, 34.37621400032071], [-119.47792399984334, 34.37628000026025], [-119.47802299957753, 34.37637799989479], [-119.47817999993639, 34.37653200035984], [-119.47819900020296, 34.37667200033469], [-119.47824100003577, 34.37700199993199], [-119.47826899962485, 34.377227000024035], [-119.47827299982279, 34.37725800000909], [-119.47830399978493, 34.37749399973451], [-119.47810700014146, 34.378285000369786], [-119.47800099983624, 34.378454999769076], [-119.47793600043721, 34.37891300013159], [-119.47783699980471, 34.379417000037975], [-119.4778069996675, 34.379488999776946], [-119.47770700010835, 34.37964899979912], [-119.47761599987177, 34.37974099985882], [-119.47747100010682, 34.379782999675164], [-119.47705099998223, 34.37970600024287], [-119.47650199998624, 34.37948499995784], [-119.4761809995959, 34.37938200028661], [-119.47545599987279, 34.37911899975964], [-119.47542599973556, 34.37911499992281], [-119.47537600040516, 34.37910700024867], [-119.47525000000847, 34.3790889998669], [-119.475005999611, 34.37903900002182], [-119.47470100001246, 34.37903100034042], [-119.47452500028535, 34.37903100034042], [-119.47396100022077, 34.37908100019023], [-119.47379299999126, 34.37911499992281], [-119.47330500009464, 34.37929499980344], [-119.47314400043615, 34.37939800032304], [-119.47301499966643, 34.379488999776946], [-119.47289300036597, 34.379653000351794], [-119.47280100030447, 34.3798290000147], [-119.47281700019799, 34.38005399992547], [-119.47299499957494, 34.38035500023143], [-119.47344200036198, 34.38083599973069], [-119.47351099995898, 34.381015000238435], [-119.47350299956305, 34.38118700026649], [-119.4734649999282, 34.38137400022372], [-119.47342700029336, 34.38143499996084], [-119.47323599959934, 34.38179699996585], [-119.47305999987225, 34.38199100007403], [-119.47286999990148, 34.38220200008267], [-119.47276299977133, 34.382350000323115], [-119.47264099957259, 34.382560000065055], [-119.47260299993778, 34.38266300027557], [-119.47253400034077, 34.38285699986005], [-119.47257299980053, 34.383124000154446], [-119.47271799956549, 34.38346399971891], [-119.47271799956549, 34.383556000035306], [-119.47268699960335, 34.38366200003281], [-119.47248099973902, 34.38383000020154], [-119.47212199971382, 34.3839939996881], [-119.47160399967996, 34.38421900026912], [-119.47135199978489, 34.38431899967435], [-119.47110800028571, 34.384401999801646], [-119.47090200042142, 34.3844790001052], [-119.47066499969664, 34.38460100020049], [-119.47048200029683, 34.38470400012426], [-119.47041299980154, 34.38474200010738], [-119.47019199986862, 34.38491000033312], [-119.46978000013996, 34.38529100000636], [-119.46959699984184, 34.38543599976893], [-119.46945200007688, 34.385622999874286], [-119.4693449999468, 34.38581000030326], [-119.46923100014398, 34.38590899996885], [-119.46917699971729, 34.38596299966965], [-119.4689030000809, 34.38618399990822], [-119.46856699962193, 34.38642399991243], [-119.46841400035939, 34.38660699981475], [-119.46837599982622, 34.38671799992523], [-119.46832300012278, 34.386843999932346], [-119.46829999965823, 34.38705300021439], [-119.46846000039011, 34.387354999870475], [-119.4687120002852, 34.38778199995536], [-119.4687480002702, 34.38788499967232], [-119.46877099983644, 34.3879500000115], [-119.46878099988218, 34.38797700032004], [-119.46879199975284, 34.3880019998017], [-119.46880400034671, 34.38803000013153], [-119.46880000014873, 34.38811999980456], [-119.46879599995079, 34.388201999834294], [-119.46877599985929, 34.38825899964484], [-119.46875999996578, 34.38830699984541], [-119.46872700035381, 34.388404000197596], [-119.46860500015507, 34.38849899963116], [-119.46844600014641, 34.388572999778475], [-119.46843199990273, 34.3885830000939], [-119.46841500018428, 34.3885830000939], [-119.46838000002417, 34.38859100034537], [-119.46836099975759, 34.38860199994861], [-119.46780300043908, 34.3886580001976], [-119.46774499981444, 34.38866399963957], [-119.46771100037758, 34.38866799976154], [-119.46768999956286, 34.388664999670056], [-119.46734599960631, 34.3886330001705], [-119.46708700003853, 34.3886330001705], [-119.46676700037138, 34.38860600007354], [-119.46630100021605, 34.38858700021974], [-119.46585099995426, 34.38868999968759], [-119.46527099999614, 34.38883900034893], [-119.4650800002004, 34.388899999836696], [-119.46478999977221, 34.389006999766536], [-119.46462999993861, 34.389147999666115], [-119.46447000010505, 34.389262000184196], [-119.46438100041657, 34.38943899968598], [-119.46431699994417, 34.38956700008514], [-119.46417999967682, 34.38974299966569], [-119.46402700041425, 34.38994900007785], [-119.46387500007827, 34.390089999873446], [-119.46375299987955, 34.3902119999465], [-119.46347000002234, 34.390489999862005], [-119.46327900022662, 34.390534000233295], [-119.4632139999293, 34.3905490003546], [-119.46305099972268, 34.39058599990101], [-119.4627229996596, 34.390596999983366], [-119.46238700009894, 34.3907079999925], [-119.46214299970148, 34.39081099981582], [-119.46176100011006, 34.39112400001265], [-119.46147200040507, 34.391382999904046], [-119.46110499998393, 34.391596999950906], [-119.46080000038542, 34.39167700029209], [-119.46050199956129, 34.39166500035697], [-119.4599609999612, 34.39168500024787], [-119.45972400013473, 34.39177999966443], [-119.45939600007168, 34.39196299971911], [-119.45916699974279, 34.39226500019421], [-119.45889999977912, 34.39277900034321], [-119.45871700037934, 34.39307700018693], [-119.45856500004335, 34.393278999905476], [-119.45848100037777, 34.39336699991665], [-119.45828999968376, 34.39348499976958], [-119.45803100011598, 34.393626000280264], [-119.45701599996467, 34.39419499977006], [-119.45647399964136, 34.3944230002466], [-119.45604699984409, 34.39475099964756], [-119.4555969995823, 34.39505700025748], [-119.45530700005239, 34.395174999951514], [-119.45489500032375, 34.39531299998572], [-119.45474999966046, 34.39535799999601], [-119.45452100022993, 34.395453999640644], [-119.45410100010537, 34.39556799972417], [-119.45399399997522, 34.39568999996668], [-119.45393299987589, 34.39574300008345], [-119.45369699987431, 34.39593000014336], [-119.45355600030733, 34.39605600036833], [-119.45354700008649, 34.39607000029926], [-119.45350600007862, 34.396109000253325], [-119.45342999991064, 34.39629600023669], [-119.45307099988543, 34.39649100003997], [-119.4528800000897, 34.396563999856994], [-119.45264599973798, 34.39667500010666], [-119.45260200025537, 34.39669600021745], [-119.45258600036183, 34.39670399969358], [-119.45252899956212, 34.39673100014338], [-119.45250000014812, 34.39674200015941], [-119.45247400020885, 34.39675200024013], [-119.45242999982793, 34.39676799992205], [-119.45241899995727, 34.396771999656735], [-119.45239499966783, 34.396780999800306], [-119.45232400042103, 34.39680800022529], [-119.45225900012369, 34.39682699969549], [-119.45197200006854, 34.39691000002258], [-119.45180499966393, 34.396989999732995], [-119.45174399956457, 34.39709000018999], [-119.45152199980673, 34.397474999722064], [-119.45146599973023, 34.3977159998909], [-119.45142899992028, 34.3978730001565], [-119.45142600044557, 34.39788699978347], [-119.45142300007252, 34.397899000308996], [-119.45141999969947, 34.39791000017149], [-119.45139600030836, 34.39801200010808], [-119.45138700008752, 34.39805099989839], [-119.45137799986668, 34.39809200024753], [-119.45136500034623, 34.39814700016001], [-119.45133199983593, 34.3982870003133], [-119.45127099973656, 34.39872300015834], [-119.45128599980517, 34.398795000342666], [-119.45116399960645, 34.39902799968056], [-119.45106499987223, 34.399328999961256], [-119.4509500002445, 34.39951899986417], [-119.45073599998426, 34.39970999997547], [-119.45060399973977, 34.39978999997405], [-119.45022499962312, 34.400019999821886], [-119.4499359999181, 34.400233000129056], [-119.44974500012239, 34.40047700017651], [-119.44968599967284, 34.40060200033834], [-119.44953099986216, 34.40092700032997], [-119.4492949998606, 34.40139299982578], [-119.44908099960034, 34.40171699983533], [-119.44898900043715, 34.40179000028195], [-119.4488370001012, 34.401880999856054], [-119.44867700026761, 34.40192699991264], [-119.44850099964222, 34.4019499999314], [-119.44783000034579, 34.40176299998206], [-119.44762399958316, 34.40172799993715], [-119.44737199968806, 34.401709000097306], [-119.44727999962656, 34.401732000175976], [-119.44711999979302, 34.401797000138714], [-119.44699000009665, 34.40189700003975], [-119.44693999986792, 34.401951999674914], [-119.44682699989002, 34.402200999983364], [-119.44678500005723, 34.402461000297414], [-119.44687600029384, 34.40295699964781], [-119.44695199956351, 34.40328100027178], [-119.44699000009665, 34.403612999939085], [-119.44691399992868, 34.40381900030705], [-119.4468300002631, 34.40395999971252], [-119.44672300013296, 34.404031999837635], [-119.4466550003609, 34.40404800035115], [-119.44659400026153, 34.404054000172344], [-119.44656499994922, 34.404054000172344], [-119.44654099965979, 34.404054000172344], [-119.44642600003205, 34.40405500001894], [-119.44624299973395, 34.404031999837635], [-119.44599099983886, 34.404066999659904], [-119.4458310000053, 34.40411999965936], [-119.44576200040831, 34.40414699993988], [-119.4456400002096, 34.40425699992196], [-119.44571100035468, 34.40450299977632], [-119.44573200027108, 34.404577999696535], [-119.44573800011887, 34.40460200030899], [-119.44578499997455, 34.40480299979481], [-119.44586100014253, 34.40515399989618], [-119.44587700003603, 34.40533000005147], [-119.44580000004316, 34.40560800014886], [-119.44567000034681, 34.406038999790624], [-119.44548000037601, 34.40634000004984], [-119.44536499984997, 34.40658800008249], [-119.44543400034526, 34.406775000365066], [-119.44554099957706, 34.40700799971612], [-119.44559400017883, 34.407221999830256], [-119.44558699960783, 34.407435000331944], [-119.44542199975137, 34.40781400014791], [-119.44541199970563, 34.40783600022922], [-119.4453959998121, 34.40787400008651], [-119.44529700007791, 34.408133000019305], [-119.44529700007791, 34.408334999710775], [-119.4453730002459, 34.408663000166705], [-119.4454109998807, 34.40888099964982], [-119.44553300007945, 34.40901800026833], [-119.44568600024034, 34.40910200014711], [-119.4457540000124, 34.40913199965985], [-119.44614399999973, 34.4092699996516], [-119.44648700013143, 34.409406999633084], [-119.4466400002923, 34.40951400002513], [-119.44682299969207, 34.40977300006813], [-119.44695199956351, 34.410016999715495], [-119.44711300012031, 34.41030799980102], [-119.44727999962656, 34.41059000021689], [-119.44734199955083, 34.41065899977964], [-119.44745600025199, 34.410779999745515], [-119.44762399958316, 34.41091400018328], [-119.44772300021567, 34.41098300021991], [-119.44782199994987, 34.41102100012987], [-119.44792200040729, 34.411067000348794], [-119.4481199998757, 34.41120400035148], [-119.44816599990646, 34.41123000006704], [-119.44827999970926, 34.41130700014626], [-119.44846300000738, 34.4114899997422], [-119.44881399963664, 34.41175300009636], [-119.44923399976122, 34.41187900020972], [-119.44936299963265, 34.41197399967568], [-119.44946300009009, 34.412180000206355], [-119.44955400032667, 34.41237500004701], [-119.4495850002888, 34.41243999989287], [-119.44965300006089, 34.412631000150945], [-119.44975199979508, 34.4127939997857], [-119.44992000002456, 34.41297699983365], [-119.45007300018544, 34.41316099996013], [-119.4501259998889, 34.413340000262586], [-119.4502029998818, 34.413474000304525], [-119.45028599972248, 34.414098999975906], [-119.45030199961599, 34.41434699997882], [-119.45039299985257, 34.41467100021339], [-119.45053099994485, 34.414984000094286], [-119.45062999967904, 34.415182999662704], [-119.45078299983992, 34.41528599974498], [-119.45110300040538, 34.41532399992312], [-119.45142399989744, 34.41537700020135], [-119.45154600009616, 34.4154610003637], [-119.45165999989898, 34.415666999716514], [-119.45174399956457, 34.41604100002908], [-119.45176700002912, 34.416182000325016], [-119.45189599990053, 34.416341999868365], [-119.45234699998724, 34.41665500016486], [-119.45282700038628, 34.417006000185836], [-119.45320099958178, 34.417322000025464], [-119.45355999960697, 34.41760099997009], [-119.45373500040748, 34.41774199985895], [-119.45427699983246, 34.4181660000001], [-119.45442199959741, 34.41833399982491], [-119.45446000013055, 34.41849700020128], [-119.45447500019918, 34.41863500030336], [-119.45432299986322, 34.41883699982734], [-119.45376600036961, 34.41918800032316], [-119.4536740003081, 34.419325000361866], [-119.4536669997371, 34.41946299983853], [-119.453751000301, 34.41960000016766], [-119.45410199993026, 34.41995099968377], [-119.45428500022835, 34.42016799973279], [-119.45433000043423, 34.420282999882176], [-119.4543150003656, 34.420435000300856], [-119.45414700013613, 34.42069799994369], [-119.45410100010537, 34.42083499973137], [-119.45412500039482, 34.42094299996832], [-119.45451299983401, 34.421414999915754], [-119.45455200019207, 34.42146499964107], [-119.4545820003293, 34.421552999648185], [-119.4545820003293, 34.42163300024791], [-119.45456700026067, 34.42174300020656], [-119.45446000013055, 34.42186199968898], [-119.45407099996814, 34.42211399964659], [-119.45378100043821, 34.42224300008084], [-119.45372000033886, 34.4222699996985], [-119.4534070003444, 34.4224909996442], [-119.45311699991616, 34.422815999810894], [-119.45300999978605, 34.42303299983443], [-119.45311799974108, 34.42347100035501], [-119.45328500014568, 34.42397500018549], [-119.45346099987277, 34.424467000265], [-119.45355999960697, 34.424788000283215], [-119.45360599963773, 34.425084999894864], [-119.45358999974418, 34.42531800010661], [-119.45355200010935, 34.425539000146145], [-119.45344599980416, 34.4258480002748], [-119.45325500000844, 34.426142000336775], [-119.45318600041149, 34.42627900009568], [-119.45317100034285, 34.426393999990424], [-119.45318600041149, 34.42648500021379], [-119.45328500014568, 34.42667199972678], [-119.4533849997048, 34.426828000165415], [-119.45342999991064, 34.42695399979415], [-119.45344599980416, 34.42702999990184], [-119.45342999991064, 34.427107000252406], [-119.45317100034285, 34.427233000201646], [-119.45282800021117, 34.42738499984058], [-119.4526669996544, 34.42749999969572], [-119.45263700041548, 34.42756799981911], [-119.45263700041548, 34.427622000052104], [-119.4526669996544, 34.42775900034937], [-119.45279700024903, 34.42789300025525], [-119.45289599998323, 34.427962000360736], [-119.4532240000463, 34.42809900010076], [-119.45333100017642, 34.42815600014825], [-119.4533920002758, 34.42822800019157], [-119.45342999991064, 34.42837299964818], [-119.45342999991064, 34.42847299963788], [-119.45342300023795, 34.42861000002234], [-119.45332399960542, 34.428750999869834], [-119.45324699961252, 34.42882699982561], [-119.45314100020565, 34.42894500004904], [-119.45285099977741, 34.429125000194524], [-119.4525610002475, 34.429277000097855], [-119.45242300015522, 34.4293619999184], [-119.45223999985713, 34.42952500028266], [-119.45211000016077, 34.42966999971222], [-119.45182099955747, 34.42978399984853], [-119.45153100002756, 34.42983000011949], [-119.45116399960645, 34.42979600024378], [-119.45070599984705, 34.42971199966356], [-119.45066099964117, 34.42970900030286], [-119.44997399955294, 34.429502999979306], [-119.4495619998243, 34.429472000080935], [-119.44925700022576, 34.429436999775476], [-119.44869999983385, 34.42946400003358], [-119.44831099967142, 34.42950600008837], [-119.44819600004368, 34.42952500028266], [-119.44745600025199, 34.429612999956234], [-119.44716599982374, 34.429701000278186], [-119.44690700025598, 34.42986899989445], [-119.44671599956196, 34.429960000039586], [-119.44654099965979, 34.42997499976091], [-119.44634200036646, 34.42993400021996], [-119.44614399999973, 34.42981099999454], [-119.44587700003603, 34.42952200017428], [-119.4456400002096, 34.42933900002781], [-119.44550299994222, 34.42925100006577], [-119.44530499957551, 34.42925100006577], [-119.4451830002751, 34.42928899982498], [-119.44471700011977, 34.42950999973968], [-119.44475499975458, 34.429926000216824], [-119.44473200018837, 34.43093300024314], [-119.44467199991395, 34.43110499992188], [-119.44460300031695, 34.43123800012868], [-119.44423699972073, 34.43154699993689], [-119.44407600006227, 34.43169599985102], [-119.44398499982569, 34.43190199995617], [-119.44407600006227, 34.43224099964611], [-119.44438200038402, 34.43256200018985], [-119.44443500008748, 34.432641999886485], [-119.4445420002176, 34.43296600035678], [-119.44459499992105, 34.43311499996386], [-119.4445570002862, 34.433302000203774], [-119.44448100011822, 34.433588000327966], [-119.44438200038402, 34.4337859998406], [-119.44426699985797, 34.43389000020495], [-119.44393100029731, 34.43399600015817], [-119.4435499996325, 34.43405299988876], [-119.44324500003395, 34.43414500015173], [-119.44313000040623, 34.4342590001116], [-119.44313000040623, 34.43447700029074], [-119.44326000010258, 34.43473600007029], [-119.44330600013332, 34.434784999758065], [-119.44341200043854, 34.434977000314184], [-119.44353499956387, 34.43532000024066], [-119.44361099973185, 34.435635999762894], [-119.4435499996325, 34.4360289998532], [-119.4436340001964, 34.43625099993002], [-119.44369500029578, 34.43642599963828], [-119.44367199983121, 34.43667000004653], [-119.44357300009702, 34.43685299969999], [-119.44332100020193, 34.437170000284794], [-119.44326000010258, 34.43727999980239], [-119.44308400037549, 34.43766999975391], [-119.44292399964361, 34.43805099996063], [-119.44289400040468, 34.43816899975596], [-119.44284099980291, 34.43823800026854], [-119.4427410002438, 34.438303000012105], [-119.44259599958053, 34.43834100010088], [-119.44238300004355, 34.438389999897474], [-119.44222300020992, 34.4384439998063], [-119.44216100028567, 34.43847399990522], [-119.44185599978881, 34.43862700001989], [-119.44174199998602, 34.438752999642475], [-119.44158200015244, 34.43923700030673], [-119.44152100005306, 34.43955000008546], [-119.44140600042535, 34.43979800016165], [-119.44138299996081, 34.439928000134564], [-119.44133000025737, 34.44012600018331], [-119.44135299982358, 34.44041199991937], [-119.44133000025737, 34.44059500026785], [-119.44112400039306, 34.44096199990849], [-119.44076500036785, 34.44135799982213], [-119.44056700000112, 34.44159499967517], [-119.44047499993961, 34.44172499981546], [-119.44041399984025, 34.4418420002133], [-119.44044499980238, 34.44209399994375], [-119.44057399967383, 34.44247600010832], [-119.44057399967383, 34.442723999648585], [-119.44052099997037, 34.44297599968199], [-119.44044499980238, 34.443203999798094], [-119.44038399970303, 34.44347499985127], [-119.44040700016755, 34.44352499971583], [-119.44044499980238, 34.44360500002952], [-119.44078000043645, 34.44387600026357], [-119.44103999982913, 34.44402900011679], [-119.4411999996627, 34.44414999994272], [-119.44129199972423, 34.44423400008618], [-119.44132199986144, 34.4443369999351], [-119.44131500018875, 34.44444799975243], [-119.4412769996556, 34.44478699966288], [-119.44124599969346, 34.44490599967458], [-119.44121499973133, 34.44506599980288], [-119.4411999996627, 34.445141999737906], [-119.44122300012725, 34.44528000030103], [-119.44123099962485, 34.44538300034192], [-119.4411999996627, 34.44569100035373], [-119.44122300012725, 34.446102999950625], [-119.44125400008939, 34.446366999659794], [-119.44133000025737, 34.44652299963449], [-119.44143700038748, 34.44692400023181], [-119.4414669996264, 34.44715199994392], [-119.44147500002232, 34.44730100018307], [-119.44147500002232, 34.447788999737014], [-119.44149000009092, 34.44791500035795], [-119.44159700022107, 34.44801800011293], [-119.44168099988664, 34.44813699996661], [-119.4418330002226, 34.44822399998265], [-119.44211600007984, 34.448301000065975], [-119.44230699987554, 34.448369000301895], [-119.44258100041024, 34.448490999823726], [-119.44275700013733, 34.44857500004671], [-119.44282499990939, 34.448639999896685], [-119.44303099977373, 34.44889199986267], [-119.44321400007182, 34.449311000292454], [-119.44322199956945, 34.449338000055356], [-119.44329100006472, 34.449525000286265], [-119.44329100006472, 34.44962400010827], [-119.44326000010258, 34.44973899973177], [-119.44290199990229, 34.44992199965001], [-119.44268000014443, 34.450024999893145], [-119.4424669997091, 34.45019600023921], [-119.44241300018075, 34.45037899989693], [-119.44249699984634, 34.45078399987527], [-119.44247400028013, 34.450916999871424], [-119.44245099981558, 34.45100499998086], [-119.44241300018075, 34.451078000363154], [-119.44233700001276, 34.45113899964944], [-119.44199399988109, 34.451223000172334], [-119.44177999962083, 34.451309999937], [-119.44168099988664, 34.45142100011823], [-119.44160499971866, 34.451612000204854], [-119.44161200028967, 34.45173000010596], [-119.44158200015244, 34.45186700013985], [-119.44174199998602, 34.452318000053424], [-119.4418950001469, 34.45254299983382], [-119.44204699958455, 34.45279399987111], [-119.44209299961528, 34.45314199998808], [-119.44207000004907, 34.453454000264884], [-119.44202400001834, 34.453701999805354], [-119.44195600024625, 34.453892999860415], [-119.44199300005617, 34.45424699976523], [-119.44213000032353, 34.45443800005526], [-119.4421910004229, 34.45467399985284], [-119.4422680004158, 34.45523099984097], [-119.44222999988264, 34.45579900021303], [-119.44222200038503, 34.45591000035346], [-119.44222900005772, 34.45707899979279], [-119.44226900024071, 34.46394900029039], [-119.44227400026358, 34.46493599966537], [-119.44227799956322, 34.465508999934244], [-119.4423539997312, 34.478292000253816], [-119.4423539997312, 34.489190000161145], [-119.4423539997312, 34.49094999965019], [-119.4423539997312, 34.49099199988258], [-119.4423539997312, 34.491117000166945], [-119.4423539997312, 34.49643200026679], [-119.4423539997312, 34.49995400027466], [-119.4423539997312, 34.49999199969633], [-119.4423400003858, 34.502889999786795], [-119.44233799983768, 34.50344999967272], [-119.44233799983768, 34.50398200026225], [-119.44233500036293, 34.504072000204324], [-119.44233199998988, 34.50475300036704], [-119.44232699996701, 34.50575800020661], [-119.44231199989841, 34.50895500024834], [-119.44230500022572, 34.51039400013737], [-119.44228500013422, 34.51460099985747], [-119.44225400017208, 34.52109099999705], [-119.44225400017208, 34.5211519999121], [-119.44225400017208, 34.52119499965549], [-119.44225400017208, 34.521227000207496], [-119.4422559998219, 34.52166500005101], [-119.4422559998219, 34.52194900032738], [-119.44225699964683, 34.522180999730395], [-119.44227000006562, 34.52771899967629], [-119.44227500008849, 34.52954599985378], [-119.44230699987554, 34.542459000303786], [-119.44231899957109, 34.54725799971516], [-119.44232600014209, 34.55004699983771], [-119.44233299981481, 34.553102999855795], [-119.44235100025647, 34.56041899970446], [-119.4423529999063, 34.56110100024553], [-119.4423539997312, 34.56168899993496], [-119.44236700014999, 34.5672220001172], [-119.4423749996476, 34.57053800004292], [-119.44238600041658, 34.57491800005925], [-119.4424020003101, 34.58123100025283], [-119.44240399995991, 34.5818690000961], [-119.44240499978483, 34.58220000032021], [-119.44240499978483, 34.58234499989817], [-119.44240499978483, 34.58246999991782], [-119.4424170003787, 34.58750400031424], [-119.44242200040158, 34.58957000035212], [-119.44228599995914, 34.60433000017355], [-119.44229299963183, 34.605481000343666], [-119.44229400035506, 34.60564600034406], [-119.44230000020285, 34.606599999847035], [-119.44230900042366, 34.608074999929734], [-119.44231400044654, 34.60887000031026], [-119.44231600009635, 34.609080000353465], [-119.44232600014209, 34.610849000304576], [-119.44234200003565, 34.612759999817754], [-119.44234899970833, 34.614547000357796], [-119.44235200008139, 34.61501999988091], [-119.4423539997312, 34.615356000236794], [-119.44237700019572, 34.61898400017893], [-119.44238300004355, 34.61995699986116], [-119.44238600041658, 34.62055900007389], [-119.44242400005139, 34.62673900031316], [-119.44243400009715, 34.62831500023906], [-119.44243699957188, 34.62876799966491], [-119.44244400014288, 34.629982999769666], [-119.44244800034083, 34.63062400016455], [-119.44245099981558, 34.63103499977336], [-119.44245599983847, 34.63182999977719], [-119.44246199968623, 34.63280499974234], [-119.44253399965626, 34.64450499966941], [-119.44253700002932, 34.64491799979715], [-119.442551000273, 34.64727699971079], [-119.4425579999457, 34.64845799980306], [-119.44257800003719, 34.65168799976559], [-119.44259099955767, 34.65368299974774], [-119.44259099955767, 34.653719000282], [-119.4425920002809, 34.65387999972958], [-119.44259300010579, 34.654163000166996], [-119.44260300015156, 34.65557900020914], [-119.44264800035738, 34.66291399993162], [-119.44266900027377, 34.666326000183474], [-119.44272899964993, 34.676019000248395], [-119.44277200020593, 34.68312899991273], [-119.44282400008447, 34.69148099976135], [-119.44284599982579, 34.695053999723264], [-119.44286500009237, 34.698125999741485], [-119.4428679995671, 34.69862899980642], [-119.44293799988729, 34.70990700002667], [-119.44294600028321, 34.711322999673754], [-119.44301400005527, 34.72223199980062], [-119.44303699962148, 34.7260250003385], [-119.44308500020038, 34.733263999804464], [-119.443212000422, 34.73819999984052], [-119.4433959996467, 34.74538900017232], [-119.44345199972318, 34.74761100033827], [-119.44358999981544, 34.752944000294534], [-119.44364699971688, 34.755247999910885], [-119.44383900023581, 34.762736999850915], [-119.44383300038801, 34.76440299998595], [-119.44383300038801, 34.76784599978868], [-119.44383300038801, 34.768589000136], [-119.44383099983989, 34.77045200020188], [-119.44382199961905, 34.77839799967426], [-119.44382199961905, 34.77850299999159], [-119.44382099979414, 34.77913299982702], [-119.44381900014433, 34.78116500008391], [-119.44381800031941, 34.78211799971949], [-119.44381400012144, 34.78589799997286], [-119.44381300029652, 34.786533999699714], [-119.4438119995733, 34.78731000019456], [-119.4438119995733, 34.78746200018171], [-119.4438119995733, 34.78769999998723], [-119.44380999992349, 34.78933000025175], [-119.44380900009857, 34.78980200016098], [-119.44380800027368, 34.79102599969355], [-119.44380700044876, 34.79150899973223], [-119.44380599972551, 34.792788000139666], [-119.44380300025081, 34.796399999949266], [-119.44379900005283, 34.80002799976654], [-119.44379700040301, 34.8018419999213], [-119.44379499985489, 34.80370099984887], [-119.44379099965691, 34.8072380003066], [-119.44378599963404, 34.80990399980987], [-119.44378700035725, 34.81077000029154], [-119.44378599963404, 34.81197399980485], [-119.44378099961116, 34.81649300026471], [-119.44377899996135, 34.81723399966108], [-119.44377800013643, 34.81954299996569], [-119.44377499976338, 34.822525000143614], [-119.44377099956543, 34.82613200016459], [-119.44376899991559, 34.82751400016686], [-119.44376700026578, 34.83008400020368], [-119.4437630000678, 34.833079000258145], [-119.44375800004495, 34.83750599984367], [-119.44375700022003, 34.83890100003681], [-119.44375100037225, 34.84375700029779], [-119.44374999964901, 34.845119000077375], [-119.4437470001743, 34.84790500023273], [-119.44374499962615, 34.849865000203614], [-119.44374100032651, 34.8531590002388], [-119.44373799995346, 34.85612000014219], [-119.44373600030364, 34.8582360000828], [-119.4437349995804, 34.859148000281664], [-119.44373200010567, 34.86234500028564], [-119.44372000041011, 34.87288500016302], [-119.44371200001419, 34.878196000367765], [-119.44371000036438, 34.88225799990931], [-119.44370899964115, 34.883351999800816], [-119.44370799981621, 34.88410699971245], [-119.44370799981621, 34.884262000061106], [-119.44370699999132, 34.88459899964862], [-119.44370600016643, 34.8856859996715], [-119.44370600016643, 34.885789999636586], [-119.44370500034151, 34.88626799986655], [-119.44370500034151, 34.88647199990126], [-119.44370399961826, 34.88722799981832], [-119.44370199996843, 34.88961600005941], [-119.44370000031864, 34.892069000036415], [-119.44369699994559, 34.894717999690336], [-119.44369500029578, 34.89592099975121], [-119.4436910000978, 34.89934899975561], [-119.4436910000978, 34.90117100006836], [-119.45391299978438, 34.901236999820895], [-119.45486400036158, 34.9012429998627], [-119.46284700040648, 34.90130499977835], [-119.47249400015782, 34.901377999951656], [-119.47248900013494, 34.901174999853964], [-119.47372000019632, 34.90117400009176], [-119.4751689998176, 34.90117600035287], [-119.47518100041148, 34.90117600035287], [-119.47519399993196, 34.90117600035287], [-119.47522099969615, 34.90117600035287], [-119.47527099992486, 34.90117600035287], [-119.47536100033652, 34.90117600035287], [-119.47551000029945, 34.90117600035287], [-119.47572200001156, 34.90117600035287], [-119.47596999970868, 34.90117600035287], [-119.47620099968738, 34.90117600035287], [-119.47661699961397, 34.90117600035287], [-119.47758200043488, 34.90117700011504], [-119.4808770002358, 34.90117600035287], [-119.4903549999327, 34.90117400009176], [-119.49036599980336, 34.90076799985949], [-119.49045500039013, 34.89747500000933], [-119.49099000014243, 34.897489000256336], [-119.4925919999246, 34.89753100024642], [-119.49312599985198, 34.89754499974714], [-119.49361600029675, 34.89755599982683], [-119.4950850000095, 34.89758699970852], [-119.49557399973102, 34.897596999976834], [-119.49665099980663, 34.89763499995389], [-119.49707500012916, 34.89764999997879], [-119.49819400003756, 34.897688999735905], [-119.4998800003836, 34.897747999975614], [-119.500955999736, 34.8977850000794], [-119.50103399955377, 34.8978030002234], [-119.50111499974464, 34.89782100036344], [-119.50113800020917, 34.89782600011517], [-119.50115400010272, 34.897830000063614], [-119.50126600025571, 34.89785500028981], [-119.50134300024861, 34.89787299968168], [-119.50172800021305, 34.897868999735316], [-119.50288099955833, 34.897859000236856], [-119.5032649996979, 34.89785600009237], [-119.50341600020892, 34.89785500028981], [-119.50364299998967, 34.89785299994783], [-119.50386899994547, 34.89785100034253], [-119.50401999955822, 34.89784999980313], [-119.5040680001371, 34.89784800019775], [-119.50421000042732, 34.89784400025017], [-119.50425700028298, 34.897842999710626], [-119.50448300023878, 34.89784199990791], [-119.50516000028134, 34.89783899976281], [-119.50538500041222, 34.89783799995999], [-119.50724599976213, 34.89781999982367], [-119.51282899960852, 34.897767999735095], [-119.51468900003186, 34.89775100012405], [-119.51525800011933, 34.89775599988003], [-119.51548999992292, 34.897758000224385], [-119.51696200000875, 34.89774400002318], [-119.51753000027131, 34.89773900026651], [-119.51841400000306, 34.897731000360494], [-119.52013399978597, 34.89771400000501], [-119.52059200044371, 34.89771000005091], [-119.52106400044681, 34.89770500029212], [-119.52108000034033, 34.89770500029212], [-119.52194700035366, 34.897696999646065], [-119.52250899987013, 34.89768399997589], [-119.52390399996304, 34.89767799967409], [-119.5241059996294, 34.89767600006452], [-119.52412099969803, 34.89767600006452], [-119.52414400016255, 34.89767500025971], [-119.52415500003322, 34.89767500025971], [-119.52418400034553, 34.89767500025971], [-119.52475500008283, 34.89766999976207], [-119.52484600031946, 34.897668000152365], [-119.52511900013091, 34.89766400019602], [-119.52520899964429, 34.89766299965429], [-119.52538100007173, 34.89766100004441], [-119.5258949999076, 34.89765700008767], [-119.52606599961186, 34.897656000282645], [-119.5272940001985, 34.89764600002152], [-119.53097800016182, 34.89761800031537], [-119.53220500002524, 34.89760899985518], [-119.53291600040296, 34.897603000284626], [-119.53396900018912, 34.89759300001705], [-119.53462600014014, 34.89758699970852], [-119.53471800020165, 34.897585999902695], [-119.53473999994296, 34.897585999902695], [-119.53475599983649, 34.897585999902695], [-119.53476699970714, 34.897585000096804], [-119.53479400036963, 34.897585000096804], [-119.53488499970791, 34.8975840002909], [-119.53492999991377, 34.8975840002909], [-119.53504700008962, 34.89758299974824], [-119.5357569997441, 34.89757599963299], [-119.53580000030011, 34.89760499989596], [-119.53586399987422, 34.8976479996318], [-119.53592999999644, 34.89769199988648], [-119.53597199982923, 34.89772000030425], [-119.53605700021805, 34.89777599963751], [-119.53614799955633, 34.89784400025017], [-119.53645700025116, 34.898075999836365], [-119.53655699981026, 34.898075999836365], [-119.53668499985676, 34.898174999860444], [-119.5368549997361, 34.89830699970696], [-119.53742899984644, 34.89875300009726], [-119.53745700033387, 34.898774999931604], [-119.53855799980059, 34.899474999755064], [-119.53920100040621, 34.90001100024745], [-119.53975799989983, 34.900474999784244], [-119.54034700007881, 34.90086800008848], [-119.54095799999908, 34.9012750003241], [-119.54205799964089, 34.90197500020582], [-119.542128999786, 34.90201900035272], [-119.54272800001073, 34.90239400002854], [-119.54285799970705, 34.90247500015208], [-119.54299199960136, 34.90255300022287], [-119.54339199963444, 34.90278699999067], [-119.54379199966752, 34.90302000008873], [-119.5440579998063, 34.90317500011978], [-119.5442279996856, 34.903298999934016], [-119.54448299995376, 34.90348400030692], [-119.54473800022187, 34.90366999999488], [-119.5449080001012, 34.903793000068106], [-119.54515800034643, 34.903975000143895], [-119.54555400018157, 34.904290999811224], [-119.54615800042916, 34.9047749997417], [-119.54705800005443, 34.90537500021912], [-119.54756500021763, 34.90567900022173], [-119.54805800013712, 34.90597499999591], [-119.5482670003745, 34.90609400001755], [-119.54851500007162, 34.90623600035014], [-119.54875799974585, 34.906374999867154], [-119.54922599955101, 34.906709999972854], [-119.54945800025293, 34.90687599997401], [-119.55045800033561, 34.90747500014785], [-119.55205799956961, 34.90847500000489], [-119.55217800011854, 34.90853500027201], [-119.55385799971852, 34.909375000144706], [-119.55545799985084, 34.91037499969734], [-119.55655800039098, 34.91087500006272], [-119.55785800004934, 34.91147500016495], [-119.55925800016512, 34.91227500035531], [-119.56055500034874, 34.91310800000342], [-119.56065800028091, 34.913175000090675], [-119.56175799992272, 34.91407500027191], [-119.56295800002196, 34.91467499982171], [-119.56295800002196, 34.914775000056906], [-119.56315800003851, 34.914775000056906], [-119.56334600035949, 34.91485799968081], [-119.56394600040909, 34.915158999680735], [-119.56629300000584, 34.916339000258446], [-119.56707499963035, 34.91673199977017], [-119.56733999994421, 34.916865999867035], [-119.56735900021079, 34.916874999689796], [-119.56814699968305, 34.917238999633305], [-119.56841600019489, 34.91736300030578], [-119.56865899986914, 34.91747500013443], [-119.5687479995576, 34.91751900007788], [-119.56973199974678, 34.91801100024996], [-119.57005899998494, 34.91817499965196], [-119.57145900010072, 34.91877500016907], [-119.5715910003452, 34.91883500027417], [-119.57255899974254, 34.91927500019566], [-119.57355899982524, 34.91967500008628], [-119.5748590003819, 34.92027499994962], [-119.57615900004028, 34.920874999845914], [-119.57705899966555, 34.92137500033701], [-119.57765500041553, 34.92160399971711], [-119.57835900022222, 34.92187499999138], [-119.57848700026875, 34.9219480002901], [-119.57905899983096, 34.92227499973126], [-119.57985899989713, 34.92277499979464], [-119.5805590004042, 34.923374999826684], [-119.580709000192, 34.92347499977378], [-119.58145900002947, 34.923974999890994], [-119.58215699998837, 34.9244989999085], [-119.5822590000956, 34.92457499998745], [-119.58295899970435, 34.92507500003083], [-119.58385900022796, 34.9256750001858], [-119.58430600011668, 34.92599400014389], [-119.5845589998367, 34.9261750001551], [-119.58500800027358, 34.92651200012133], [-119.58521699961261, 34.92666800017903], [-119.58535899990284, 34.92677500036819], [-119.58584799962439, 34.92712400006348], [-119.58605900040992, 34.927275000262924], [-119.58655900000208, 34.92787499979719], [-119.58659300033729, 34.92791900005678], [-119.58725899961084, 34.92877500007774], [-119.58815900013444, 34.92967500006002], [-119.58826799991436, 34.929784000310704], [-119.58885999956807, 34.930375000094315], [-119.58921600011854, 34.93083099999711], [-119.58956199972494, 34.931275000199776], [-119.59024999963812, 34.93222099967326], [-119.59036299961602, 34.93237599980419], [-119.59059699996774, 34.932682000200515], [-119.59075699980133, 34.93289700033055], [-119.59097699990936, 34.93319299990617], [-119.59103499963567, 34.93327100024852], [-119.59106999979575, 34.93331800014515], [-119.59108599968931, 34.933340000291224], [-119.59110400013094, 34.933363999908245], [-119.59111199962855, 34.93337400023757], [-119.59118699997163, 34.933474999886755], [-119.59123600037542, 34.933541000180966], [-119.59127400001027, 34.933592000338436], [-119.59139799985883, 34.933752999963254], [-119.591472000377, 34.93384900011525], [-119.5916139997689, 34.93403600032648], [-119.59169199958669, 34.93413799999419], [-119.59176500027993, 34.93423300033601], [-119.5919600002736, 34.93447699984143], [-119.59230599988003, 34.93489099976842], [-119.5924599998658, 34.93507599964201], [-119.59305999991543, 34.93547599983307], [-119.5937600004225, 34.93597599972219], [-119.59436100029701, 34.93639200032347], [-119.59506000008084, 34.936875000173224], [-119.59646000019661, 34.9380750002404], [-119.59714100043712, 34.938513000000285], [-119.59786000031241, 34.938974999814796], [-119.59875999993768, 34.93957499993539], [-119.59956000000388, 34.940175000084686], [-119.60065999964566, 34.940875000356414], [-119.6016599997284, 34.94157499980771], [-119.60256000025198, 34.94217500005186], [-119.60356000033467, 34.94297499993031], [-119.60366800028973, 34.94305299980641], [-119.6046599999765, 34.943775000103926], [-119.60575999961833, 34.94447499983619], [-119.60585900025083, 34.94454400002588], [-119.60621300025318, 34.94479199965206], [-119.60675999970103, 34.945175000219805], [-119.6072509999707, 34.94556800005], [-119.60758700042969, 34.94583700004515], [-119.60775999978374, 34.94597500028323], [-119.60785799969302, 34.9460489997069], [-119.6082719999698, 34.946358999691235], [-119.6086850004217, 34.94666899997612], [-119.60895999988298, 34.946875000044535], [-119.60959500009271, 34.947283000353714], [-119.61035999999876, 34.94777500023507], [-119.6115170004403, 34.948481999881515], [-119.61216000014764, 34.94887500005939], [-119.61269599972485, 34.94923200001567], [-119.61310400015385, 34.94950199968021], [-119.61345099958517, 34.94965599964153], [-119.61501999975536, 34.95035099973615], [-119.61606099984594, 34.950574999741065], [-119.6168609999121, 34.950574999741065], [-119.61781300031423, 34.95048799984145], [-119.61796099955393, 34.95047499969615], [-119.61896099963663, 34.9502749999767], [-119.61929399972254, 34.95019200010079], [-119.61952499970126, 34.95013399990699], [-119.61976099970279, 34.95007499976932], [-119.6202260000332, 34.950009000263826], [-119.62046100020984, 34.94997499985076], [-119.62048700014911, 34.94996899968981], [-119.62052399995903, 34.9499609997199], [-119.62056300031712, 34.94995299974926], [-119.62058800043145, 34.949947000322965], [-119.62122100009303, 34.9498059996891], [-119.62136099983512, 34.949774999647786], [-119.62286100040834, 34.949474999901085], [-119.62312800037203, 34.9494160000254], [-119.62376100003361, 34.9492749999509], [-119.62398299979147, 34.94924399970875], [-119.62419500040188, 34.949222000147344], [-119.62422600036402, 34.94921599993128], [-119.62432500009822, 34.949198000016686], [-119.62438399964944, 34.94918700023055], [-119.62446099964235, 34.94917499979282], [-119.62476100011631, 34.94917499979282], [-119.62508400015649, 34.949229000276176], [-119.62536100016597, 34.9492749999509], [-119.62546099972505, 34.94937499998695], [-119.62576100019902, 34.949474999901085], [-119.62576100019902, 34.94957499969317], [-119.62596100021555, 34.94957499969317], [-119.62863199967738, 34.95086099990302], [-119.62983400032476, 34.95144000011875], [-119.63062000014725, 34.95181900029241], [-119.63179900033009, 34.95238599966421], [-119.63297799961462, 34.952954000135804], [-119.63376400033542, 34.953332999935995], [-119.63384700017609, 34.953374000203695], [-119.63397000019975, 34.9534340000377], [-119.63409400004828, 34.95349499968896], [-119.63416500019339, 34.95353199969668], [-119.63418299973674, 34.95354699981445], [-119.6343130003314, 34.95360399994246], [-119.63438100010346, 34.95363800032286], [-119.63439500034715, 34.95364500007461], [-119.63442200011133, 34.95365799971718], [-119.63451300034795, 34.95370299999311], [-119.63472400023515, 34.95380699994723], [-119.63486099960416, 34.9538749997893], [-119.6352980003455, 34.9538610003245], [-119.63541700017117, 34.9538570001614], [-119.6358980003951, 34.953842000100366], [-119.6366089998745, 34.953820000300404], [-119.6370459997175, 34.95380600008992], [-119.63742700038232, 34.953794000328344], [-119.6380430003255, 34.95377400023093], [-119.63809500020402, 34.9537719997792], [-119.63814299988458, 34.9537709999214], [-119.63818399989248, 34.953770000063656], [-119.63823900014405, 34.953768000348056], [-119.63857100040508, 34.953756999702556], [-119.63895200017159, 34.95374499993381], [-119.63914600034036, 34.95373900004881], [-119.63924800044758, 34.953735999737994], [-119.63945900033478, 34.953728999994034], [-119.63972600029848, 34.953719999796405], [-119.63976499975823, 34.95371899993797], [-119.63991899974403, 34.95371399990952], [-119.64078800030546, 34.9536860001863], [-119.64339299964507, 34.95360300008267], [-119.64426200020652, 34.953575000321486], [-119.6444370001087, 34.953664000344396], [-119.64460100014024, 34.95374800024429], [-119.64491099976162, 34.95400900033069], [-119.64494099989884, 34.95403399964368], [-119.64498799975452, 34.954182999926516], [-119.64529800027424, 34.95511699990719], [-119.64579700004151, 34.95573299999783], [-119.64671000008558, 34.956860000094075], [-119.64786099978103, 34.957700999823544], [-119.6499839999701, 34.9589240003443], [-119.65044099990459, 34.959188000256454], [-119.65161500006457, 34.959608999823736], [-119.65197499991467, 34.959739999734055], [-119.6525049996441, 34.959932000185255], [-119.65290200020245, 34.96035899974858], [-119.65316199959513, 34.96063900025785], [-119.65319500010538, 34.96070100020965], [-119.65329300001468, 34.96088200019255], [-119.65332599962666, 34.96094300019026], [-119.65357300039717, 34.96146500008792], [-119.65407600036242, 34.96252599966342], [-119.65442699999168, 34.962957999898606], [-119.65468200025981, 34.96327199968999], [-119.65481199995617, 34.963384999890174], [-119.65528200030946, 34.963800999831534], [-119.65605999973599, 34.96412600006463], [-119.65683800006084, 34.96445099974476], [-119.65883900005117, 34.96541099973236], [-119.65997999970085, 34.966126000247705], [-119.66122599983086, 34.96690700035113], [-119.66242299955707, 34.96807500016977], [-119.66426899973669, 34.969876000308886], [-119.66653099984292, 34.97078100015131], [-119.66808300029466, 34.97140100031572], [-119.66855399957456, 34.971592000301825], [-119.66996600028422, 34.972162999793525], [-119.6704359997392, 34.972352999844], [-119.67077399984798, 34.97248900034559], [-119.67178700034948, 34.97289899974437], [-119.67207500022958, 34.97301500025748], [-119.67212399973506, 34.97303399971664], [-119.67229199996454, 34.973101999798395], [-119.67254399985961, 34.97320499980381], [-119.6727060002413, 34.973270999767806], [-119.67279499992979, 34.97330700006038], [-119.67296300015927, 34.97337499991543], [-119.6730629997184, 34.97337499991543], [-119.67316300017582, 34.973474999989435], [-119.67319300031303, 34.97348299987232], [-119.6735630002089, 34.973574999941405], [-119.67399400020415, 34.973513000162214], [-119.67426299981763, 34.973474999989435], [-119.67486200004237, 34.973249999651216], [-119.67506299988382, 34.97317500013722], [-119.67616300042393, 34.97277499985184], [-119.67666200019123, 34.97259300001389], [-119.67726300006578, 34.97237499982138], [-119.67744100034099, 34.97229699987489], [-119.67797000024551, 34.97206500033128], [-119.67814699979749, 34.97198799972514], [-119.67862399982349, 34.9717749997937], [-119.67875500024307, 34.971774000155555], [-119.6805339995772, 34.97176499973144], [-119.68071400040058, 34.97176400009322], [-119.68108699977115, 34.971762000080595], [-119.68136600032874, 34.971778000180194], [-119.68268199988061, 34.97189699971855], [-119.68456400004526, 34.972067999971024], [-119.68658199975401, 34.972537000208916], [-119.68672599969408, 34.97256999973055], [-119.68788399996049, 34.972750999993394], [-119.68971099987355, 34.973019000221456], [-119.69097100024727, 34.97320400018317], [-119.69321699956166, 34.97370600034148], [-119.69506000026657, 34.974383999715535], [-119.69679299956996, 34.97502099964415], [-119.69721799971738, 34.975210000093576], [-119.69849300015971, 34.975777000297136], [-119.69891699958393, 34.97596500015107], [-119.69912099979842, 34.976050999916914], [-119.69973000006888, 34.97630999972747], [-119.69993199973524, 34.97639599986713], [-119.70046300018788, 34.97663000028634], [-119.70056399957193, 34.97667400014581], [-119.70217499957491, 34.9764250002448], [-119.70274799986035, 34.97633700023467], [-119.7028850001277, 34.97631800006954], [-119.70322200041159, 34.97627299969954], [-119.70329600003144, 34.97626199986704], [-119.70343199957556, 34.97624099978125], [-119.70443900022926, 34.97608800004514], [-119.70745899967055, 34.975628999857925], [-119.70846499960105, 34.97547599971461], [-119.70855599983764, 34.97544899965965], [-119.70865000044728, 34.97542200033189], [-119.7087009996026, 34.975406999801834], [-119.70871599967123, 34.97540299995442], [-119.70874099978558, 34.975395000259056], [-119.70875800040231, 34.97539000008108], [-119.70882799982421, 34.97537000010199], [-119.70887200020513, 34.975357000223404], [-119.70891599968775, 34.97533700023626], [-119.70926200019248, 34.97518299995093], [-119.70934599985806, 34.97514499981685], [-119.71043600035246, 34.97465800031513], [-119.71063399982087, 34.974569999878604], [-119.7110170001355, 34.97439899969685], [-119.71106399999115, 34.974381000160605], [-119.7112070001063, 34.974327999662854], [-119.71122100035001, 34.97432300015577], [-119.71163399990357, 34.974169999781], [-119.7117760001938, 34.97411699988282], [-119.71179200008731, 34.97410300019564], [-119.71180499960779, 34.97410599976075], [-119.7118199996764, 34.97409999989432], [-119.7118409995928, 34.974092000071686], [-119.71185099963853, 34.974088000160116], [-119.71187400010307, 34.97407899999026], [-119.71213299967084, 34.97397800030634], [-119.71290699979774, 34.97367699973715], [-119.71316500043892, 34.97357600029362], [-119.71366500003111, 34.97337600027009], [-119.71397899985048, 34.97323999976908], [-119.71640199961519, 34.97219200019778], [-119.71721000007727, 34.971843000184535], [-119.71724100003942, 34.97182900010867], [-119.71731899985723, 34.971796000288464], [-119.71733499975072, 34.97178899987879], [-119.71736499988796, 34.9717760001679], [-119.71746500034538, 34.971676000227966], [-119.71856499998721, 34.97147599998187], [-119.71932599969531, 34.97161399974749], [-119.71966600035226, 34.971676000227966], [-119.72076599999407, 34.972075999991326], [-119.7218659996359, 34.97257599970912], [-119.72286700044184, 34.972976999853664], [-119.72376700006711, 34.97327699969498], [-119.72436700011673, 34.97347699996025], [-119.72466699969239, 34.97357699990977], [-119.72494799989978, 34.97385700014937], [-119.72536800002433, 34.97427699981813], [-119.72586799961655, 34.97487699992033], [-119.72623500003766, 34.97542200033189], [-119.72648199990986, 34.975709000228015], [-119.72671299988853, 34.97597799993314], [-119.72700499996658, 34.9761320001958], [-119.7274209998932, 34.97597200020384], [-119.7277210003672, 34.975738999702564], [-119.72794399994994, 34.97556399991378], [-119.72812600042312, 34.97541999967248], [-119.72840000005951, 34.97524300001048], [-119.72849899979371, 34.97517900009264], [-119.72854399999957, 34.975150000009855], [-119.72858199963439, 34.97512499977795], [-119.72860500009891, 34.975109999929586], [-119.72862699984023, 34.97509599967609], [-119.72864500028189, 34.975084000087826], [-119.728708999856, 34.97504299964103], [-119.72888299993328, 34.97493099966244], [-119.72908700014777, 34.9748019996879], [-119.72932999982201, 34.97464900020791], [-119.72976199964214, 34.974580999938354], [-119.73000000019184, 34.97454399986536], [-119.73849100022484, 34.97334199998201], [-119.7399249997775, 34.97309999981844], [-119.74006700006773, 34.97307600005527], [-119.74202200002729, 34.973289000284105], [-119.74556600024854, 34.97367600012228], [-119.74806199980817, 34.97486799983718], [-119.74996599971414, 34.975777000297136], [-119.75002500016369, 34.97583899983466], [-119.75020500008873, 34.97602799986854], [-119.75026600018809, 34.97609100027365], [-119.75096599979683, 34.977059000299825], [-119.75100799962962, 34.97709099989851], [-119.75154400010514, 34.97750200011887], [-119.75212200041346, 34.97801100031047], [-119.75293900019805, 34.97873500018095], [-119.75397100006782, 34.979359999692406], [-119.7550389999226, 34.98000699972152], [-119.7551379996568, 34.98003399974587], [-119.75523100044154, 34.980058999951304], [-119.75529500001562, 34.98007600017493], [-119.75539700012287, 34.98010399971298], [-119.75543399993279, 34.980114000229136], [-119.75549900023013, 34.980131999977495], [-119.75553199984209, 34.98014100021821], [-119.75557299984996, 34.98015200026569], [-119.75613100006682, 34.980231999897676], [-119.75706500002725, 34.98046399986046], [-119.75807199978267, 34.980714000258395], [-119.75813500043017, 34.980723999964006], [-119.75865599993877, 34.98079299981326], [-119.76104500026659, 34.981086999639295], [-119.7613209995528, 34.98112099965624], [-119.76168600032412, 34.98125900009957], [-119.76315099983893, 34.981814999817615], [-119.76381100016297, 34.98206600001945], [-119.76385899984356, 34.982084000074764], [-119.76569699962728, 34.9830299998649], [-119.76632400033938, 34.98335299988733], [-119.76676500038036, 34.98358000016147], [-119.76689699972653, 34.983695000037464], [-119.76823699956783, 34.984852999725945], [-119.76843999995742, 34.984976999731046], [-119.76901200041796, 34.98532699991943], [-119.77065900040596, 34.986310999897434], [-119.77150100030494, 34.986734999754354], [-119.7738930001075, 34.987940000092564], [-119.7756539998983, 34.98880400032444], [-119.7793079997244, 34.99028499977619], [-119.78040200041674, 34.99072900030506], [-119.7819129999623, 34.990724999734226], [-119.78202799959004, 34.99060199974825], [-119.78235599965309, 34.99028800022043], [-119.78238099976747, 34.99026400034295], [-119.78340599996451, 34.98942099972059], [-119.78375599976889, 34.98913299988341], [-119.78426899977987, 34.98867799989264], [-119.78516099990753, 34.988418000024076], [-119.78565600037518, 34.98827300013504], [-119.78720799992864, 34.98816800033415], [-119.78761899983235, 34.988266999834615], [-119.78929199975963, 34.98867000002224], [-119.78985599982423, 34.988950000173375], [-119.79085500008203, 34.9894449998453], [-119.79097700028075, 34.98950499975824], [-119.79099900002207, 34.98951600001962], [-119.79130199997077, 34.98966599995743], [-119.79153899979724, 34.9897649998541], [-119.79224699980188, 34.99006200029766], [-119.79248199997855, 34.9901600003017], [-119.7924939996741, 34.990165000313816], [-119.79252700018436, 34.99017900019883], [-119.79253700023013, 34.99018300006039], [-119.79256200034447, 34.99019400023066], [-119.79303400034756, 34.990390999952204], [-119.79359300038931, 34.99062399997476], [-119.79440400032614, 34.991073000093316], [-119.79461699986315, 34.991190000021255], [-119.7946699995666, 34.99121900031092], [-119.79469499968097, 34.99123300001566], [-119.79470899992465, 34.991240999635586], [-119.7947469995595, 34.991262000290085], [-119.79484700001693, 34.99131699966576], [-119.79492700038286, 34.991361999863344], [-119.79493999990335, 34.99136900007177], [-119.79507999964544, 34.99144600011695], [-119.79523000033156, 34.99150100010489], [-119.79526499959336, 34.99151400036427], [-119.79527600036232, 34.991518000160596], [-119.79532900006575, 34.991536999742465], [-119.79664999964054, 34.99202100003773], [-119.79727599962942, 34.99225100019963], [-119.79899700013557, 34.993249000205594], [-119.79986400014887, 34.9945500000281], [-119.80036700011415, 34.99530499984642], [-119.80056200010782, 34.99576500020051], [-119.8007670001472, 34.99625200000386], [-119.80081200035308, 34.997154999637665], [-119.80085400018586, 34.997493000021464], [-119.80102499989009, 34.99885899997828], [-119.8014330003191, 34.998857999934884], [-119.80163599981034, 34.99862299971246], [-119.80269399961936, 34.99778400004786], [-119.80387799982509, 34.99761299977843], [-119.80450600036211, 34.997860999944955], [-119.80539199974369, 34.99821000018509], [-119.80598299957248, 34.99877800010715], [-119.80599900036432, 34.99879400007895], [-119.80604899969472, 34.99884300001918], [-119.80605100024287, 34.99885599984819], [-119.80626100030516, 34.99900600032988], [-119.8063990003974, 34.99910499996737], [-119.80663799987371, 34.99927600006251], [-119.8067090000188, 34.99932699978929], [-119.80675699969937, 34.999361000325415], [-119.80676699974514, 34.999367999849675], [-119.80678699983662, 34.99938199963223], [-119.80688999976879, 34.99945600012517], [-119.80700100009685, 34.999534999990885], [-119.80710700040208, 34.9995959999002], [-119.80724499959602, 34.999672000266415], [-119.80765899987281, 34.99990000020575], [-119.80779799978998, 34.99997600028967], [-119.80818399957937, 35.00035699967533], [-119.80934299967072, 35.00149999969754], [-119.80973000018332, 35.001881000081276], [-119.80981800004689, 35.001966999851035], [-119.80994899956814, 35.00209699970785], [-119.81006999994193, 35.00195399978042], [-119.81015000030789, 35.00185899993742], [-119.8101710002243, 35.001832999759806], [-119.81028199965405, 35.00170200021081], [-119.81061599956489, 35.001308000291985], [-119.8107279997179, 35.001175999887394], [-119.81090000014534, 35.0009730002656], [-119.81114199999467, 35.00068899995323], [-119.81156700014212, 35.00068499986924], [-119.8118340001058, 35.0006829998272], [-119.81272500040858, 35.00067399963729], [-119.81316999974918, 35.00067000028838], [-119.813732000164, 35.0007730002001], [-119.81536200043352, 35.00106999969825], [-119.81557300032073, 35.00110800030944], [-119.81617300037036, 35.00142300028129], [-119.81658799957373, 35.00164199967329], [-119.81680100000905, 35.001754999913196], [-119.81688999969751, 35.001802000273074], [-119.81691300016203, 35.00181400036059], [-119.81700199985052, 35.00186099995077], [-119.8177059996572, 35.00223300010679], [-119.81783399970374, 35.00230100022147], [-119.81824999963034, 35.00252100020531], [-119.818528000363, 35.00267299984864], [-119.81936299969095, 35.00313100000992], [-119.8196410004236, 35.003283999980944], [-119.82053500020109, 35.00371400011798], [-119.82340599967948, 35.00464199987523], [-119.82435999973143, 35.00495099967299], [-119.82446199983866, 35.00494099998358], [-119.82461400017465, 35.00492599971129], [-119.8247659996123, 35.004911000172136], [-119.82486799971954, 35.00490099974201], [-119.82515499977471, 35.00500100030923], [-119.82521500004917, 35.00502199964022], [-119.82548200001287, 35.00504900024378], [-119.82583600001519, 35.0051039999195], [-119.82605000027544, 35.00505899991999], [-119.82616999992602, 35.00503300002344], [-119.82633800015552, 35.00496799987804], [-119.82725799987229, 35.00500100030923], [-119.8284410002531, 35.00504399966939], [-119.82994699977577, 35.00551000023505], [-119.83082499965974, 35.00578099980285], [-119.83223900001923, 35.0070409999155], [-119.83647899965128, 35.01081900026767], [-119.83789100036091, 35.01207800015238], [-119.8380650004382, 35.01223399995222], [-119.83858799959661, 35.01270099989956], [-119.83876199967389, 35.01285600011033], [-119.83903500038367, 35.013100000212525], [-119.83938400036313, 35.0134129998959], [-119.83968599958862, 35.013683999768375], [-119.83985200016829, 35.01383299969036], [-119.84012400015483, 35.01407599996334], [-119.84022000041432, 35.0141599997081], [-119.84050699957115, 35.014410000189784], [-119.84060299983064, 35.01449299973929], [-119.84118000031404, 35.015014999664324], [-119.841437000232, 35.0150540002649], [-119.84211099990145, 35.015158000304126], [-119.842274999933, 35.015183000081564], [-119.84240399980442, 35.01520299989806], [-119.84244300016248, 35.015208999694885], [-119.84245499985803, 35.0152110001176], [-119.84246699955361, 35.01521299980447], [-119.84251799960725, 35.01522100002303], [-119.84345900013871, 35.01536599998576], [-119.84351400039031, 35.0153740001893], [-119.8441699996181, 35.01547600014113], [-119.84429400036498, 35.01580199963906], [-119.8446619997127, 35.01677100000924], [-119.84472700001001, 35.016941999964594], [-119.84492100017879, 35.017450999892354], [-119.8449859995778, 35.01762000026916], [-119.84508799968503, 35.017888999822034], [-119.84539300018187, 35.0186949999915], [-119.84549399956589, 35.01896200009125], [-119.84573700013848, 35.01959799984251], [-119.8458800002536, 35.019973000354994], [-119.8459649997441, 35.02019599997764], [-119.8461060002094, 35.020566000329076], [-119.846189999875, 35.02078599974432], [-119.84623500008085, 35.02090400036383], [-119.84624699977641, 35.02093499996839], [-119.84625099997436, 35.02094499990954], [-119.84626199984501, 35.02097300017962], [-119.84630100020307, 35.02107499976865], [-119.84646500023462, 35.02150600031273], [-119.84670799990887, 35.0221409996444], [-119.84676900000821, 35.022288999849266], [-119.84695200030633, 35.022733000327655], [-119.84701300040571, 35.02287999971123], [-119.84737400008073, 35.023830999636104], [-119.84741599991352, 35.02393999970218], [-119.84748700005863, 35.02412700028013], [-119.84797999997812, 35.02541800035759], [-119.84805799979591, 35.02546699979829], [-119.84809200013113, 35.02548799975976], [-119.84810399982668, 35.02549499999093], [-119.84811499969734, 35.0255020002215], [-119.84814900003252, 35.02552300017398], [-119.84902500026666, 35.026066999830576], [-119.84912800019883, 35.02613099968197], [-119.84999100001421, 35.0266669998728], [-119.85040500029098, 35.02691399979612], [-119.85147300014575, 35.02755099990958], [-119.85147200032084, 35.02775000027972], [-119.85147099959761, 35.028230000199095], [-119.85147999981842, 35.0287249998304], [-119.85150499993277, 35.030209999863835], [-119.85151300032872, 35.03070400035531], [-119.85163200015438, 35.03076099973895], [-119.85198799980657, 35.030933000244886], [-119.85210599980732, 35.030990000204376], [-119.85338399972439, 35.03160400030621], [-119.85451699987647, 35.032149000321674], [-119.85749899968295, 35.031877000220256], [-119.8589099996694, 35.031748000261345], [-119.858996999708, 35.03174000018876], [-119.85987999961485, 35.0316749999378], [-119.86245899991349, 35.03148700006392], [-119.86279000034959, 35.031462999767186], [-119.86280399969496, 35.03146200012246], [-119.86332900029984, 35.031425000018494], [-119.86352699976825, 35.031697000153024], [-119.86358299984475, 35.03177399975629], [-119.86361800000486, 35.03182200016003], [-119.86363999974616, 35.03185199966251], [-119.86365200034002, 35.031867999784964], [-119.86368300030216, 35.0319120001056], [-119.86375199989916, 35.03200500033748], [-119.86378500040942, 35.03205000022189], [-119.8644599999038, 35.03297500028412], [-119.86599700028694, 35.035083000191776], [-119.8668170004446, 35.03508500012817], [-119.86685099988146, 35.035096999745626], [-119.86707000016459, 35.03510199995345], [-119.86795999974413, 35.035175000158084], [-119.86870600028192, 35.03523700030085], [-119.86879400014548, 35.03524399969711], [-119.8688080003892, 35.03524500003112], [-119.86882099990964, 35.03524600036511], [-119.86883599997827, 35.03524800029752], [-119.86885199987178, 35.035248999895984], [-119.8690579997361, 35.03526599968714], [-119.87041600001909, 35.03537800021311], [-119.87094499992361, 35.03540500035635], [-119.87111900000089, 35.03541399966656], [-119.87154099977528, 35.03543500001466], [-119.87169200028632, 35.03544200012951], [-119.87170599963171, 35.03544299972554], [-119.87172900009627, 35.03544400005712], [-119.87177799960175, 35.03544700031622], [-119.87203600024293, 35.0354600002119], [-119.87212199955833, 35.03546400006619], [-119.87215500006862, 35.035465999993306], [-119.87225399980281, 35.03546999984731], [-119.87228700031308, 35.035471999774245], [-119.87277699985952, 35.03550799992183], [-119.87279600012612, 35.03549800029107], [-119.87305700024203, 35.03551100017864], [-119.87331800035794, 35.03552400006408], [-119.87360399968988, 35.03552000021272], [-119.87424700029554, 35.0355070003266], [-119.87462999971186, 35.03550000021732], [-119.87472500014641, 35.03554999982881], [-119.87494100005648, 35.03566799973213], [-119.87497899969132, 35.035689000014955], [-119.87508699964636, 35.035689000014955], [-119.87545200041765, 35.036150000135805], [-119.8756049996802, 35.03634299971247], [-119.8757369999247, 35.03650699989773], [-119.87599399984263, 35.03682600012703], [-119.87612799973694, 35.037005000353574], [-119.87625400013363, 35.03717299971641], [-119.87642499983785, 35.0373899998532], [-119.87693600019902, 35.03803599972007], [-119.87710699990325, 35.03825200020991], [-119.87757100040875, 35.03883399972983], [-119.87759999982275, 35.0388710001569], [-119.87762300028729, 35.038899999724535], [-119.87762999995996, 35.03890900012089], [-119.87767599999073, 35.03896699995444], [-119.87827199984238, 35.03971299990024], [-119.87831700004826, 35.03971200035644], [-119.8791039996956, 35.03963699996695], [-119.88012200021996, 35.03953800011235], [-119.88033300010719, 35.03951800036489], [-119.88044799973491, 35.03950799975381], [-119.88256500007617, 35.03930599994596], [-119.88296000008638, 35.03926899971584], [-119.88313300033873, 35.03934600027523], [-119.88473799959564, 35.04005900019347], [-119.88523100041344, 35.040277999830145], [-119.88527599972097, 35.04028099991176], [-119.88557700001986, 35.04030499982529], [-119.88561300000487, 35.04030799990597], [-119.88562700024858, 35.04030900017798], [-119.88563999976905, 35.040309999714474], [-119.88565599966255, 35.04031200025845], [-119.88574400042442, 35.04031899995551], [-119.8859319998471, 35.040334000354996], [-119.88646300029974, 35.040375999987944], [-119.88675899967744, 35.04039999987357], [-119.88698700018138, 35.04041800033481], [-119.88726599984064, 35.040439999667306], [-119.88766900024677, 35.04047200022369], [-119.8878960000275, 35.04048999993352], [-119.88804900018839, 35.04050200022822], [-119.88827799961892, 35.04052100020092], [-119.88840300019069, 35.040530999952495], [-119.8884319996047, 35.040532999755555], [-119.88844699967333, 35.04053400002481], [-119.88848500020647, 35.04053700009709], [-119.88850600012286, 35.040538999899994], [-119.88865900028374, 35.040551000187506], [-119.88913899978444, 35.04058900010562], [-119.88965199979545, 35.04062899980683], [-119.89039199958714, 35.04006900000161], [-119.89077599972669, 35.03977899992044], [-119.89085400044283, 35.03971999964862], [-119.89108899972113, 35.03954300004842], [-119.89116599971403, 35.03948400034163], [-119.89123500020932, 35.039432000365295], [-119.89133800014149, 35.03935400033877], [-119.89144100007366, 35.03927600023777], [-119.89150999967063, 35.039224000129046], [-119.89167299987723, 35.039101000249374], [-119.8917480002203, 35.03904400006292], [-119.89225899968316, 35.03896899979578], [-119.89246000042291, 35.038940000252616], [-119.89260400036298, 35.038920000358786], [-119.89282000027305, 35.03888900021947], [-119.89297400025882, 35.03886699973385], [-119.89303199998514, 35.038859000358165], [-119.89318000012315, 35.03883699986447], [-119.89410499986279, 35.0387029998721], [-119.89479799979883, 35.038601999771025], [-119.89485899989819, 35.03859300007638], [-119.89494099991397, 35.03858100023683], [-119.89500299983823, 35.03857199980435], [-119.89503700017345, 35.03856699980886], [-119.89508999987687, 35.038559999961706], [-119.89613599999032, 35.03840800008603], [-119.89687800033019, 35.03829999975088], [-119.89780200024491, 35.038166000348916], [-119.89786099979615, 35.03815800016908], [-119.89803700042154, 35.03813400036038], [-119.89809500014788, 35.038126000177456], [-119.89834100019516, 35.03776299978573], [-119.89878300006103, 35.03711899985379], [-119.89886799955154, 35.036995000170464], [-119.89889000019114, 35.03696299972339], [-119.89889900041199, 35.03695000006681], [-119.89890600008468, 35.036939000299235], [-119.89893899969665, 35.03689099995878], [-119.89895299994036, 35.03687100029896], [-119.89955200016506, 35.03600099969352], [-119.90184600005834, 35.035802999880055], [-119.90196800025709, 35.03579300028533], [-119.90195700038642, 35.03688900006657], [-119.90195400001338, 35.03716300028933], [-119.90194499979255, 35.03798499985822], [-119.90194200031782, 35.03825900008345], [-119.90193700029495, 35.03833299997057], [-119.90192399987616, 35.03855499996542], [-119.90191999967819, 35.03862900032006], [-119.9019139998304, 35.0387320002349], [-119.90190299995976, 35.038924000043764], [-119.90189799993686, 35.039004000321285], [-119.90267100023887, 35.03877000026355], [-119.90274999988158, 35.03874599989907], [-119.90295300027118, 35.03868499976855], [-119.90317800040206, 35.03861699975026], [-119.9037850001244, 35.03843300010918], [-119.90378900032235, 35.03836499988118], [-119.90380199984283, 35.03813100019993], [-119.90436199970947, 35.0380920003105], [-119.90482799986479, 35.03805899999348], [-119.9051099998971, 35.038038999884016], [-119.90522299987501, 35.038030999691735], [-119.90525700021018, 35.03802899982744], [-119.90548900001379, 35.03801300017566], [-119.90550599973221, 35.03801100031093], [-119.90585300006187, 35.037986999723586], [-119.90604100038286, 35.03797400022991], [-119.9066010002495, 35.03793500026554], [-119.9066940001359, 35.03793000023107], [-119.90697299979516, 35.037915000125764], [-119.90706599968158, 35.03791000009003], [-119.90705700035909, 35.0379980000856], [-119.90704599959008, 35.038094999736906], [-119.90704300011537, 35.0381179999937], [-119.90704099956722, 35.03813800008384], [-119.90703700026758, 35.03817300022977], [-119.90702700022185, 35.038259999645014], [-119.907018000001, 35.038346000142646], [-119.90698600021395, 35.038730999943574], [-119.90694900040403, 35.039175999659825], [-119.90765499986055, 35.039260000094664], [-119.90803700035029, 35.03930499966168], [-119.90813699990937, 35.03931700013042], [-119.90815299980292, 35.039318999963186], [-119.90836600023826, 35.03934499999143], [-119.90843499983521, 35.03935400033877], [-119.90853299974454, 35.03936600006479], [-119.90887400022638, 35.03940600036475], [-119.90989600005037, 35.03952500012991], [-119.91008600002117, 35.039546999702914], [-119.91023699963392, 35.03956500035203], [-119.91025099987763, 35.03956299978976], [-119.91024300038002, 35.039575000220616], [-119.91016100036425, 35.0397359997016], [-119.90992100016474, 35.04020999966661], [-119.90968400033827, 35.040682000024326], [-119.90888199972397, 35.04227000036212], [-119.90829099989517, 35.04355300031183], [-119.90848500006392, 35.0440419999147], [-119.90866499998899, 35.044497000124345], [-119.90941300017663, 35.04444199973258], [-119.90970299970654, 35.044369999939285], [-119.91057499974274, 35.04415499966828], [-119.91079900004873, 35.044099999781665], [-119.910824999988, 35.0440939998988], [-119.91086400034605, 35.04408399984785], [-119.91095999970719, 35.044060999799555], [-119.91100099971509, 35.04405099974461], [-119.91103000002738, 35.044043000140995], [-119.91109699997453, 35.04402700019602], [-119.91111899971585, 35.04402100030773], [-119.91161199963534, 35.04380199967222], [-119.9116860001535, 35.04393700035506], [-119.91180099978125, 35.04414500036025], [-119.91210200008011, 35.044691000060595], [-119.9120739995927, 35.04470399995645], [-119.91029600008348, 35.04554199979684], [-119.90970400042976, 35.045820999971475], [-119.90951299973574, 35.045913000349955], [-119.90942900007015, 35.04595299965082], [-119.90991299976882, 35.046197000257216], [-119.91010100008981, 35.04629200007315], [-119.91018099955741, 35.046331999923844], [-119.91042099975694, 35.046452000094], [-119.91050100012289, 35.04649199986635], [-119.91107900043119, 35.04678500023104], [-119.9117830002379, 35.04714099966905], [-119.91180499997922, 35.04715200026946], [-119.91184900036015, 35.04717500018286], [-119.91185900040585, 35.047179999651604], [-119.9118750002994, 35.04718799968341], [-119.91189700004072, 35.0471990002775], [-119.91281099990968, 35.04766100035673], [-119.91312399990413, 35.04781999972227], [-119.9134090003095, 35.04789799975579], [-119.91371499973292, 35.047982000048], [-119.91417400021555, 35.0481089997655], [-119.91463299979985, 35.0482349998459], [-119.9149390001216, 35.04831899979159], [-119.91525899978876, 35.04840799977981], [-119.91573800036288, 35.048542000033656], [-119.91621700003864, 35.04867499989808], [-119.9165359998809, 35.04876400023389], [-119.9171769999384, 35.04894099971269], [-119.91730699963475, 35.04897699980905], [-119.91776199991942, 35.05078000027087], [-119.91792500012603, 35.051423999887014], [-119.91807999993674, 35.05203800013869], [-119.91835899959598, 35.05314199985186], [-119.91909599991295, 35.05296800026835], [-119.9191829999516, 35.052948000131856], [-119.91971900042711, 35.05286499991753], [-119.92095899981102, 35.052671999660156], [-119.92179099966424, 35.05254300017493], [-119.92368399969953, 35.05476899994306], [-119.92383699986041, 35.05494899992281], [-119.92462299968287, 35.05559700009428], [-119.92493999987526, 35.05570899995675], [-119.92588999972925, 35.05604500009332], [-119.92620600009677, 35.056157000076674], [-119.92618099998239, 35.05647399990603], [-119.92614300034755, 35.05694699974565], [-119.9261049998144, 35.05742099984921], [-119.92607999970005, 35.05773699986021], [-119.92604600026318, 35.05814900016949], [-119.92604399971502, 35.05816699966082], [-119.9260410002403, 35.05820700031379], [-119.92603700004236, 35.05824800026417], [-119.92603200001946, 35.05831700017008], [-119.92648999977887, 35.05860100033039], [-119.9265330003349, 35.05862800015182], [-119.92694000004066, 35.05888100005999], [-119.92728999984506, 35.05909799988848], [-119.92751599980086, 35.05923799975643], [-119.92819299984336, 35.05965500002059], [-119.92841899979916, 35.059793999635374], [-119.92846800020298, 35.05972999967816], [-119.9286110003181, 35.05954299968803], [-119.92865899999872, 35.05948000030664], [-119.92876199993086, 35.05934999977206], [-119.92889599982517, 35.05914899980514], [-119.92899899975731, 35.058992999830004], [-119.92950699974543, 35.05822699989761], [-119.92956100017211, 35.058144999955175], [-119.92957100021783, 35.05812999988501], [-119.92965200040871, 35.058007999849636], [-119.92971000013503, 35.05804100019665], [-119.92985099970201, 35.05817400003386], [-119.9301529998258, 35.05846300020499], [-119.93035100019252, 35.058651999822196], [-119.93081899999768, 35.05779100006557], [-119.93101800018931, 35.057425000099], [-119.93133000035883, 35.05685800023855], [-119.93161200039114, 35.05634299965716], [-119.93197499971598, 35.05627799985984], [-119.93294600038469, 35.05610499968331], [-119.93358300024423, 35.055991000203996], [-119.93400500001863, 35.05591299981058], [-119.93463600003038, 35.05579599981615], [-119.93526799986707, 35.055678999654134], [-119.93568899981653, 35.05560099969806], [-119.93574599971797, 35.05559900026389], [-119.93591499977235, 35.05559499992464], [-119.93592999984098, 35.05559499992464], [-119.93594400008466, 35.05559399983979], [-119.93595499995533, 35.05559399983979], [-119.93597099984885, 35.05559399983979], [-119.93618799958381, 35.055588000065804], [-119.93632300020136, 35.055584999810975], [-119.93659699983773, 35.055524999838894], [-119.93664500041663, 35.05551400036627], [-119.93675099982354, 35.055490999859664], [-119.93679400037954, 35.05548099973333], [-119.9370789998866, 35.05541800015918], [-119.93852400020822, 35.055097999634434], [-119.93900500043215, 35.05499200022282], [-119.93909999996839, 35.05497799966589], [-119.9391719999384, 35.054967000119525], [-119.93906200033358, 35.05514799975314], [-119.93901299992976, 35.0552280003206], [-119.93852699968296, 35.0560100002508], [-119.93786100040941, 35.05708300009408], [-119.93922800001494, 35.05769799977142], [-119.93992000012604, 35.05800999996017], [-119.9400220002333, 35.05788600036732], [-119.94051900035076, 35.05725300021107], [-119.942008000155, 35.05535399971335], [-119.94250400044754, 35.0547209997834], [-119.94266400028113, 35.054509999941956], [-119.94267000012891, 35.054501999891954], [-119.94272000035762, 35.054439000297904], [-119.94276300001532, 35.05444099976054], [-119.94283099978738, 35.05444500015633], [-119.94422699970522, 35.0545169998932], [-119.94469200003564, 35.054541000036465], [-119.9450410000151, 35.054559000323174], [-119.9450700003274, 35.05456099978282], [-119.94539400019251, 35.05552599992458], [-119.94550499962226, 35.0558569996708], [-119.94553499975949, 35.05594799969469], [-119.9455699999196, 35.05605400007138], [-119.94574499982177, 35.05604800033123], [-119.94575999989038, 35.056047000251944], [-119.94577199958596, 35.056047000251944], [-119.9458379997082, 35.05604500009332], [-119.94599199969397, 35.056039000352456], [-119.94616900014431, 35.05603299987585], [-119.94645399965133, 35.05602299981589], [-119.94660699981223, 35.05601800015312], [-119.94696500001253, 35.056005999931685], [-119.94798699983652, 35.05597100007251], [-119.94805399978368, 35.055968999912025], [-119.94841500035702, 35.05595600033839], [-119.94845499964168, 35.05595500025797], [-119.94869999986405, 35.05594700034948], [-119.94922100027095, 35.05592899963341], [-119.9491479995777, 35.05613000017351], [-119.94906399991213, 35.05636000020657], [-119.94902499955407, 35.05646700012259], [-119.94900399963767, 35.05652399991756], [-119.94882500043582, 35.05701399988073], [-119.94876599998628, 35.05717699968346], [-119.9492179998979, 35.05719899964998], [-119.94974599997751, 35.05722399980522], [-119.95031099986706, 35.05725100008198], [-119.95057299980786, 35.0572640001848], [-119.95102300006965, 35.05728600012788], [-119.95109300038985, 35.0572890003202], [-119.95186900016657, 35.05732400034981], [-119.95220999975011, 35.05733999989615], [-119.95352799985012, 35.0555800001214], [-119.95403500001332, 35.05490300005559], [-119.95427000018998, 35.054588000204774], [-119.95588799986567, 35.05489600013748], [-119.95581699972054, 35.05654900027946], [-119.95580699967479, 35.056741000127424], [-119.95578400010858, 35.057178999814354], [-119.95591700017796, 35.057184000141376], [-119.95610799997368, 35.057191999928634], [-119.95612600041535, 35.05719299999391], [-119.95615099963138, 35.057194000059155], [-119.95616200040035, 35.057194000059155], [-119.95618400014166, 35.05719500012441], [-119.95627799985299, 35.05719899964998], [-119.95631499966291, 35.05720099978033], [-119.95664600009901, 35.0572139998911], [-119.95665699996968, 35.05721499995611], [-119.95693599962893, 35.05722599993496], [-119.95714300021648, 35.05723499978291], [-119.95747600030242, 35.057248999952854], [-119.95778199972587, 35.05726099999157], [-119.95819600000263, 35.05670399970544], [-119.95839500019424, 35.05643700009843], [-119.95857699976914, 35.05619400001115], [-119.95892699957352, 35.05572599990277], [-119.95924700013897, 35.05572299965302], [-119.95954900026278, 35.05572100022183], [-119.95971199957108, 35.05571900005521], [-119.9601989996428, 35.05571499972185], [-119.96036100002448, 35.055713999638485], [-119.9603960001846, 35.055713999638485], [-119.9604510004362, 35.05571499972185], [-119.96050099976657, 35.05571499972185], [-119.96053599992666, 35.05571499972185], [-119.96068900008754, 35.05571200020706], [-119.96107200040221, 35.05653399991617], [-119.96190900027827, 35.05832800000047], [-119.96309199976078, 35.058514999832006], [-119.96413799987423, 35.05868099972082], [-119.965021999606, 35.05882499974965], [-119.96515100037574, 35.05865600001168], [-119.96536200026294, 35.05838199981491], [-119.96538999985202, 35.05834600018768], [-119.96539700042302, 35.05833599967565], [-119.96694599960342, 35.05632200027132], [-119.96732200024535, 35.056354999829075], [-119.96842600008516, 35.05645199974423], [-119.96861000020817, 35.05646299982587], [-119.9688579999053, 35.05670900006156], [-119.9699940004304, 35.05783499966175], [-119.97037199982388, 35.05820899968411], [-119.97073599987193, 35.058569000258174], [-119.97092699966767, 35.05875700031921], [-119.97218600021644, 35.05862800015182], [-119.97269400020458, 35.05857599986141], [-119.97330000010197, 35.05851399978293], [-119.97511500031946, 35.05832800000047], [-119.97572000039196, 35.058265999733734], [-119.97626199981694, 35.05857100035497], [-119.97787199999502, 35.05947600015754], [-119.97788399969056, 35.0594659997839], [-119.97835700041692, 35.05906399992639], [-119.97931700031664, 35.0582529997904], [-119.97943199994437, 35.05815599980874], [-119.98012200040567, 35.05757299964414], [-119.981278000124, 35.05832199969207], [-119.97963899963361, 35.05910700026538], [-119.97964000035682, 35.059229000129314], [-119.97964700002953, 35.060072999655624], [-119.97965100022748, 35.060634999869634], [-119.97965899972512, 35.06150399988296], [-119.97966200009814, 35.06186499990722], [-119.98184399983843, 35.061336999836854], [-119.98236500024534, 35.06121100011752], [-119.98245300010889, 35.06119099979405], [-119.98267499986673, 35.0612859998163], [-119.98283899989826, 35.06138099972801], [-119.98332699979488, 35.061665000260014], [-119.98338200004649, 35.06169699985414], [-119.98339399974205, 35.06170399992454], [-119.98347099973495, 35.061749000362674], [-119.9834890001766, 35.061759999730754], [-119.9835040002452, 35.061768999814184], [-119.9835450002531, 35.06179300003184], [-119.98355899959847, 35.061801000102825], [-119.9836230000709, 35.06183899969403], [-119.98381600041476, 35.0619509998181], [-119.98385800024755, 35.06197599998894], [-119.98387900016395, 35.061988000068226], [-119.98398000044627, 35.06204699969712], [-119.98400700021045, 35.06206299978852], [-119.98405900008899, 35.062092999951446], [-119.98414000027984, 35.06214000018454], [-119.98423499981608, 35.06219499968769], [-119.9842840002199, 35.062222999794834], [-119.98438499960393, 35.0622819999892], [-119.9855520000912, 35.06296299988116], [-119.98612100017868, 35.06329500035136], [-119.98648799970148, 35.06394900035768], [-119.98695200020698, 35.064763999683784], [-119.98855800018711, 35.064929000131244], [-119.98860699969258, 35.06485400010288], [-119.98934499983447, 35.063724000305896], [-119.98949799999536, 35.06348999974119], [-119.99113800031066, 35.06319099980002], [-119.99255900034285, 35.06293100004801], [-119.99550900036225, 35.066182999837885], [-119.99681599969328, 35.0676239996857], [-119.99721400007655, 35.068062999739084], [-119.99819499989268, 35.0691440000731], [-119.99840800032801, 35.06937799986955], [-119.99880499998804, 35.06981600013613], [-119.99883500012528, 35.06984900012146], [-119.99892399981373, 35.06994700008826], [-119.99895300012605, 35.06998000002057], [-119.9991470002948, 35.07016599972378], [-119.99927600016623, 35.07028899987576], [-119.99969999959045, 35.07075399988692], [-119.99988100023872, 35.070952000263816], [-120.0000760002324, 35.07116599993788], [-120.00020199973079, 35.071303999911045], [-120.00066100021344, 35.07180600023192], [-120.00085500038216, 35.07201899998859], [-120.00087899977332, 35.072044999900086], [-120.000893000017, 35.07206100023744], [-120.00091200028359, 35.07208199998612], [-120.00092200032933, 35.072092000284684], [-120.00094900009351, 35.07212199970257], [-120.00097199965973, 35.072146999699235], [-120.00118099989707, 35.072358000277305], [-120.00180799971089, 35.07299299995217], [-120.00201699994827, 35.073204999682396], [-120.00426800018386, 35.07231799994136], [-120.00559600032962, 35.071799000292614], [-120.0072159996551, 35.0723439997576], [-120.00981000002234, 35.075290000112645], [-120.01000300036623, 35.07530400012697], [-120.01241500026026, 35.07548500025302], [-120.01282600016401, 35.07551800015151], [-120.01358199984925, 35.075578000133255], [-120.01362700005507, 35.076052000128705], [-120.01363200007796, 35.07610599998142], [-120.01366600041315, 35.076462000239694], [-120.01370800024594, 35.07692300033539], [-120.01374199968278, 35.07729999984598], [-120.0138329999194, 35.07830300027785], [-120.01387499975219, 35.07876199992674], [-120.01390300023961, 35.07906100016699], [-120.01395000009528, 35.079555000016995], [-120.01395500011814, 35.07960799996609], [-120.01395599994304, 35.079619999658476], [-120.01398799973012, 35.07995699967265], [-120.01401600021751, 35.08025500016147], [-120.01402500043834, 35.08059799989967], [-120.01404899982948, 35.08144700005327], [-120.01422700010471, 35.08148500005448], [-120.01456299966537, 35.081557999968354], [-120.01586300022201, 35.08183900010481], [-120.01826400024545, 35.08235799984994], [-120.01962199963013, 35.081646999744805], [-120.02080099981298, 35.081030000115575], [-120.02089399969941, 35.080991999902494], [-120.02122099993754, 35.080887999847754], [-120.0213010003035, 35.08086400009907], [-120.02163400038941, 35.08076600001044], [-120.02189299995719, 35.08067099987212], [-120.02210700021745, 35.08060600033284], [-120.02245000034911, 35.080537999933775], [-120.022816000047, 35.08044199974958], [-120.02311399997281, 35.080373000167675], [-120.02332200038528, 35.08031099973715], [-120.0233299998829, 35.08032399984318], [-120.02335300034743, 35.08032399984318], [-120.02341000024886, 35.08034799975078], [-120.02342000029459, 35.08035300012879], [-120.02343199999015, 35.08035799977141], [-120.02345299990654, 35.08036700000954], [-120.023469999625, 35.080373999948954], [-120.0235330002725, 35.08040099991986], [-120.02381899960444, 35.08052300030299], [-120.02485700022031, 35.080964000353156], [-120.02475099991509, 35.081419999693466], [-120.02463000043957, 35.08193800013678], [-120.02428200028503, 35.08326299981952], [-120.02407800007053, 35.084040000074566], [-120.02582499961764, 35.084839999873736], [-120.02712500017431, 35.08436900014426], [-120.02841200031217, 35.083902000322844], [-120.02859200023727, 35.08383599994359], [-120.02913399966222, 35.083637000214324], [-120.02931299976237, 35.083571000355704], [-120.02990299976625, 35.084287000000785], [-120.03167199995299, 35.08643399974466], [-120.03226100013195, 35.08714900028827], [-120.03281699980064, 35.087824000359795], [-120.03337199964443, 35.08793199988226], [-120.0376089998017, 35.08875300033561], [-120.0387550003726, 35.088974999977886], [-120.03901899996326, 35.08903699970379], [-120.03919499969035, 35.08907499984445], [-120.03955799991351, 35.08915199974639], [-120.0396569996477, 35.08901500023326], [-120.039762000128, 35.08887000013297], [-120.03977299999866, 35.0888549998291], [-120.03980200031097, 35.08881500023028], [-120.03981200035672, 35.0888010003293], [-120.03995200009882, 35.088607999769515], [-120.04027099994103, 35.0881520001822], [-120.04163800044488, 35.0861989998989], [-120.04187299972318, 35.085864000105595], [-120.04225799968765, 35.08588700013977], [-120.04274800013242, 35.0859170003664], [-120.04278699959217, 35.08591899979305], [-120.04403799974504, 35.085992999861965], [-120.04417199963935, 35.08610999994318], [-120.04453900006045, 35.08643300003766], [-120.04584200009187, 35.08756799994043], [-120.04852099994962, 35.08990100034539], [-120.05009900034065, 35.090323000273536], [-120.05176800006993, 35.090769999658676], [-120.0526030002962, 35.09099399972813], [-120.05510700025178, 35.0916670002978], [-120.05593999992989, 35.09189100010852], [-120.05676199973738, 35.09211300002913], [-120.05858199997772, 35.09260500022223], [-120.05922899988302, 35.09278000020415], [-120.05994000026071, 35.09297200008413], [-120.0599889997662, 35.093076000167244], [-120.0600869996755, 35.093256000195495], [-120.06031500017944, 35.09367700004953], [-120.06043200035529, 35.09374699975513], [-120.06060800008238, 35.093853000287034], [-120.06061300010528, 35.0938659997048], [-120.06062800017389, 35.093905000150855], [-120.06063400002168, 35.093918999910606], [-120.06067300037974, 35.09401700036684], [-120.06075000037261, 35.094209000274255], [-120.06077399976374, 35.09427000008511], [-120.06078600035764, 35.094315000205526], [-120.06078899983237, 35.0943260003292], [-120.06079899987812, 35.09436299986561], [-120.06081300012183, 35.094417999701676], [-120.06081599959656, 35.0944280002024], [-120.06084999993175, 35.094559999935456], [-120.06085300030477, 35.09456999968375], [-120.06101599961308, 35.094969999636696], [-120.06107099986465, 35.09510599983518], [-120.06121900000267, 35.09535399965639], [-120.06245699973675, 35.09541100022299], [-120.06442099991716, 35.09550200024542], [-120.06682000029073, 35.096546999709155], [-120.06731300021025, 35.096762000181236], [-120.0680060001463, 35.097468000024016], [-120.06813099981974, 35.097596000229906], [-120.06817299965255, 35.0976390001104], [-120.06833000001137, 35.09779999975221], [-120.06850499991357, 35.097979000076386], [-120.06862899976213, 35.098107000214945], [-120.06910800033624, 35.098619000229775], [-120.07054400043705, 35.100153999816904], [-120.07102200028791, 35.10066499993788], [-120.07117200007576, 35.10085400029878], [-120.07162300016245, 35.101418999705785], [-120.0717729999503, 35.101607999788435], [-120.07181599960799, 35.101652000013125], [-120.07183099967659, 35.10166799968808], [-120.0718509997681, 35.10168899989974], [-120.0718659998367, 35.10170400004762], [-120.07188199973024, 35.10171999971236], [-120.07194200000468, 35.10178300029092], [-120.07198399983749, 35.101826000167904], [-120.0720120003249, 35.101919000148996], [-120.07203099969314, 35.10198199983883], [-120.07203700043925, 35.10200100020235], [-120.07209599999048, 35.1021950001794], [-120.07209900036351, 35.10220599997487], [-120.07212299975464, 35.10228599997931], [-120.07215899973966, 35.10240499996006], [-120.07216399976254, 35.10242299997905], [-120.07222200038716, 35.10276800031028], [-120.07224199958034, 35.10288900006784], [-120.07226699969469, 35.10315500032465], [-120.0723439996876, 35.10395200006936], [-120.07236999962684, 35.104217000308], [-120.07239100044156, 35.10444899974584], [-120.07241499983269, 35.10470999970214], [-120.07252500033586, 35.104759000073756], [-120.07259499975775, 35.10479000018867], [-120.07273500039817, 35.10485199964827], [-120.07281499986577, 35.104888000071426], [-120.07283300030745, 35.10489600032664], [-120.07302900012603, 35.10497700011036], [-120.07384000006284, 35.10531000033523], [-120.07428199992873, 35.10549100001916], [-120.07629899981255, 35.10475000032265], [-120.07651999974551, 35.104669000313415], [-120.07715900015317, 35.10470299964662], [-120.07798799963336, 35.10474799988792], [-120.08047200039576, 35.10488100003127], [-120.08073900035943, 35.10489500011105], [-120.08121300001237, 35.105195999775766], [-120.08153299967951, 35.10540100033214], [-120.08231000017945, 35.10589699978903], [-120.08247300038609, 35.106001000287996], [-120.08249299957924, 35.10601399997359], [-120.08281200031979, 35.10621799974299], [-120.08301200033634, 35.106343000314865], [-120.08358899992143, 35.10670499983714], [-120.08360300016511, 35.10668400018283], [-120.0837350004096, 35.10648999986611], [-120.08380900002945, 35.10653799970718], [-120.0842130002605, 35.106895999803996], [-120.08435999967524, 35.10702100007093], [-120.08443400019341, 35.107083000038145], [-120.08463300038505, 35.10727399985401], [-120.08493799998358, 35.107610000059765], [-120.0852200000159, 35.10799900022133], [-120.08545699984235, 35.10836899965145], [-120.0856779997753, 35.10876199980237], [-120.0857849999054, 35.10899499969635], [-120.0857859997303, 35.109004999878735], [-120.08579999997404, 35.10916999977164], [-120.08570899973745, 35.10936400032292], [-120.08559400010971, 35.10955100003835], [-120.08542699970512, 35.10969700026064], [-120.08541900020754, 35.10971000009159], [-120.08531600027537, 35.10974999972798], [-120.0852200000159, 35.109791999655776], [-120.08500699958056, 35.10977299963862], [-120.0849610004481, 35.109744999682654], [-120.08485400031799, 35.10968099995712], [-120.08470899965472, 35.109554999937174], [-120.08458999982903, 35.10952800006506], [-120.08457899995837, 35.10952500032365], [-120.08437300009406, 35.1095060002443], [-120.08408299966584, 35.10949399980509], [-120.08382400009805, 35.10950100018394], [-120.08379300013591, 35.109502000343014], [-120.08364800037096, 35.109516000363975], [-120.08354899973845, 35.10952500032365], [-120.0833970003008, 35.10957400000516], [-120.08335299991988, 35.10960999981237], [-120.08330799971404, 35.109647999918266], [-120.08326699970614, 35.10968099995712], [-120.08321099962964, 35.10979399996677], [-120.08318399986548, 35.109847000105844], [-120.08317499964464, 35.109866000105754], [-120.08316799997192, 35.10988000006418], [-120.08314299985759, 35.10992000035201], [-120.08313100016203, 35.10993800018118], [-120.08306900023773, 35.110035999752924], [-120.08290799968096, 35.110185000293235], [-120.08271000021254, 35.11035299971259], [-120.08255799987657, 35.11050500011364], [-120.08252100006665, 35.1105760002135], [-120.08244300024884, 35.11072200006913], [-120.08235899968494, 35.110955000238185], [-120.0822289999886, 35.111160999675086], [-120.08203900001782, 35.11135899970608], [-120.08172600002337, 35.1116109998514], [-120.08135899960224, 35.111882000217], [-120.08108499996585, 35.11198900007793], [-120.080855999637, 35.112037999747535], [-120.08051300040363, 35.11206099974729], [-120.08050199963465, 35.11206500025777], [-120.08022299997539, 35.11215700018732], [-120.08001700011108, 35.112236999977654], [-120.07967300015449, 35.11238999992755], [-120.07951300032094, 35.112477000347255], [-120.07930699955827, 35.112671999759584], [-120.07931499995422, 35.11274400029518], [-120.07950499992502, 35.11300000029616], [-120.07951599979566, 35.113032000331586], [-120.0795740004203, 35.113193999812935], [-120.07964300001727, 35.11334299972282], [-120.07984899988158, 35.1135149996845], [-120.08016900044704, 35.113834999655246], [-120.08078000036733, 35.114335000354494], [-120.08103899993509, 35.11448399964761], [-120.08132900036331, 35.1145870001143], [-120.08154799974812, 35.1146190002613], [-120.08161899989324, 35.114628999753535], [-120.08208400022363, 35.11467800004009], [-120.08243499985292, 35.11465500004423], [-120.08271799971016, 35.114640000075376], [-120.08329699984338, 35.114556000051756], [-120.08349400038519, 35.114526000074775], [-120.08376299999871, 35.11448399964761], [-120.0842280003291, 35.11438400008307], [-120.08456399988977, 35.11432299989163], [-120.0848690003866, 35.11425100001644], [-120.08514399984792, 35.11414400018648], [-120.08564699981316, 35.11393399978897], [-120.08651499965138, 35.113521999717925], [-120.08672300006384, 35.11342299981853], [-120.08711999972387, 35.11327099971656], [-120.08751700028222, 35.11315599989094], [-120.08788299998011, 35.113038000290906], [-120.08828700021117, 35.11297699982666], [-120.0886069998783, 35.112998000063925], [-120.08863799984046, 35.11300000029616], [-120.0891569996992, 35.113140999646134], [-120.08979000025911, 35.113289999652935], [-120.09053800044673, 35.1133969998695], [-120.09088900007602, 35.113465000057765], [-120.09115600003969, 35.11352600015669], [-120.0916139997991, 35.11365600034773], [-120.0918609996713, 35.113745000364595], [-120.0921560001224, 35.11385099987799], [-120.0929029995868, 35.11414400018648], [-120.0929710002572, 35.114170999998876], [-120.09300999971693, 35.11418600005406], [-120.0931129996491, 35.11420800008105], [-120.09315500038021, 35.11421700025737], [-120.09327699968064, 35.11420200020789], [-120.09337600031314, 35.114102000297244], [-120.09354399964431, 35.11382000027028], [-120.09355600023818, 35.11379800013854], [-120.09365900017035, 35.1136029997466], [-120.09376600030049, 35.11350000024057], [-120.09401700037067, 35.113388999713976], [-120.09404099976177, 35.113381000292456], [-120.09438399989342, 35.1132700003386], [-120.09498700031612, 35.112992000101656], [-120.09526400032557, 35.11283199972029], [-120.09533000044782, 35.112794000364325], [-120.09555899987834, 35.11271800012954], [-120.09568100007708, 35.112668000013755], [-120.09570100016857, 35.112634000329024], [-120.09575999971979, 35.112533999963695], [-120.09577899998636, 35.112501000345304], [-120.09581099977342, 35.11244700033969], [-120.09590399965982, 35.112355000002765], [-120.0960700002395, 35.11219100007103], [-120.09618400004233, 35.11190900004405], [-120.09619499991298, 35.11186799986769], [-120.09624299959356, 35.11168100032504], [-120.09624900033964, 35.11165700008544], [-120.0962679997079, 35.111581000259925], [-120.0962679997079, 35.11154399971968], [-120.0962679997079, 35.111299000326504], [-120.09626500023317, 35.11112499981816], [-120.09626299968504, 35.11108899994538], [-120.09626299968504, 35.11107699973928], [-120.09626299968504, 35.11106000030165], [-120.09624699979152, 35.110816999739136], [-120.09624699979152, 35.110809000065125], [-120.09624599996658, 35.11080699977905], [-120.09623000007309, 35.11055299979461], [-120.09623799957068, 35.11053199966206], [-120.09631799993662, 35.11030499991387], [-120.09634399987588, 35.11023099986248], [-120.09639199955647, 35.11009600006247], [-120.09650399970946, 35.10999199964485], [-120.09679199958956, 35.10972400007682], [-120.09684099999338, 35.109678000221336], [-120.0969299996818, 35.1095949996497], [-120.09695999981903, 35.109591999910755], [-120.09704699985768, 35.10958400011649], [-120.0971399997441, 35.10957500016334], [-120.09791300004608, 35.109502000343014], [-120.0988500003796, 35.10961800033896], [-120.09890300008304, 35.10965099965509], [-120.09897400022815, 35.10969499994733], [-120.09900699984011, 35.109716000295506], [-120.09906100026677, 35.10974999972798], [-120.09908600038113, 35.10976499986218], [-120.0992179997273, 35.10984800026067], [-120.09922899959797, 35.1099010003647], [-120.09923799981878, 35.10994399963343], [-120.09926399975808, 35.11006999978676], [-120.0992729999789, 35.11011200028451], [-120.09928800004752, 35.110180999690456], [-120.0992949997202, 35.11021599981411], [-120.09929700026834, 35.11022599984667], [-120.09927200015399, 35.11053199966206], [-120.09926999960587, 35.11055100023714], [-120.0992729999789, 35.11060799973109], [-120.09926299993315, 35.11063700027056], [-120.0992179997273, 35.1114370000093], [-120.0992029996587, 35.11148700014555], [-120.099160000001, 35.111633999971666], [-120.09911399997024, 35.11195500010987], [-120.09916800039692, 35.11213400021467], [-120.0992589997352, 35.11233599984833], [-120.09943500036061, 35.11257999967669], [-120.09977000009637, 35.11291600005155], [-120.10003700006006, 35.11304200001864], [-120.10062700006394, 35.1132360001702], [-120.10103700014275, 35.11336999980063], [-120.1012570002508, 35.11341900010952], [-120.10145399989429, 35.11346299983689], [-120.10183800003384, 35.1134349996791], [-120.1021739995945, 35.11335900004218], [-120.10238000035712, 35.11322099994011], [-120.10243800008347, 35.11309099978991], [-120.10251699972618, 35.11291200031765], [-120.10257100015284, 35.112645000185346], [-120.10265499981845, 35.1124549998529], [-120.10273900038233, 35.11222100017284], [-120.1027159999178, 35.111935999862155], [-120.10265499981845, 35.111653000289785], [-120.10248699958893, 35.11119200029443], [-120.10223499969386, 35.11062700028843], [-120.1020899999289, 35.110291000028454], [-120.10202100033193, 35.1099100002819], [-120.10203100037766, 35.10977200021775], [-120.10204399989814, 35.10959300006871], [-120.10207099966233, 35.10936300016214], [-120.1021789996174, 35.108707000089765], [-120.10220399973173, 35.108643000283955], [-120.10221899980034, 35.108603000104225], [-120.10224100043997, 35.10854499977194], [-120.10227900007479, 35.108445000267864], [-120.10235699989262, 35.10842199998243], [-120.10240000044861, 35.10840899994602], [-120.10241700016707, 35.10840399981842], [-120.10246599967255, 35.10839000034133], [-120.10247900009136, 35.10838599965044], [-120.10252799959683, 35.10837200017025], [-120.10262100038156, 35.108343999732924], [-120.10263999974983, 35.10833800016288], [-120.10267499990992, 35.108326999725186], [-120.10272299959048, 35.108313000234865], [-120.10282999972063, 35.10828099981606], [-120.10294299969853, 35.1082479999452], [-120.10314799973794, 35.108187000304554], [-120.10325300021823, 35.108156000011874], [-120.10334000025686, 35.10812999985212], [-120.10337899971664, 35.10811799994519], [-120.10359799999974, 35.10804400011261], [-120.10363800018271, 35.10803100001591], [-120.10365400007623, 35.10802599986511], [-120.10368300038853, 35.1080160002975], [-120.10371099997764, 35.108007000171135], [-120.10379399981832, 35.10797900034331], [-120.10381999975756, 35.107970000212845], [-120.10388400023, 35.10798600011746], [-120.10391099999417, 35.107992999891], [-120.10409699976701, 35.108037999785594], [-120.10413100010219, 35.108045999731615], [-120.1041589996913, 35.1080530002349], [-120.10416999956196, 35.10805600003044], [-120.10418299998075, 35.10805899982592], [-120.10427300039241, 35.1080810000373], [-120.1046449999381, 35.10817300005528], [-120.10540599964621, 35.10833400020428], [-120.10553100021801, 35.10836899965145], [-120.10556700020301, 35.10837700029981], [-120.1061949998417, 35.108514000350326], [-120.10672899976909, 35.108647999662], [-120.10731600029824, 35.108818999812776], [-120.10775899998903, 35.108929999950625], [-120.10811800001424, 35.10893399987993], [-120.10833099955123, 35.10888399964702], [-120.10840000004653, 35.108751000156786], [-120.10841500011516, 35.10858299963953], [-120.10837699958202, 35.1083460000794], [-120.10820900025082, 35.107969000035034], [-120.10805699991487, 35.107610000059765], [-120.10789600025636, 35.10728499969893], [-120.10782000008841, 35.10697999963996], [-120.10778099973035, 35.10679299990441], [-120.10776700038495, 35.10672500002781], [-120.10775099959311, 35.10640399986588], [-120.10764500018621, 35.1061680000485], [-120.10750000042125, 35.10581699965403], [-120.10748399962944, 35.10576200015877], [-120.10740800035974, 35.10550399978609], [-120.10733899986448, 35.10524899996545], [-120.10734700026038, 35.104988999744826], [-120.10739999996382, 35.104722000110826], [-120.10748399962944, 35.104505000347544], [-120.10759099975955, 35.10433699989694], [-120.10773600042282, 35.10420700027301], [-120.1080109998841, 35.10407699970688], [-120.10833899994715, 35.103933000160545], [-120.10883500023972, 35.10374600004852], [-120.10919000006696, 35.103632000241355], [-120.10923899957243, 35.10361600021696], [-120.10959799959764, 35.10348600017812], [-120.10992599966072, 35.103429000112634], [-120.11024600022617, 35.103429000112634], [-120.11046799998402, 35.103410000081965], [-120.11081100011567, 35.10335299996333], [-120.11096400027655, 35.10336400033743], [-120.11114699967636, 35.10337600020941], [-120.11165800003751, 35.103429000112634], [-120.11221500042944, 35.10345200033728], [-120.11267999986153, 35.1035129998471], [-120.11290199961938, 35.10363500019967], [-120.11305099958228, 35.1037569996347], [-120.113108000382, 35.103802999892345], [-120.11333699981255, 35.10402400022498], [-120.11359100025578, 35.10423799986299], [-120.11369500001287, 35.104325999654144], [-120.11397000037246, 35.10458500030037], [-120.11397700004514, 35.10459299985039], [-120.11449599990392, 35.105175999944834], [-120.11499700021935, 35.10578899980875], [-120.11532799975714, 35.1061950002989], [-120.11554200001737, 35.1064960003071], [-120.1156700000639, 35.106604000085454], [-120.11575499955438, 35.10667499990942], [-120.11597600038563, 35.10675899997317], [-120.11625099984697, 35.10678600002778], [-120.11661800026808, 35.10673999998387], [-120.11686099994233, 35.10667600010317], [-120.11703699966942, 35.106575999775636], [-120.11715600039341, 35.10646699976386], [-120.11722800036344, 35.10640100000949], [-120.117388000197, 35.10621000035245], [-120.11748699993119, 35.10604999988358], [-120.11751799989335, 35.10593900023263], [-120.11752499956603, 35.105874000254296], [-120.11750199999982, 35.10572200003484], [-120.11720499989889, 35.105328999923024], [-120.11687400036112, 35.10491500001093], [-120.11676999970572, 35.104784000357014], [-120.11667099997153, 35.104622999809564], [-120.11673999956848, 35.10442800024522], [-120.11691500036899, 35.10423000027813], [-120.11712899973092, 35.10402400022498], [-120.11739599969464, 35.1039439997215], [-120.11789199998717, 35.103886999976275], [-120.11826500025606, 35.10378699990151], [-120.11863199977888, 35.10370399994469], [-120.11897499991053, 35.1035740000462], [-120.11918099977487, 35.10342099971344], [-120.11932600043814, 35.103269000063975], [-120.11953999980008, 35.10310899970132], [-120.1196770000674, 35.102921999903714], [-120.11969200013604, 35.102850999750274], [-120.1197459996644, 35.1025819999744], [-120.11976800030402, 35.10226199991272], [-120.11971499970227, 35.10209800024858], [-120.11960799957214, 35.10194900035731], [-120.11945600013449, 35.101850000362816], [-120.11925500029304, 35.1017499999939], [-120.11921900030802, 35.10173199982629], [-120.11902900033722, 35.101667000167815], [-120.11884799968892, 35.10164599995049], [-120.1187609996503, 35.10163600033505], [-120.11858599974812, 35.10160600001155], [-120.11853999971737, 35.10145699995589], [-120.11847199994531, 35.101274000348575], [-120.11844099998315, 35.10102199984341], [-120.11844099998315, 35.10067900000686], [-120.11845699987668, 35.1006270000535], [-120.11850999958014, 35.10045000020395], [-120.11858599974812, 35.10022500011446], [-120.11864199982459, 35.100144000018446], [-120.11870299992397, 35.10005600012234], [-120.11871600034276, 35.100038000315664], [-120.11883000014558, 35.09982099984238], [-120.11889600026782, 35.09959699976739], [-120.11890700013848, 35.099560999947315], [-120.11892499968182, 35.099486999695586], [-120.11895999984193, 35.09934399967432], [-120.11897800028359, 35.09928900022123], [-120.11905600010138, 35.09910499987029], [-120.11910100030723, 35.098996999710565], [-120.11928700008006, 35.098553000000734], [-120.11933200028594, 35.09844699969916], [-120.11939400021019, 35.09838999978518], [-120.11943100002013, 35.09835600002377], [-120.1195420003482, 35.09825399991954], [-120.11957999998303, 35.0982189998039], [-120.1197170002504, 35.098092999704285], [-120.11984100009894, 35.097977999775914], [-120.11990300002321, 35.097921000268954], [-120.11992499976452, 35.09791899966657], [-120.12079799962564, 35.097823999662445], [-120.12084600020451, 35.09782300009507], [-120.12119299963585, 35.09781699975062], [-120.12120500022972, 35.09781699975062], [-120.1212179997502, 35.09781699975062], [-120.1212379998417, 35.097809999838184], [-120.12125499956012, 35.097816000183144], [-120.12132499988031, 35.097785999923815], [-120.1214300003606, 35.09774199981749], [-120.12153499994261, 35.09769700011844], [-120.1216050002628, 35.09766699981532], [-120.1216909995782, 35.097661999763744], [-120.12170700037005, 35.09766100019437], [-120.12194500002144, 35.09770900008963], [-120.1220119999686, 35.09772200036262], [-120.12203100023515, 35.097726000107016], [-120.1222100003353, 35.097760999699254], [-120.12248899999456, 35.09787599993377], [-120.12251499993383, 35.09788700031196], [-120.1226680000947, 35.09808799967883], [-120.12279000029342, 35.09831000036726], [-120.12282799992829, 35.09853499986215], [-120.1227819998975, 35.09884400034185], [-120.12270599972955, 35.09918800009998], [-120.12270900010257, 35.09921799984342], [-120.12273699969168, 35.09954199975007], [-120.1228659995631, 35.099636999957184], [-120.1230489998612, 35.09965600013235], [-120.12315699981623, 35.09968500015902], [-120.12323299998421, 35.09970600014654], [-120.12344600041955, 35.0997900000426], [-120.12362200014664, 35.09977899992112], [-120.12385099957721, 35.09972099992434], [-120.1240260003777, 35.09970600014654], [-120.1241050000204, 35.099722000203414], [-120.12415600007405, 35.099733000332535], [-120.12430800041001, 35.09974800010536], [-120.12437700000699, 35.099695000013725], [-120.12442300003775, 35.09951200012586], [-120.12450699970333, 35.099271000245146], [-120.12452900034295, 35.09918000001954], [-120.12456000030508, 35.09905000025597], [-120.12457500037368, 35.09893599976129], [-120.12455299973408, 35.098695999939494], [-120.12462899990206, 35.09845100014298], [-120.12491900033028, 35.098225999681276], [-120.12502599956208, 35.09811200023929], [-120.12505599969933, 35.09793599964017], [-120.12517100022535, 35.097765000176715], [-120.12528400020327, 35.097579999755794], [-120.12529300042411, 35.097565999889625], [-120.12537700008966, 35.097378999871516], [-120.12559800002262, 35.097043999698165], [-120.12588000005493, 35.096650999642485], [-120.1259279997355, 35.09660999987541], [-120.12597899978913, 35.09656700018719], [-120.1261169998814, 35.09645999992446], [-120.12616299991214, 35.096387000118014], [-120.1262159996156, 35.096268999759], [-120.12634600021026, 35.0960669999938], [-120.12655200007457, 35.09583000005698], [-120.12666599987739, 35.09564700031364], [-120.12675000044129, 35.09547899998281], [-120.12681099964234, 35.09528100032975], [-120.12681200036558, 35.095267000068766], [-120.12682599971095, 35.09490699967322], [-120.1268070003427, 35.09473399979156], [-120.12680599961945, 35.09472299972292], [-120.12679599957374, 35.09463699980351], [-120.12678100040345, 35.0944119998416], [-120.12677600038056, 35.09438799966204], [-120.12675999958874, 35.094306000036426], [-120.12675600028908, 35.094285000128], [-120.12671199990815, 35.0940610002784], [-120.1266609998545, 35.09376199989428], [-120.12664300031118, 35.093659999922956], [-120.12664300031118, 35.093466000216296], [-120.12665099980877, 35.09330100014047], [-120.12669699983952, 35.09311100028552], [-120.12672000030408, 35.092934999916565], [-120.12666599987739, 35.092752000291085], [-120.12665099980877, 35.092625999828286], [-120.12668900034194, 35.092519999906486], [-120.12668900034194, 35.092367000143916], [-120.12670400041053, 35.09219499965491], [-120.12671199990815, 35.092100000331854], [-120.12677300000753, 35.09198500003609], [-120.12684900017548, 35.09187099995354], [-120.12695600030563, 35.091741000296764], [-120.12707799960604, 35.091494000157475], [-120.1272230002693, 35.09126799996085], [-120.12733000039944, 35.091127000259185], [-120.12746699976847, 35.09098600031374], [-120.12761200043172, 35.09091000032547], [-120.12792299987804, 35.090821000365196], [-120.12798599962721, 35.090802999989776], [-120.128223000352, 35.090760999833364], [-120.12845900035357, 35.090726999830906], [-120.1286729997155, 35.09071199986858], [-120.12891700011298, 35.09074199979052], [-120.12920699964286, 35.09079099973727], [-120.12990100030213, 35.09098600031374], [-120.13007700002925, 35.091058000159954], [-120.1302290003652, 35.091157999677556], [-120.13039000002368, 35.09132600009056], [-120.1304960003289, 35.09150499992665], [-120.13054200035964, 35.09167300035984], [-120.13055700042828, 35.09187099995354], [-120.13054200035964, 35.09203100032085], [-120.1304960003289, 35.09217599994616], [-120.13044299972714, 35.09232100004867], [-120.13032499972634, 35.09261999983636], [-120.13025199993142, 35.09278299982678], [-120.13024100006075, 35.09281800007081], [-120.13019900022796, 35.09295099983215], [-120.13018300033445, 35.09309899963762], [-120.1302219997942, 35.093301999763284], [-120.1302219997942, 35.09338599964213], [-120.13019099983204, 35.09343100025039], [-120.129938999937, 35.09360300033738], [-120.12987100016491, 35.09368299996363], [-120.12984000020278, 35.09375900030768], [-120.12983299963177, 35.093828000326525], [-120.1297790001034, 35.09393099970281], [-120.12972499967674, 35.094004999852324], [-120.12970299993542, 35.094033999684015], [-120.12967299979819, 35.09406300024036], [-120.12954999977454, 35.09417900015772], [-120.12951200013973, 35.094230999813696], [-120.12948899967517, 35.09426299986815], [-120.1294760001547, 35.094298999822556], [-120.12945000021543, 35.094372999638104], [-120.12944299964441, 35.09439299991439], [-120.12945100004035, 35.09459900004951], [-120.12945699988812, 35.094658000356254], [-120.12946000026119, 35.09468500000901], [-120.12946600010896, 35.09473599973707], [-120.1294970000711, 35.09491900005504], [-120.1295730002391, 35.09509099994333], [-120.12962699976744, 35.09524300014087], [-120.12962599994252, 35.09549500013422], [-120.12964199983605, 35.09562799993919], [-120.12970299993542, 35.095815000298316], [-120.12977099970749, 35.09595299973805], [-120.12988600023354, 35.096052000278746], [-120.13003900039442, 35.096117000004114], [-120.13019099983204, 35.09614000008681], [-120.130411999765, 35.0961279998847], [-120.13062600002523, 35.096077999881125], [-120.13084000028547, 35.09595299973805], [-120.13116800034854, 35.09569300000263], [-120.13136599981694, 35.09552099991422], [-120.1315800000772, 35.09543800036135], [-120.13180100001013, 35.09538400007563], [-120.13194599977506, 35.095358000251956], [-120.1320810003926, 35.09537300009469], [-120.13212099967726, 35.09537699995431], [-120.13221299973877, 35.09540299977192], [-120.1323890003642, 35.095464000159524], [-120.13255599987045, 35.0955449997603], [-120.1328689998649, 35.09573899966562], [-120.13287999973555, 35.09574799967655], [-120.1329459998578, 35.095803999640566], [-120.13309099962275, 35.09592599977017], [-120.13325800002734, 35.09608600026595], [-120.1334460003483, 35.09633200014013], [-120.13354099988452, 35.09645600011803], [-120.13373099985535, 35.096581999807555], [-120.13398299975042, 35.0967270001601], [-120.13418199994204, 35.096856999952806], [-120.13443300001222, 35.09700899979815], [-120.1346999999759, 35.09723000017499], [-120.13492900030475, 35.09740600009317], [-120.1351510000626, 35.09754000002675], [-120.1352349997282, 35.09757799988004], [-120.1353340003607, 35.09762299964478], [-120.13557799985988, 35.097726000107016], [-120.13591299959565, 35.097852000038834], [-120.13593400041033, 35.0978550002098], [-120.1359670000223, 35.09786000024958], [-120.13599799998447, 35.09785799964571], [-120.13601999972575, 35.09785599977678], [-120.13612000018318, 35.097746000295835], [-120.136157999818, 35.0976649999417], [-120.13616600021392, 35.09759400035455], [-120.13617299988664, 35.09753199978459], [-120.13617299988664, 35.09739400007744], [-120.13621899991738, 35.0971769999164], [-120.1363179996516, 35.09692899976012], [-120.13643999985031, 35.096739000274006], [-120.13644499987318, 35.09672799974092], [-120.13653199991182, 35.09652100025633], [-120.13658499961527, 35.096454000214706], [-120.13662399997332, 35.096404999995826], [-120.13664800026277, 35.09637499995231], [-120.13670000014133, 35.09631100001848], [-120.13673299975328, 35.0962770001251], [-120.13674399962393, 35.09626499994319], [-120.13678600035504, 35.09622099975098], [-120.13685999997487, 35.096143999908755], [-120.13690699983056, 35.09610099997475], [-120.13704300027298, 35.09597599986695], [-120.13718800003794, 35.09576599969542], [-120.13720999977926, 35.09569400033107], [-120.13723700044174, 35.095609000295326], [-120.13725699963493, 35.0955449997603], [-120.13726400020592, 35.095531000279706], [-120.13727000005372, 35.095517999657304], [-120.13728599994721, 35.0954869996914], [-120.1372909999701, 35.095477000055524], [-120.1372979996428, 35.09546299982825], [-120.13737800000872, 35.09530399991319], [-120.1374619996743, 35.09505200006454], [-120.13749299963646, 35.09499699992115], [-120.13765300036835, 35.09472000017168], [-120.13786699973028, 35.09448400033797], [-120.13805800042432, 35.094311999904306], [-120.13833200006069, 35.09418199972888], [-120.13860700042031, 35.09415600025695], [-120.13865299955273, 35.0941699999736], [-120.13885099991946, 35.094232000160076], [-120.13911799988314, 35.09436899972923], [-120.13915999971596, 35.0943839997539], [-120.13927600006691, 35.09442400029628], [-120.1393389998161, 35.09444599977765], [-120.13956099957393, 35.09455699964319], [-120.13961500000062, 35.09457499992499], [-120.13969399964334, 35.094600999998335], [-120.1397330000014, 35.09461400003186], [-120.13975999976557, 35.094623000166976], [-120.13981199964411, 35.094640000092774], [-120.14013700023243, 35.09476199975908], [-120.14036200036334, 35.0948460003389], [-120.14055999983174, 35.094930000097186], [-120.14082699979542, 35.095007000350854], [-120.14091100035935, 35.09510199996232], [-120.14104100005567, 35.095215999937864], [-120.14116300025442, 35.09541100022299], [-120.14117900014794, 35.09543500010145], [-120.14142199982217, 35.09579200012401], [-120.14153700034821, 35.09583000005698], [-120.14171200025041, 35.09588000021263], [-120.14185700001536, 35.095963999640745], [-120.14230700027716, 35.09604799971728], [-120.14248300000425, 35.096029000171285], [-120.14269399989145, 35.09596300005056], [-120.14272700040175, 35.09595299973805], [-120.14294800033466, 35.09586099989253], [-120.14317000009251, 35.09573899966562], [-120.1433679995609, 35.095564000154084], [-120.14349800015559, 35.0953649996399], [-120.14357400032357, 35.095101000361566], [-120.14359699988978, 35.09464399998836], [-120.14359699988978, 35.0942859997388], [-120.14358199982115, 35.094090999703276], [-120.14346700019343, 35.09381999972014], [-120.14341399959169, 35.09358400022166], [-120.14332999992608, 35.093359000294285], [-120.14317699976522, 35.093152999966584], [-120.14303200000026, 35.092934999916565], [-120.14283399963354, 35.092695000070826], [-120.14280100002156, 35.09265100015727], [-120.14259699980707, 35.092381999801816], [-120.1423299998434, 35.09205400008601], [-120.14207899977322, 35.091805999783524], [-120.14193800020621, 35.0917110000073], [-120.14191999976455, 35.09169899988841], [-120.14190399987102, 35.091688000145396], [-120.1418179996573, 35.091630999916454], [-120.14180599996173, 35.09162200018616], [-120.1417950000911, 35.091614999741886], [-120.14177699964941, 35.09160300034391], [-120.14172800014393, 35.09157000033654], [-120.1416210000138, 35.09147100023443], [-120.14153700034821, 35.09134799967274], [-120.14152399992942, 35.09126599993028], [-120.14152099955639, 35.09124700000509], [-120.1415139998837, 35.09120000036456], [-120.1415139998837, 35.091165999810066], [-120.1415139998837, 35.09113300036096], [-120.1415139998837, 35.091096000093984], [-120.1415139998837, 35.09106600030228], [-120.141543000196, 35.090988000351174], [-120.14155200041684, 35.09096300024742], [-120.14156800031034, 35.09094200021312], [-120.14161400034111, 35.09087900007777], [-120.14163000023464, 35.09085800002184], [-120.141647999778, 35.090832999878224], [-120.1416899996108, 35.09077599978667], [-120.1417030000296, 35.090760000179394], [-120.14172200029617, 35.09073700004929], [-120.14174999988525, 35.09070399969154], [-120.14176300030401, 35.09068800007008], [-120.14177699964941, 35.09067100005543], [-120.1417950000911, 35.09064999994594], [-120.14180699978665, 35.090636000359964], [-120.14182699987812, 35.09061199980408], [-120.14201000017624, 35.0904440001253], [-120.14212300015414, 35.090373999789485], [-120.14222400043647, 35.090310999950404], [-120.14241400040727, 35.090241999895824], [-120.14256699966987, 35.09020000018555], [-120.1427120003331, 35.09020000018555], [-120.14284899970215, 35.09022299973206], [-120.14299400036542, 35.0902729996506], [-120.14317000009251, 35.09032599998648], [-120.14320899955226, 35.090343000073105], [-120.14355900025494, 35.090493999908354], [-120.14368099955537, 35.09051300000898], [-120.14383299989132, 35.09056299974973], [-120.14386399985348, 35.09056600018895], [-120.14394800041735, 35.090573999644484], [-120.14407800011371, 35.09052800000795], [-120.14426800008451, 35.090474999803305], [-120.14447399994884, 35.09029900036057], [-120.14465800007186, 35.090181000012], [-120.1446840000111, 35.090157000057225], [-120.14483299997406, 35.090020999690175], [-120.14492000001266, 35.08995099972635], [-120.1449500001499, 35.08992699970389], [-120.14503100034075, 35.089860999789515], [-120.14518399960332, 35.089498000040884], [-120.14520799989273, 35.089406999933594], [-120.1452599997713, 35.0892160001537], [-120.14532900026659, 35.088731000053386], [-120.1453440003352, 35.088190000000175], [-120.14531400019796, 35.08791599971698], [-120.14523700020509, 35.08767900034731], [-120.1451760001057, 35.0875550002538], [-120.14513799957255, 35.08747699988493], [-120.14481000040782, 35.087152000118], [-120.14474500011048, 35.08710399988885], [-120.14461200004109, 35.08700399981084], [-120.14436000014602, 35.086846999712925], [-120.14430900009238, 35.0868280002284], [-120.14419199991653, 35.086786000230134], [-120.14400100012081, 35.08674400021028], [-120.14368899995128, 35.086732999798954], [-120.1434439997289, 35.08677499982446], [-120.14320799972735, 35.086843999871974], [-120.14299400036542, 35.08694999982061], [-120.14283399963354, 35.08704599969681], [-120.14275800036387, 35.087091000128225], [-120.14245200004211, 35.08719399992783], [-120.14234699956182, 35.08720699967204], [-120.14231399994985, 35.08721099993216], [-120.14229499968326, 35.08721300006217], [-120.14221600004058, 35.08722299997635], [-120.14218400025352, 35.087227000235735], [-120.14185700001536, 35.08726699987823], [-120.14162900040972, 35.0872019997141], [-120.14142199982217, 35.087128999705456], [-120.14108700008644, 35.08696900001184], [-120.14087299982619, 35.08680199988199], [-120.1407890001606, 35.08657599991449], [-120.14078199958958, 35.08630200008977], [-120.14076300022131, 35.08606499970563], [-120.14075900002337, 35.08600799995712], [-120.14075099962744, 35.08568399993363], [-120.1407890001606, 35.08517300001726], [-120.1408889997197, 35.084909000088004], [-120.14103299965976, 35.084618999732214], [-120.14111700022364, 35.08433300021695], [-120.14124699992, 35.08424899983464], [-120.14149100031747, 35.08407800033807], [-120.14180400031191, 35.08382600034927], [-120.14217800040574, 35.083363999818005], [-120.14236900020143, 35.08308200004074], [-120.14271999983072, 35.082537000255385], [-120.14291800019744, 35.08221599968828], [-120.14309300009961, 35.08210599969342], [-120.14328399989533, 35.08208600007944], [-120.14354400018632, 35.082147999896115], [-120.1438789999221, 35.08218199979926], [-120.14412400014444, 35.082239000015996], [-120.14439799978086, 35.08240299992724], [-120.14457400040627, 35.08258999973748], [-120.14463999963017, 35.08266699988072], [-120.14471099977531, 35.08275099968673], [-120.14478000027057, 35.08296800001049], [-120.14478699994326, 35.0831770003118], [-120.14490900014201, 35.08332200024142], [-120.14505499973185, 35.083401999661355], [-120.14539799986355, 35.083501999744755], [-120.1458020000946, 35.083669999756005], [-120.14612299958665, 35.083756999954026], [-120.14626999989974, 35.0837919996611], [-120.14628400014345, 35.083795000349355], [-120.14632000012845, 35.083801000255434], [-120.14633500019706, 35.0838079999002], [-120.14637700002986, 35.08381800023183], [-120.14639700012135, 35.0838229996621], [-120.14650099987844, 35.08384700001049], [-120.14654199988631, 35.083857000337396], [-120.14674100007792, 35.083945999810936], [-120.14676700001719, 35.08395800033548], [-120.14677700006295, 35.083962000019866], [-120.14685099968278, 35.083995000165245], [-120.14703999982866, 35.08407900007394], [-120.14733899957942, 35.08421200012014], [-120.14753799977105, 35.08430000020832], [-120.1477250002671, 35.08438300007087], [-120.14798399983489, 35.08446700031513], [-120.1482170003617, 35.084460999723], [-120.1485410002268, 35.0844519999366], [-120.14875499958873, 35.084523999670296], [-120.14896800002407, 35.0844519999366], [-120.14911299978903, 35.08436000034765], [-120.14927400034583, 35.0842079997129], [-120.14941099971486, 35.08405900020856], [-120.14951799984497, 35.083838000156355], [-120.14960900008155, 35.08361700024052], [-120.14964800043961, 35.083383999853844], [-120.14965099991436, 35.083348000226884], [-120.14967799967854, 35.083009999769324], [-120.14967799967854, 35.08282300018674], [-120.14967799967854, 35.08280800024095], [-120.14964500006658, 35.08264299992021], [-120.14963699967066, 35.08260199972638], [-120.14962499997512, 35.08254400000867], [-120.14959999986074, 35.08248199975782], [-120.14958499979211, 35.08244400022109], [-120.14957999976927, 35.08243099971776], [-120.14956499970063, 35.08239300015721], [-120.14954799998222, 35.082350000323665], [-120.14948600005792, 35.08224500003646], [-120.14945799957053, 35.08219600010122], [-120.14943900020226, 35.082162999963266], [-120.14938300012575, 35.082062999708576], [-120.1493639998592, 35.08202899975584], [-120.14934799996564, 35.08200000006596], [-120.14931199998064, 35.08193400035321], [-120.14928199984342, 35.08168399988764], [-120.1492810000185, 35.08167099999832], [-120.14931299980556, 35.08160899981912], [-120.14932000037656, 35.08159599991786], [-120.14938800014865, 35.081469000094835], [-120.14947600001219, 35.08143899970258], [-120.14957899994435, 35.081403999721076], [-120.14976200024245, 35.081377000082185], [-120.15002099981022, 35.08135400024656], [-120.1501890000397, 35.081342999843486], [-120.15022099982676, 35.08134200007409], [-120.15041800036856, 35.08133500021768], [-120.15047100007202, 35.08134400034802], [-120.15048600014062, 35.0813510002036], [-120.15051200007989, 35.0813510002036], [-120.15052299995055, 35.081352999742165], [-120.1505349996461, 35.08135500001582], [-120.1506240002329, 35.081370000228766], [-120.15067000026363, 35.08139200029108], [-120.15075399992922, 35.08143100008617], [-120.15088399962558, 35.08151099989029], [-120.15099800032671, 35.081602999751816], [-120.15102500009087, 35.0816249997513], [-120.1510610000759, 35.08165500007516], [-120.15111399977935, 35.08173300013041], [-120.15114300009166, 35.081776000289196], [-120.15115800016028, 35.08179699974308], [-120.15128700003172, 35.081830999792494], [-120.15131899981877, 35.08183900010481], [-120.15133200023756, 35.08183800034149], [-120.1517449997911, 35.08181599966431], [-120.15183000017993, 35.081811999874745], [-120.152082000075, 35.08186100004059], [-120.15260799960646, 35.08198400020731], [-120.15296800035489, 35.08200900012292], [-120.15298199970027, 35.08200999988415], [-120.15337900025862, 35.08206400020428], [-120.15398099995807, 35.08209400036668], [-120.15424799992176, 35.08214400012278], [-120.15443899971747, 35.08214700013659], [-120.15447999972534, 35.08214000034924], [-120.15465999965043, 35.08211000020375], [-120.15488200030657, 35.08205999969169], [-120.15527099957069, 35.08199499978889], [-120.15551499996815, 35.08182000018886], [-120.15559100013616, 35.08153699971783], [-120.15555299960299, 35.08132399981202], [-120.15551499996815, 35.08105999992315], [-120.15540799983803, 35.08055700014829], [-120.1553550001346, 35.07996599995496], [-120.15528900001235, 35.07963999987707], [-120.1552630000731, 35.07951200015781], [-120.15530900010381, 35.07901199978964], [-120.15537299967795, 35.078542999834994], [-120.15537900042403, 35.0785000001776], [-120.15538500027182, 35.0784510001985], [-120.15541200003598, 35.07837699990418], [-120.15541799988377, 35.078360000264205], [-120.15542600027969, 35.078337000313205], [-120.1554339997773, 35.07831599996872], [-120.15543799997528, 35.07830499989117], [-120.1554610004398, 35.0782430000945], [-120.15546899993741, 35.07821900030285], [-120.15552099981593, 35.07814799995898], [-120.15553000003678, 35.07813500024134], [-120.1555679996716, 35.078104000284334], [-120.1556599997331, 35.07806600017866], [-120.15575900036563, 35.07806900034236], [-120.15578199993185, 35.078070000151875], [-120.15584600040425, 35.07807499993441], [-120.15587300016847, 35.07807700028843], [-120.15614799962975, 35.07810000031272], [-120.15629300029302, 35.078070000151875], [-120.15646099962419, 35.07807400012496], [-120.15665200031823, 35.078054000257644], [-120.15684300011392, 35.078055000067344], [-120.15685399998459, 35.07805699968669], [-120.1570180000161, 35.07808200007054], [-120.15720899981183, 35.07808500023371], [-120.15736899964539, 35.07802400007994], [-120.15759799997424, 35.07791699974826], [-120.15786499993793, 35.07776100035309], [-120.15816299986376, 35.077604000109275], [-120.15858999966103, 35.07733800030841], [-120.15881899998989, 35.077189000018905], [-120.15909299962628, 35.077040000192476], [-120.15934500041966, 35.076887999886864], [-120.15955299993381, 35.076792999644006], [-120.15974999957733, 35.076703999718504], [-120.15997800008127, 35.07662799965569], [-120.16022300030362, 35.07658600028711], [-120.16052000040456, 35.07650600006463], [-120.16070299980434, 35.076445000200735], [-120.16083300039898, 35.07639099983725], [-120.16089399960006, 35.07636300017924], [-120.1610090001261, 35.07631100015876], [-120.1611920004242, 35.07624299985577], [-120.16174899991782, 35.07600999972847], [-120.16196999985073, 35.075953000305994], [-120.1620150000566, 35.07594500015168], [-120.16216800021745, 35.075918000176515], [-120.16241300043986, 35.075914999933666], [-120.1625649998775, 35.07591099985479], [-120.16272499971105, 35.07589500027233], [-120.16292399990269, 35.07584600019909], [-120.16312200026941, 35.075807999776984], [-120.16314800020868, 35.075803999692816], [-120.1634650004011, 35.075753999727056], [-120.16382400042627, 35.07570799981973], [-120.16412200035212, 35.075715999997286], [-120.16451099961625, 35.0756820003401], [-120.16482399961068, 35.07564399984162], [-120.16536599993397, 35.07557200035761], [-120.16539600007121, 35.075568000261875], [-120.16560199993555, 35.0755220002497], [-120.16585399983062, 35.07553299996725], [-120.16610499990077, 35.07552899986966], [-120.16641100022252, 35.075505999855814], [-120.16644700020753, 35.07550999995454], [-120.16659399962232, 35.07552600034769], [-120.1668530000884, 35.07549500013456], [-120.16703600038652, 35.07545700028412], [-120.16721899978629, 35.075426000044835], [-120.16733400031235, 35.075380999795065], [-120.16745300013802, 35.07534600015542], [-120.16761600034464, 35.07529699975252], [-120.16776899960722, 35.07521699973664], [-120.16793099998893, 35.0751319996798], [-120.16794400040772, 35.075125000025785], [-120.16807400010407, 35.07504899996265], [-120.16824900000624, 35.07497600010622], [-120.16837100020496, 35.074910999705715], [-120.16841999971045, 35.07488800025287], [-120.1684709997641, 35.07486500005835], [-120.16856200000068, 35.0747779999352], [-120.16880600039816, 35.07459900015049], [-120.16893600009449, 35.07453000003831], [-120.16904300022463, 35.07443900014204], [-120.16911900039258, 35.074330999664916], [-120.16917999959365, 35.07420199984711], [-120.16923400002031, 35.07391900015355], [-120.1692380002183, 35.07388399988684], [-120.16924900008894, 35.07379399986728], [-120.16924900008894, 35.07369399964748], [-120.1692109995558, 35.07359599976897], [-120.16943999988464, 35.07295499967181], [-120.16956899975607, 35.07270999974183], [-120.16973299978761, 35.07232800021096], [-120.16975299987911, 35.0722800000819], [-120.16990500021504, 35.072024000141894], [-120.17004999998, 35.0718250002742], [-120.17026400024025, 35.07163800005236], [-120.17051600013535, 35.071405999901046], [-120.17074399974096, 35.071165000043784], [-120.17101099970465, 35.07086399974716], [-120.1714919999286, 35.07041799999736], [-120.17170600018883, 35.07025400025783], [-120.17194999968801, 35.070116999886565], [-120.17216399994825, 35.07007400020025], [-120.1725759996769, 35.07003999966283], [-120.17277400004362, 35.07006000002397], [-120.1728910002195, 35.07010700008127], [-120.17301000004517, 35.07015500001801], [-120.17326199994025, 35.07032600002268], [-120.17347600020048, 35.070463999945815], [-120.17366699999619, 35.07055200015854], [-120.1739719995947, 35.07065099991684], [-120.17406299983129, 35.07067399982862], [-120.17412399993066, 35.070677000264176], [-120.17416199956553, 35.070660999655544], [-120.1742159999922, 35.07063899964061], [-120.17426799987072, 35.070598999932514], [-120.17429999965776, 35.07057400019688], [-120.17446000038966, 35.07040599968686], [-120.17457500001738, 35.07024199992327], [-120.17464299978947, 35.070059000116316], [-120.1746739997516, 35.06983000035434], [-120.17469700021613, 35.0695789996492], [-120.17471999978234, 35.06910600020619], [-120.17469700021613, 35.06898299974187], [-120.17468499962223, 35.068967000271556], [-120.17463600011675, 35.06890300015329], [-120.17451399991803, 35.068827000177414], [-120.17436099975713, 35.06880000005284], [-120.17419300042599, 35.068792999855745], [-120.17403299969408, 35.06880399974508], [-120.1738350002257, 35.0688350002943], [-120.1736899995624, 35.0688419997526], [-120.17357499993467, 35.068854000293], [-120.17347600020048, 35.0688579999826], [-120.17333100043552, 35.0688579999826], [-120.17318599977226, 35.068830999868325], [-120.1730410000073, 35.06879600036039], [-120.17293399987719, 35.0687359998036], [-120.17284299964057, 35.06864100036361], [-120.17278200043954, 35.06851400022747], [-120.17273600040878, 35.06831200010168], [-120.17270500044664, 35.06791200029196], [-120.1727659996477, 35.06730499988575], [-120.17278200043954, 35.067102999708844], [-120.17281199967843, 35.06693100035801], [-120.17288100017373, 35.06674799974453], [-120.17297999990792, 35.06658799978399], [-120.17307899964214, 35.066474000236575], [-120.17322400030538, 35.06633600018442], [-120.17337699956798, 35.0662110000477], [-120.17362099996544, 35.06599699988096], [-120.17377400012631, 35.06582800028387], [-120.17381199976114, 35.06578699972854], [-120.1738500002943, 35.065694999680616], [-120.1738500002943, 35.06558500020652], [-120.17379599986761, 35.0654440002294], [-120.17366699999619, 35.06524900036027], [-120.17350700016262, 35.0650700002627], [-120.1733849999639, 35.06495899997623], [-120.17321599990947, 35.06482200027569], [-120.17310200010667, 35.06474900009448], [-120.17302599993869, 35.06467299992711], [-120.17297999990792, 35.06460400024599], [-120.17292700020447, 35.06448600022991], [-120.17292700020447, 35.06444199980638], [-120.17292700020447, 35.06436400013364], [-120.17293100040244, 35.06431199982021], [-120.17293399987719, 35.06426900001678], [-120.1729630001895, 35.06422500021158], [-120.17300300037247, 35.06416599995093], [-120.17306500029675, 35.06410499968646], [-120.17310200010667, 35.06406799966054], [-120.1731180000002, 35.0640519999621], [-120.17323799965078, 35.06393299990062], [-120.17350700016262, 35.06366599966914], [-120.17366299979824, 35.06354799976771], [-120.17370499963103, 35.06351700015166], [-120.17381900033217, 35.063437000352785], [-120.17417300033448, 35.06322300026657], [-120.17432999979499, 35.06312800029247], [-120.17466600025399, 35.06298299977051], [-120.17529999974049, 35.06272000009865], [-120.17537599990847, 35.062689000168184], [-120.17569599957562, 35.062610000292125], [-120.17628399992967, 35.06245300031156], [-120.17675699975767, 35.06236500019037], [-120.17720700001946, 35.062289000009415], [-120.17771099980963, 35.06217800035326], [-120.17804399989555, 35.062100999993035], [-120.17820700010219, 35.06206399979413], [-120.17845099960132, 35.06200300016485], [-120.17862600040183, 35.06195299983205], [-120.17881700019755, 35.06191500029391], [-120.17903700030557, 35.06190400021146], [-120.17913000019198, 35.061900000181105], [-120.17948099982127, 35.061853999818034], [-120.17974000028737, 35.06181200019914], [-120.17994600015169, 35.061747000343736], [-120.18007599984801, 35.0616789996704], [-120.18014500034332, 35.0616060003551], [-120.18015399966583, 35.06153700028753], [-120.18016000041192, 35.061487999682], [-120.18016000041192, 35.061342999923674], [-120.1801369999474, 35.06125500007663], [-120.18007599984801, 35.061140999699205], [-120.17986199958779, 35.06092300013389], [-120.17971000015015, 35.060721000340884], [-120.17957200005787, 35.060507999777556], [-120.17952699985203, 35.06035100016646], [-120.17952699985203, 35.060294000101884], [-120.17952699985203, 35.06016000001247], [-120.17955699998925, 35.05992800032545], [-120.17961100041593, 35.059668999775646], [-120.1796869996856, 35.05938999984547], [-120.1797860003181, 35.05914999984644], [-120.1799539996493, 35.05860000028236], [-120.18006099977941, 35.05782199964984], [-120.18011400038118, 35.057380000218906], [-120.1801300002747, 35.05727199996428], [-120.18018299997816, 35.05691799996652], [-120.18023599968159, 35.05645700011578], [-120.18026800036695, 35.05624999991988], [-120.18027900023762, 35.05617999966032], [-120.18029699978095, 35.05606400012755], [-120.18031400039771, 35.05579499973377], [-120.18032000024552, 35.05570500035825], [-120.18048000007904, 35.05495399965101], [-120.18057200014056, 35.054705999819674], [-120.1806719996997, 35.05447899983568], [-120.18071699990551, 35.05437700001968], [-120.1807860004008, 35.05419800035183], [-120.18088500013502, 35.054080000002884], [-120.18106000003719, 35.053886000305056], [-120.18139599959788, 35.053699000167626], [-120.18159700033763, 35.05359299967544], [-120.18179999982891, 35.05348500029505], [-120.18221999995349, 35.05321000028148], [-120.18259400004729, 35.05297699985015], [-120.18291399971443, 35.05279800005513], [-120.18319699957163, 35.052545999806114], [-120.18336399997624, 35.05236300003958], [-120.18356300016785, 35.05212699975138], [-120.18364199981056, 35.05200599970065], [-120.18371600032873, 35.05189399990712], [-120.18390600029953, 35.05155100013565], [-120.18408200002662, 35.051252999998766], [-120.18433700029475, 35.05076500031863], [-120.18441699976239, 35.05061300035316], [-120.18454700035703, 35.05028099979316], [-120.18467700005338, 35.049930000103686], [-120.1847840001835, 35.04959700028612], [-120.1848750004201, 35.04927299983633], [-120.18488799994059, 35.04921299963919], [-120.18491300005492, 35.04909400001263], [-120.18492099955256, 35.048838000166505], [-120.18493599962113, 35.048667000011925], [-120.1848899995904, 35.04844900023754], [-120.18479099985618, 35.04823200005639], [-120.18472100043431, 35.04808899990992], [-120.18465399958885, 35.04795000022702], [-120.18450100032629, 35.04768299994515], [-120.18431100035548, 35.04743100009313], [-120.184143000126, 35.047179000199165], [-120.18401300042964, 35.046931000291536], [-120.18393700026166, 35.046725999870624], [-120.18386399956843, 35.04645399975213], [-120.18385299969776, 35.04641200030203], [-120.18378400010081, 35.04613000007285], [-120.18366899957475, 35.04586699980594], [-120.1834469998169, 35.045659999979065], [-120.18311499955587, 35.045350000095844], [-120.18278300019317, 35.04503999977163], [-120.18256100043533, 35.04483300005546], [-120.18252200007727, 35.04479399968787], [-120.1824049999014, 35.044676999944144], [-120.18236600044166, 35.044638000237484], [-120.18234100032731, 35.04461299990656], [-120.18226400033441, 35.044535999898315], [-120.18223800039515, 35.044510000051076], [-120.18209500028001, 35.04436700000784], [-120.18205900029498, 35.04423499997206], [-120.18187599999689, 35.04356900034971], [-120.18185500008049, 35.04349099985981], [-120.18189199989041, 35.043467000146705], [-120.18206400031788, 35.043355999910965], [-120.18226699980916, 35.043224999948826], [-120.1823610004188, 35.04319200023403], [-120.18237099956622, 35.04318800002255], [-120.18240300025158, 35.04317700035928], [-120.18252999957488, 35.043131999982954], [-120.18257300013092, 35.04311700009718], [-120.182680000261, 35.04307799964579], [-120.18272499956855, 35.043061000008976], [-120.18298999988241, 35.04296399963396], [-120.18308699996679, 35.042918999875795], [-120.18310000038558, 35.04292100035589], [-120.18319699957163, 35.042731000127766], [-120.18323299955667, 35.04259500014994], [-120.1832500001734, 35.04253299970636], [-120.18327299973961, 35.04235800007473], [-120.1832419997775, 35.04217400003262], [-120.18315100043921, 35.04199099982747], [-120.18302099984454, 35.04169399963491], [-120.18295800009535, 35.0415739998303], [-120.18290700004175, 35.04147599963852], [-120.18274700020817, 35.041282000157935], [-120.18272899976652, 35.041238999994654], [-120.18270899967503, 35.041189999712486], [-120.18270299982724, 35.04117500020566], [-120.1826939996064, 35.0411520000739], [-120.18267699988797, 35.041111999893225], [-120.18266000016952, 35.04106999990317], [-120.18265400032176, 35.04105400011137], [-120.18264699975073, 35.04103800031649], [-120.18264099990294, 35.041023000046216], [-120.1826020004432, 35.04092699972244], [-120.18257700032886, 35.04088599990218], [-120.1825510003896, 35.04084399979588], [-120.18254299999367, 35.0408310000213], [-120.18252299990219, 35.04079900034103], [-120.18246900037383, 35.04070899988595], [-120.1824409998864, 35.04066300008907], [-120.18241400012224, 35.04061900006724], [-120.18225400028865, 35.040554000259085], [-120.1817720002398, 35.040360000060254], [-120.18160999985813, 35.040295000046044], [-120.18159099959155, 35.04028599980242], [-120.18133399967358, 35.04016799994832], [-120.18102200040238, 35.03995500020408], [-120.18087000006639, 35.03980600008054], [-120.18033100011617, 35.03927800007153], [-120.18050400036853, 35.03803500015576], [-120.18097800002145, 35.03765000001752], [-120.1813689998337, 35.03733299994424], [-120.18158499974376, 35.03732400010983], [-120.18239700040382, 35.0372919997916], [-120.18279499988874, 35.037274999686375], [-120.18289199997312, 35.03722299977529], [-120.18296800014113, 35.03719899969197], [-120.18326600006694, 35.037104999910795], [-120.1835599997948, 35.037104999910795], [-120.18360099980269, 35.037104999910795], [-120.18376099963626, 35.03711899985379], [-120.18390600029953, 35.03713200021897], [-120.18428000039336, 35.03717299971641], [-120.18439500002107, 35.03719600023273], [-120.18463100002263, 35.037241999774935], [-120.18492099955256, 35.03723499981428], [-120.18515800027731, 35.037208000275676], [-120.1854319999137, 35.037142999960544], [-120.18568399980877, 35.03703199995923], [-120.18592099963523, 35.036882999654104], [-120.18617300042865, 35.03670399989584], [-120.18640100003427, 35.036552000245294], [-120.18653099973059, 35.03641800018337], [-120.1866229997921, 35.03626999981566], [-120.18670700035602, 35.03608700036205], [-120.18684399972507, 35.03571999989725], [-120.18691300022033, 35.03552200013842], [-120.1870420000918, 35.03527800001353], [-120.1871569997195, 35.03509899968168], [-120.18727100042062, 35.03494599965022], [-120.18746200021634, 35.03473599981846], [-120.18762200004991, 35.03454899997293], [-120.18782100024156, 35.03437400015861], [-120.18799600014373, 35.03422900007058], [-120.18813300041109, 35.03409099995586], [-120.1882480000388, 35.03391999982627], [-120.18830099974225, 35.03372499970633], [-120.18830099974225, 35.03325599995695], [-120.18827099960501, 35.032924000205874], [-120.18823499962001, 35.032439999898436], [-120.18823200014528, 35.03239900023305], [-120.18822899977222, 35.032359000180975], [-120.18821999955141, 35.03223899990711], [-120.18821700007666, 35.03219899977666], [-120.18822100027461, 35.032178000068114], [-120.1881350000609, 35.03157599999943], [-120.18812599984005, 35.031563000221496], [-120.18813199968784, 35.03155399975163], [-120.18812500001516, 35.03150500028184], [-120.18812400019024, 35.03149599980558], [-120.18808999985505, 35.031254000195226], [-120.18807800015949, 35.03117300003796], [-120.18818000026674, 35.03090699974681], [-120.18838299975802, 35.030377999955], [-120.18865800011761, 35.03045500006531], [-120.1889300001042, 35.03053200010307], [-120.1889579996933, 35.0305400002939], [-120.18904200025717, 35.03056400012608], [-120.18906999984628, 35.030572000313775], [-120.1891140002272, 35.030585000249324], [-120.18924499974848, 35.03062199999797], [-120.18928800030449, 35.030634000270666], [-120.18932199974135, 35.030613999815166], [-120.18935400042669, 35.0305940000903], [-120.18942200019877, 35.03055500028179], [-120.18945599963565, 35.030534999806974], [-120.18948999997083, 35.03051500006278], [-120.18963700028392, 35.03042900015083], [-120.19007099975389, 35.03025799971494], [-120.19015299976965, 35.030231000077976], [-120.1905219998406, 35.03010900029953], [-120.19102499980585, 35.030009000272976], [-120.19142200036418, 35.02995999987694], [-120.19185699965907, 35.02993700026638], [-120.1922609998901, 35.029972000246836], [-120.19240099963218, 35.02997499997127], [-120.1931620002386, 35.029994000184864], [-120.19327799969125, 35.02998599994061], [-120.19336700027802, 35.02998300021662], [-120.19366100000587, 35.0299319997425], [-120.19371799990728, 35.02992200016508], [-120.19394800006106, 35.02987600018051], [-120.19426799972821, 35.02982300031011], [-120.19457300022505, 35.029749999738364], [-120.19480099983068, 35.02971499966286], [-120.19484799968633, 35.02970799979306], [-120.19506100012168, 35.02968900024853], [-120.19518599979514, 35.029691999983356], [-120.19525199991736, 35.02969299964972], [-120.1954290003677, 35.02970700012688], [-120.19548899974383, 35.02971199992886], [-120.19587799990627, 35.02963600025687], [-120.1962670000687, 35.02963600025687], [-120.19630200022881, 35.02963800032657], [-120.19693800026343, 35.02966599982611], [-120.19762500035169, 35.0296740001017], [-120.19834199967887, 35.02966199968805], [-120.19875900032869, 35.029660000354504], [-120.19904399983574, 35.029658000285345], [-120.19957799976312, 35.02964700027188], [-120.19988300025999, 35.02958199982754], [-120.20012799958403, 35.0295370000555], [-120.20033799964634, 35.02948300029637], [-120.20048599978432, 35.02944500036274], [-120.20089800041127, 35.0293120000881], [-120.2012869996754, 35.02915900025672], [-120.20228699975812, 35.028929999810465], [-120.20257999966108, 35.02886800003217], [-120.20277499965472, 35.02882700004623], [-120.20314899974855, 35.028735999968006], [-120.20332399965073, 35.0286550002577], [-120.20337300005453, 35.028587999664815], [-120.20352000036762, 35.02838899986356], [-120.2035689998731, 35.028323000206946], [-120.20363400017045, 35.02823399967168], [-120.20365199971378, 35.0282090002064], [-120.2037079997903, 35.02791899996592], [-120.20372899970668, 35.027812000170336], [-120.20376700023982, 35.0275339999849], [-120.20381300027059, 35.02724400029213], [-120.20389699993618, 35.02688600008951], [-120.20397300010416, 35.02666400002696], [-120.20399999986834, 35.026564999904124], [-120.20404199970113, 35.0264090002251], [-120.20411799986911, 35.0261839997394], [-120.20422499999925, 35.025969999879806], [-120.20437700033521, 35.02578700016736], [-120.20457599962852, 35.025619000203335], [-120.20476599959932, 35.025481999981494], [-120.20505699985245, 35.02532900033759], [-120.2053919995882, 35.025161000167984], [-120.20575800018442, 35.02500099965043], [-120.206102000141, 35.02484499992942], [-120.20634499981524, 35.02477499997667], [-120.20653700033418, 35.02471899982424], [-120.2066789997261, 35.02468399980138], [-120.20691800010069, 35.024623999937596], [-120.20705399964483, 35.024602000025574], [-120.20752800019605, 35.02452399982156], [-120.2075730004019, 35.024517999972545], [-120.20830200032294, 35.02433100028901], [-120.2088820002811, 35.02418300010244], [-120.20892900013675, 35.02417100035392], [-120.20895000005315, 35.02416600021301], [-120.20919899957516, 35.024102000294505], [-120.20923999958306, 35.02409100026897], [-120.20927899994112, 35.024080999977], [-120.20928999981179, 35.0240789997713], [-120.20930099968244, 35.02407599983054], [-120.20933900021559, 35.024066000272335], [-120.20941399966031, 35.02404700015208], [-120.20943600029995, 35.024041000268056], [-120.20968999984487, 35.023975999779836], [-120.2101350000838, 35.023821000047995], [-120.21028999989448, 35.02376700019102], [-120.21032800042765, 35.023696000311205], [-120.21034199977304, 35.0236689999781], [-120.21035299964367, 35.02364699980907], [-120.21037199991025, 35.0236110003222], [-120.21037799975802, 35.023600000230594], [-120.21038699997887, 35.023583000219936], [-120.21044499970517, 35.02347299993548], [-120.21050900017761, 35.02334999989021], [-120.2102559995593, 35.02279000012], [-120.21018799978721, 35.02264100033383], [-120.21016100002305, 35.022558999980156], [-120.21014599995442, 35.02253299976113], [-120.210129000236, 35.022502999781075], [-120.21010300029674, 35.02245900028086], [-120.21009800027386, 35.02244899978922], [-120.21008900005302, 35.02243399978518], [-120.20998600012086, 35.022255000014766], [-120.20981600024156, 35.02195899994974], [-120.20969599969266, 35.021710000240645], [-120.20960600017928, 35.021525000287845], [-120.20945499966821, 35.02121500006481], [-120.20971199958615, 35.02085499965965], [-120.20990699957983, 35.020581999717976], [-120.211219999657, 35.0204549998845], [-120.21188800037697, 35.020709999866106], [-120.21220100037144, 35.020830000144855], [-120.21255399965054, 35.02111599996424], [-120.21355799993123, 35.02181600016812], [-120.21380800017647, 35.021891999753954], [-120.21404599982783, 35.02194900013261], [-120.21418999976787, 35.021983999855], [-120.21449500026472, 35.022063999794746], [-120.21481499993185, 35.02219000031353], [-120.21509000029147, 35.022327000166825], [-120.21534899985924, 35.02248400003324], [-120.21555499972358, 35.02257499971467], [-120.21576899998381, 35.0226169996467], [-120.21594399988601, 35.0226169996467], [-120.21610899974243, 35.02258299994865], [-120.21616599964383, 35.022570999965275], [-120.21654700030868, 35.022478999789094], [-120.216829000341, 35.022445000033656], [-120.21712700026683, 35.02241100026403], [-120.21738599983458, 35.02235700021147], [-120.21763799972965, 35.02228500008584], [-120.21828700018307, 35.022072000078666], [-120.21856900021538, 35.021971999783716], [-120.21893499991327, 35.0218660000585], [-120.21901600010412, 35.02184899968723], [-120.21923299983911, 35.02180400007223], [-120.21947700023661, 35.021747000328105], [-120.2196830001009, 35.02162900018956], [-120.21985800000307, 35.021517999716735], [-120.22007999976094, 35.02141500017711], [-120.22027800012766, 35.021316000318755], [-120.2205069995582, 35.02121299978897], [-120.22071300032083, 35.02115199981402], [-120.22093400025379, 35.021109999865125], [-120.22112500004948, 35.02112200006292], [-120.22134599998242, 35.021155999632896], [-120.22159799987749, 35.02124000019755], [-120.22180399974182, 35.02136199997063], [-120.22198700003995, 35.02149599970458], [-120.22214699987349, 35.02164400034135], [-120.22239899976857, 35.02190399983699], [-120.22249800040112, 35.021986999872524], [-120.22262800009744, 35.022056000245655], [-120.22282599956584, 35.02222400017501], [-120.223048000222, 35.02246500028099], [-120.2232230001242, 35.0225899996929], [-120.22343700038444, 35.02270100018161], [-120.22362700035522, 35.02274999977946], [-120.2237799996178, 35.022757999996244], [-120.22398600038044, 35.02273499983064], [-120.22425300034413, 35.02275100026638], [-120.22457399983618, 35.02273499983064], [-120.22512399965709, 35.02265100006627], [-120.225496999926, 35.02259400017702], [-120.22570299979031, 35.02251400002027], [-120.22584000005767, 35.02249099978596], [-120.22610000034864, 35.022480000279344], [-120.22638999987855, 35.02241100026403], [-120.22668000030679, 35.02230000011721], [-120.22691600030834, 35.02219000031353], [-120.22731100031854, 35.02209000016292], [-120.2274140002507, 35.022063999794746], [-120.22745799973335, 35.02205300023068], [-120.22763299963552, 35.02196499998656], [-120.22769999958267, 35.02192799999774], [-120.22779300036741, 35.02187699964772], [-120.22784299969781, 35.02184899968723], [-120.22794599962998, 35.0217929997375], [-120.2279900000109, 35.02176099995922], [-120.22803500021672, 35.02172799966892], [-120.22806100015602, 35.02170899974098], [-120.22807299985158, 35.02169800012914], [-120.22817900015679, 35.02159999964318], [-120.22821299959367, 35.021567999789305], [-120.22837300032556, 35.021507000079204], [-120.22853399998402, 35.0214530001652], [-120.22874700041936, 35.02135800016185], [-120.22880099994771, 35.021342000189115], [-120.2289680003523, 35.02129299974742], [-120.22947999964006, 35.02119800029384], [-120.22980799970311, 35.02111399968604], [-120.23053999999722, 35.020880999676656], [-120.23062299983789, 35.02084699999233], [-120.23094500005317, 35.020716999770706], [-120.23120399962093, 35.02060300019856], [-120.23135699978181, 35.02056099996765], [-120.23162399974551, 35.02052300030066], [-120.23168400001997, 35.020520000229375], [-120.23179899964771, 35.02051499986518], [-120.23204300004518, 35.020557000119716], [-120.23224899990949, 35.020653000095045], [-120.23236400043554, 35.020748000181854], [-120.23239399967444, 35.02086600012057], [-120.23239399967444, 35.02100399975803], [-120.23235600003962, 35.02135800016185], [-120.23234699981877, 35.02146800034927], [-120.23231800040477, 35.02182699976407], [-120.23230499998598, 35.021953999673485], [-120.23227999987164, 35.022212999896844], [-120.23224899990949, 35.02262900035897], [-120.23223399984087, 35.022894999633436], [-120.23229499994025, 35.023078999681665], [-120.23244800010113, 35.02325799985495], [-120.23265399996546, 35.02340600024474], [-120.23297399963259, 35.02355200014805], [-120.2333479997264, 35.02362800032709], [-120.23339200010733, 35.0236329997653], [-120.23377500042199, 35.02368099980029], [-120.23416399968609, 35.02365499993809], [-120.23448500007646, 35.023604999670525], [-120.23484300027673, 35.02357099964769], [-120.23515600027119, 35.02354799971074], [-120.2353470000669, 35.023521000064406], [-120.23585000003214, 35.0233529998576], [-120.23604900022376, 35.02326600002203], [-120.23632399968507, 35.023193000215464], [-120.23666699981675, 35.023132000246434], [-120.23688000025209, 35.02313899994368], [-120.23701800034434, 35.023081999659055], [-120.23711700007854, 35.022993999786834], [-120.23730000037664, 35.022875999976705], [-120.2374600002102, 35.022811999784025], [-120.23764400033322, 35.022766000212314], [-120.23783400030402, 35.022704999924706], [-120.23812399983393, 35.022621000129554], [-120.23843000015569, 35.02256299973019], [-120.23870399979208, 35.02255999973375], [-120.23894099961855, 35.02258200019528], [-120.23912399991664, 35.02258699969746], [-120.23931399988744, 35.02255200023325], [-120.23957400017844, 35.02251000026783], [-120.23978800043866, 35.02243000002883], [-120.23989399984559, 35.02237699974465], [-120.2400009999757, 35.02235799996753], [-120.24016900020519, 35.022384000242205], [-120.24033700043468, 35.02243800027693], [-120.24036400019887, 35.02243900003207], [-120.24047399980371, 35.02244200003289], [-120.24067999966805, 35.02243000002883], [-120.24079500019408, 35.02249099978596], [-120.2409240000655, 35.0226129998993], [-120.24104600026425, 35.02269699970272], [-120.24120699992274, 35.0227729999409], [-120.24142000035808, 35.022849999858494], [-120.24163399972001, 35.02291400002143], [-120.24187100044476, 35.02296000024552], [-120.24206899991317, 35.02297899988273], [-120.24232099980827, 35.02303699998698], [-120.2424659995732, 35.023074999956876], [-120.24261000041157, 35.02313599996843], [-120.2428740000022, 35.02318400029522], [-120.24323600040047, 35.02324999968709], [-120.24332799956366, 35.02330699985463], [-120.2435639995652, 35.02340300027929], [-120.2436330000605, 35.02343399967202], [-120.24374699986332, 35.023486000264384], [-120.24388499995557, 35.023527999728344], [-120.24402999972052, 35.023589999878574], [-120.24425900004938, 35.02375800033403], [-120.24444900002018, 35.02392200002524], [-120.24481600044129, 35.02427999996667], [-120.24507500000908, 35.02450900019822], [-120.2451129996439, 35.02455300006647], [-120.24533399957683, 35.02480700004657], [-120.2457310001352, 35.02512299969639], [-120.24602099966512, 35.02540199970817], [-120.24645599985831, 35.025764000118215], [-120.24723400018313, 35.02625999967849], [-120.24768400044492, 35.02653099964107], [-120.248004999937, 35.026896999738966], [-120.24815700027295, 35.02710300032345], [-120.24824099993855, 35.02731299990646], [-120.24826400040307, 35.027526999928334], [-120.2482950003652, 35.02772499993079], [-120.24830799988571, 35.02790799971843], [-120.24832499960412, 35.02813299987255], [-120.24834800006866, 35.02835800014296], [-120.24835599956626, 35.02857199963582], [-120.24840900016802, 35.028697999687054], [-120.24844000013016, 35.02879299998842], [-120.24850100022954, 35.02888800017936], [-120.24874499972871, 35.02943000017114], [-120.24879099975945, 35.029499000146984], [-120.24885199985883, 35.029643000132836], [-120.24892800002681, 35.02975399987218], [-120.24903500015692, 35.029852999810714], [-120.24924900041717, 35.029957000151946], [-120.24948500041872, 35.030033000261064], [-120.24969899978065, 35.03006699980308], [-120.24980500008587, 35.03006400008203], [-120.24998800038396, 35.03005900030157], [-120.25025600017258, 35.030009999935466], [-120.25076699963542, 35.029861000068], [-120.25098799956835, 35.02973899973728], [-120.25127799999657, 35.029643999799795], [-120.25163700002179, 35.029448999775816], [-120.2518499995588, 35.02929299971597], [-120.25215500005564, 35.029022000082875], [-120.25236199974489, 35.02871999996798], [-120.2525600001116, 35.0283959998463], [-120.25271999994516, 35.02814400008976], [-120.25283399974795, 35.02785500004315], [-120.25288800017465, 35.02766399966538], [-120.2530100003734, 35.02746100031129], [-120.25314699974243, 35.027262999669354], [-120.25326200026846, 35.027053999656545], [-120.25339100013989, 35.02686600018811], [-120.25346800013278, 35.02669100010655], [-120.25352900023216, 35.026492999806365], [-120.25359000033151, 35.02620300009857], [-120.25360500040014, 35.02590099986746], [-120.25368099966981, 35.02558500028247], [-120.25369900011147, 35.025549000177755], [-120.25381899976207, 35.025309999775224], [-120.25392500006727, 35.02504299980739], [-120.25397899959565, 35.02487499978569], [-120.25397100009803, 35.0246880001831], [-120.25397899959565, 35.02444400008204], [-120.25402499962638, 35.02416900015046], [-120.25410099979436, 35.02382199978616], [-120.25413900032753, 35.02356699994697], [-120.25420000042688, 35.02323499983001], [-120.25426099962796, 35.02294500033523], [-120.25433000012325, 35.022659000292805], [-120.2543989997202, 35.02234599995115], [-120.25445800016976, 35.02214399965621], [-120.25455100005615, 35.021823999740676], [-120.25463499972174, 35.02146099977329], [-120.25472699978326, 35.02123199983217], [-120.25478799988262, 35.0210229998498], [-120.25487200044653, 35.020899999796995], [-120.25489400018785, 35.020836000264524], [-120.25507800031086, 35.020626000228305], [-120.25542100044254, 35.02032799985371], [-120.25558100027611, 35.02017500012821], [-120.25577999956941, 35.01996599965099], [-120.25622999983123, 35.01957299994339], [-120.2562709998391, 35.019541999822444], [-120.25656499956696, 35.01931400018549], [-120.25672600012376, 35.01912999975675], [-120.25685599982012, 35.01892500021491], [-120.25695499955431, 35.018725999697864], [-120.25703800029332, 35.018482000196045], [-120.25711500028619, 35.01821500000032], [-120.25732100015053, 35.017719000188336], [-120.25745099984687, 35.01758900014347], [-120.25761099968044, 35.01752799967204], [-120.2577789999099, 35.017498000062666], [-120.25799200034525, 35.017490000066914], [-120.25819099963856, 35.01750500024224], [-120.25835800004312, 35.01754399965533], [-120.25851899970164, 35.01756599999517], [-120.2586710000376, 35.0176280002522], [-120.25883099987115, 35.01772300017513], [-120.25896899996343, 35.01788300022176], [-120.25909100016217, 35.01809299994588], [-120.2592209998585, 35.018378999774704], [-120.25932700016372, 35.018584999751944], [-120.2593959997607, 35.01882499974942], [-120.2594800003246, 35.01908500011666], [-120.2595720003861, 35.01933299993428], [-120.25965600005169, 35.01960000015779], [-120.25977999990025, 35.02006399988845], [-120.25980800038765, 35.02016800017721], [-120.259938000084, 35.02044700017799], [-120.26005199988683, 35.02066799969014], [-120.26015200034422, 35.02078599974432], [-120.26034200031503, 35.02089299990806], [-120.26057900014149, 35.020992000278596], [-120.26074700037098, 35.02105700019661], [-120.26093700034178, 35.021155999632896], [-120.26116599977233, 35.02123300033767], [-120.2612140003512, 35.02127699976204], [-120.261296000367, 35.021354000352865], [-120.26132099958302, 35.02136800005127], [-120.26133300017692, 35.02167499966534], [-120.26127600027549, 35.02202900010659], [-120.26133800019979, 35.02228800009236], [-120.26139400027628, 35.02252000001636], [-120.26128700014615, 35.022899000102704], [-120.26135699956802, 35.02355099967093], [-120.26118099984093, 35.02404400021015], [-120.26091800007522, 35.02441499979852], [-120.26063500021797, 35.02475399983205], [-120.26058800036233, 35.024825000264315], [-120.26035300018569, 35.02517299977119], [-120.26010200011554, 35.0256179997515], [-120.26007799982607, 35.02566300020974], [-120.2600669999554, 35.025682999669876], [-120.26006199993253, 35.02569299976589], [-120.26005699990966, 35.0257020001455], [-120.26003500016837, 35.02574300022765], [-120.26000699968095, 35.025793999637294], [-120.25999800035845, 35.02581099992383], [-120.25998300028982, 35.02583800028515], [-120.25997400006901, 35.02585400011364], [-120.25994899995466, 35.02590099986746], [-120.25994099955871, 35.02591599997109], [-120.25999300033558, 35.02608400006033], [-120.26002000009974, 35.02617200028459], [-120.26020300039787, 35.02643700009509], [-120.26020900024562, 35.02644599965723], [-120.26021500009341, 35.02645499995394], [-120.26023099998694, 35.02647799980861], [-120.26027199999484, 35.02653499993241], [-120.26043699985128, 35.02656999989836], [-120.26088799993799, 35.026671999860746], [-120.2609389999916, 35.026664999730365], [-120.26139599992608, 35.026606000289064], [-120.26199000012794, 35.02637999990303], [-120.2623740002675, 35.02615899964718], [-120.26275099983604, 35.02581300008716], [-120.2627750001255, 35.02579099975942], [-120.2627850001712, 35.02578200012524], [-120.26279400039208, 35.02577299975444], [-120.26282399963097, 35.025653999825835], [-120.26283500039995, 35.025609999814584], [-120.26284299989756, 35.02557300000408], [-120.26284500044568, 35.025562000176535], [-120.26284799992042, 35.025549000177755], [-120.26285100029348, 35.025534000006786], [-120.26286499963886, 35.02546399990842], [-120.26287300003479, 35.02542799975042], [-120.26300799975398, 35.02477299978799], [-120.26306999967828, 35.02460700013987], [-120.26307700024928, 35.02458800014535], [-120.26344799997003, 35.02428099969922], [-120.26406399991319, 35.02377099988195], [-120.2647469998035, 35.02290899980358], [-120.26481299992572, 35.02278899963354], [-120.2650000004218, 35.02244899978922], [-120.26537199996746, 35.02223099994999], [-120.26539100023403, 35.02221200013894], [-120.26551199970956, 35.02209300017654], [-120.26578100022138, 35.021828000262296], [-120.26587800030575, 35.02174100027529], [-120.26600399980413, 35.0216279996889], [-120.26659299998312, 35.021256999959725], [-120.26771299971641, 35.021106999815416], [-120.2678030001281, 35.02106400007152], [-120.26880800023368, 35.02076199998402], [-120.2692390002289, 35.02076599982196], [-120.26951500041343, 35.020768000108674], [-120.27366999965663, 35.02080499988674], [-120.27714500028091, 35.01757600034834], [-120.277392999978, 35.016564999876415], [-120.27811600005127, 35.013612999961886], [-120.27820300008992, 35.01325800000497], [-120.2782089999377, 35.013231999771406], [-120.27825199959541, 35.01305600006695], [-120.2782650000142, 35.01300199972223], [-120.27826800038726, 35.01299200028123], [-120.27827099986199, 35.012980000361765], [-120.27828799958044, 35.012910999687335], [-120.278306999847, 35.012832000229814], [-120.27861900001655, 35.011560000163634], [-120.27903599976806, 35.011699999827876], [-120.2793630000062, 35.01180899987881], [-120.28034399982234, 35.01213599989573], [-120.28067000023559, 35.01224500010138], [-120.28224600007844, 35.01277099988874], [-120.28697600015524, 35.01435000014386], [-120.28855399964796, 35.01487700021954], [-120.28902200035138, 35.015032999830616], [-120.29022800029841, 35.01543500006035], [-120.29042900013988, 35.01537000008759], [-120.2905279998741, 35.01533800000279], [-120.29089899959486, 35.01521799975722], [-120.29104599990795, 35.01516999990396], [-120.2910569997786, 35.01516699963633], [-120.29106799964927, 35.01516300026024], [-120.29148899959874, 35.01502700002088], [-120.29163500008691, 35.014979000055526], [-120.29245900044253, 35.01471200019387], [-120.29369399980357, 35.01431199979773], [-120.2949309997127, 35.0139109997931], [-120.29575400024343, 35.01364499998591], [-120.29643600030882, 35.013423999886484], [-120.29745999978263, 35.013091999786475], [-120.29848400015479, 35.01275999981027], [-120.29916600022018, 35.01253900026242], [-120.30130899960241, 35.0118440002626], [-120.30209699997302, 35.011588999856244], [-120.30777100005601, 35.009872000211594], [-120.30992600003212, 35.009219999731435], [-120.31032900043826, 35.009493000079715], [-120.31153899968494, 35.010312000072275], [-120.31194299991597, 35.01058499971902], [-120.3129029998157, 35.01123399994324], [-120.31514499983045, 35.012751000213264], [-120.31561799965846, 35.01299999998125], [-120.31582900044397, 35.0131110002452], [-120.3167609998563, 35.013600000270465], [-120.31685600029085, 35.01365000003452], [-120.31691499984207, 35.01368100018192], [-120.317985000245, 35.01424400010234], [-120.32135299984083, 35.016014999793875], [-120.32136299988656, 35.01601999969759], [-120.32137399975721, 35.0160260001702], [-120.32140499971935, 35.0160419997117], [-120.32153000029115, 35.01610799971856], [-120.3217319999575, 35.016214000286915], [-120.32214299986124, 35.016430000325805], [-120.32243199956626, 35.016581999874866], [-120.32250400043459, 35.01661999990193], [-120.3225270000008, 35.016632000022966], [-120.32260700036676, 35.01667400006491], [-120.3226960000552, 35.01672099994613], [-120.32270799975076, 35.016727000367325], [-120.32272199999447, 35.016734999702], [-120.32276700020032, 35.016758999908554], [-120.32279599961431, 35.01677400021803], [-120.32301099969949, 35.01688700015564], [-120.32306699977597, 35.016916999989114], [-120.32340200041003, 35.017093000212995], [-120.32343199964895, 35.017109000281394], [-120.32344500006776, 35.01711599975861], [-120.32355899987056, 35.01717500016281], [-120.32382300035952, 35.01731399996177], [-120.32395399988077, 35.01717500016281], [-120.32415100042257, 35.0169660001104], [-120.32434700024118, 35.01675800008403], [-120.32447899958734, 35.016618000249466], [-120.32470700009128, 35.016376999830904], [-120.32479900015278, 35.01627900032456], [-120.32485900042724, 35.016215000118095], [-120.3248719999477, 35.016201000273206], [-120.32498400010068, 35.01608199965531], [-120.3250970000786, 35.01596199976573], [-120.32513899991139, 35.015916999853715], [-120.32515900000288, 35.01589599964105], [-120.32517200042167, 35.01588300031246], [-120.32518599976707, 35.0158679998396], [-120.32539099980649, 35.015650999949685], [-120.32562000013534, 35.015407999942106], [-120.32599500005408, 35.0150110002808], [-120.32707200012966, 35.01386899980362], [-120.32712099963516, 35.01382000003385], [-120.32726200010046, 35.01367699999747], [-120.32727499962094, 35.01366400031616], [-120.32737400025344, 35.0135640000388], [-120.32750499977472, 35.01343099967905], [-120.32776699971552, 35.01316599965072], [-120.32855199971308, 35.01237200017797], [-120.32881399965392, 35.012108000278495], [-120.32965999975082, 35.011253999989655], [-120.33092699979723, 35.009973999667636], [-120.33132199980741, 35.00957500029207], [-120.33133100002826, 35.0095649996963], [-120.33134699992179, 35.00954900035922], [-120.3313639996402, 35.00953199963463], [-120.33137500040918, 35.00952099985634], [-120.33183700036656, 35.0090540001469], [-120.33219399984361, 35.008692999993855], [-120.33303900011562, 35.00784000003673], [-120.33342300025518, 35.0074519998751], [-120.33454800001134, 35.006315000307], [-120.3345580000571, 35.00628099971743], [-120.33470799984492, 35.00575800001288], [-120.33472499956338, 35.005700000161866], [-120.33477499979209, 35.00552800028576], [-120.3347909996856, 35.00547100023426], [-120.33497399998369, 35.00483500025724], [-120.33535499975021, 35.00351200015707], [-120.33520900016036, 35.00292600010044], [-120.33504900032676, 35.002285000199564], [-120.33475999972346, 35.00112499984131], [-120.33446199979763, 34.9999260002618], [-120.33450299980552, 34.99857999992123], [-120.33452399972191, 34.99806299987527], [-120.33444199970614, 34.99765399996164], [-120.33421199955237, 34.99649999987952], [-120.33392200002245, 34.99563100025546], [-120.33341599968418, 34.9947559996743], [-120.3325880000289, 34.99390900000926], [-120.33188099984916, 34.99330399971791], [-120.33116600017182, 34.99277899998879], [-120.33046499983985, 34.99193100034236], [-120.32997299974527, 34.99126600009873], [-120.32941399970352, 34.99015000027661], [-120.32875599992757, 34.98906499986601], [-120.32861600018548, 34.988834000153375], [-120.32763899966902, 34.98734299984117], [-120.32711499978737, 34.98652499975254], [-120.32679199974719, 34.98615300031954], [-120.32670499970855, 34.98605300027079], [-120.32658900025591, 34.985964000102534], [-120.3262579998198, 34.98571099966648], [-120.3258579997867, 34.985587000037064], [-120.32580500008328, 34.985570999691326], [-120.32558300032542, 34.98554500022687], [-120.32530399976784, 34.98551200004544], [-120.32510999959909, 34.98551399972223], [-120.324060000186, 34.98552700019644], [-120.32368600009218, 34.98557000022163], [-120.32321400008907, 34.985624000272594], [-120.32306000010325, 34.98564299975053], [-120.3228779996301, 34.98566600004232], [-120.3228009996372, 34.98567599987917], [-120.32233399965695, 34.98575000025306], [-120.32215200008208, 34.98577900026196], [-120.32166199963729, 34.985859000284115], [-120.32116700006799, 34.985939999693294], [-120.32018500042695, 34.986046999807655], [-120.31968999995931, 34.98610100028001], [-120.31965999982206, 34.98610400014166], [-120.31959399969982, 34.986111000063715], [-120.31956799976057, 34.98610899966552], [-120.31953699979843, 34.986107000003194], [-120.31895900038843, 34.986049999671295], [-120.31805700021502, 34.985733999939164], [-120.31802200005492, 34.9857089999945], [-120.31707399985075, 34.985034000074], [-120.31599799960006, 34.98400499966671], [-120.31505500031707, 34.98276300025164], [-120.3148529997524, 34.9822739999263], [-120.31453300008525, 34.98150099970745], [-120.31448100020671, 34.98075899966013], [-120.31442299958208, 34.97999899973989], [-120.3145649998723, 34.979530000277116], [-120.31485699995035, 34.97856399986276], [-120.3156419999479, 34.97755399973117], [-120.31609600040767, 34.97660400019099], [-120.31603799978303, 34.9761890000714], [-120.31597099983587, 34.975709000228015], [-120.31565799984143, 34.97500700011149], [-120.31562299968135, 34.97492899972714], [-120.31479099982813, 34.97382399967398], [-120.31476300023903, 34.97380900032346], [-120.31079200022053, 34.97168400028655], [-120.30946800027272, 34.970974999790634], [-120.30937399966308, 34.97092200003343], [-120.30909199963077, 34.970762000169515], [-120.30899899974435, 34.97070900027455], [-120.3083409999684, 34.9703360000019], [-120.30776500020822, 34.96984800021857], [-120.30534800029129, 34.96780200005651], [-120.30450200019438, 34.966732999796335], [-120.30356599968576, 34.96554799969452], [-120.30350600030962, 34.96546900015803], [-120.30339400015664, 34.96531900006441], [-120.30336200036959, 34.96527599971209], [-120.30335300014875, 34.96526499987516], [-120.3033280000344, 34.9652309999013], [-120.30326899958484, 34.96515299977811], [-120.30309700005573, 34.96492200033671], [-120.30302799956043, 34.964828999660675], [-120.30258200039489, 34.964230999773825], [-120.30241099979236, 34.96400099967454], [-120.301948999835, 34.96338100019194], [-120.30186000014656, 34.96294899997832], [-120.30181900013866, 34.96275300024137], [-120.3019320001166, 34.96203199972517], [-120.30220699957788, 34.96156800000073], [-120.30290600026, 34.96073600036364], [-120.30355900001308, 34.959867000301415], [-120.30359300034826, 34.95982199972874], [-120.30400300042709, 34.95886700023489], [-120.30401699977247, 34.95874899997284], [-120.30402900036637, 34.958676999829294], [-120.30403199984111, 34.95865799998535], [-120.3040460000848, 34.95857600029849], [-120.30406600017628, 34.95846099975541], [-120.30407799987185, 34.95838999989649], [-120.30408200006983, 34.95836600024134], [-120.30408999956741, 34.958318000173776], [-120.30409200011556, 34.958297999707845], [-120.30409399976537, 34.95827499982863], [-120.30413899997123, 34.95800299999904], [-120.30414700036712, 34.95795200029858], [-120.30413499977325, 34.95718099987807], [-120.30413399994833, 34.957099000185856], [-120.30411499968177, 34.95700200019261], [-120.30410399981112, 34.95694600003795], [-120.30409399976537, 34.9569120002935], [-120.30398400016053, 34.95651900036149], [-120.3038419998703, 34.956114999688516], [-120.30353700027176, 34.955512000344854], [-120.30346899960138, 34.95540500009555], [-120.30325000021661, 34.95506000009505], [-120.30308399963694, 34.954798999674075], [-120.30297499985699, 34.95462700034427], [-120.30275200027422, 34.954277000019964], [-120.30224099991305, 34.953661000030834], [-120.30197399994935, 34.95348100015926], [-120.30162699961976, 34.95324799974664], [-120.30154100030433, 34.953208999881426], [-120.30074000041327, 34.95284200014696], [-120.30002700038574, 34.95251500032932], [-120.29859499958458, 34.95178900015795], [-120.2983870000704, 34.95164300032868], [-120.29766499982206, 34.95113800005868], [-120.2976399997077, 34.95111999982983], [-120.29757299976056, 34.95107299982709], [-120.29755000019435, 34.95105999977462], [-120.29719100016914, 34.95085000034008], [-120.29707200034345, 34.950779999672704], [-120.29688700039551, 34.95064100026351], [-120.29655900033246, 34.95039499971969], [-120.29636199979066, 34.95019399990363], [-120.29620100013217, 34.9500299997106], [-120.29610099967474, 34.94992799992792], [-120.29591300025207, 34.94973600033923], [-120.2958360002592, 34.94959899971347], [-120.29576599993898, 34.949474999901085], [-120.2957380003499, 34.94942499995926], [-120.295653999786, 34.94927599986348], [-120.29562600019692, 34.94922699971353], [-120.29537900032469, 34.94879100032018], [-120.29520600007234, 34.948484999648294], [-120.29482799978057, 34.947401000187305], [-120.29466399974903, 34.946928999833865], [-120.29454800029639, 34.94659399969403], [-120.29447200012841, 34.94561800013506], [-120.29456800038787, 34.94479500029021], [-120.29458299955819, 34.94466300008856], [-120.29471099960469, 34.94356099975256], [-120.29469499971117, 34.94266599966341], [-120.29457500006058, 34.941971999962355], [-120.2942319999289, 34.94134600020409], [-120.29374400003228, 34.94031000021294], [-120.29345500032726, 34.93947999988967], [-120.29336099971762, 34.93857599979349], [-120.29336400009068, 34.93763100002311], [-120.29310899982255, 34.93644799979014], [-120.2930350002027, 34.93613200019491], [-120.29281400026977, 34.93518299991184], [-120.29274099957652, 34.93486699986171], [-120.2925909997887, 34.9342489996618], [-120.29234700028952, 34.93323899973936], [-120.29224199980922, 34.93237699992284], [-120.29218800028086, 34.93193199966873], [-120.29218900010578, 34.93174499981637], [-120.29217999988495, 34.930310000342686], [-120.29241900025956, 34.92925199964832], [-120.29328100025, 34.92542599999857], [-120.29351499970342, 34.924809999805454], [-120.29393200035327, 34.92422400006215], [-120.2940639996994, 34.92404000024221], [-120.29456699966462, 34.923335999747984], [-120.29470700030507, 34.92311899987817], [-120.29529499976081, 34.92242400027205], [-120.29623700011717, 34.92143500001441], [-120.29703299998539, 34.92060800026434], [-120.29706499977245, 34.920574999709515], [-120.29711199962809, 34.92052600008881], [-120.29716100003189, 34.920474999911406], [-120.29719199999403, 34.92044300030381], [-120.29723200017703, 34.920401999775585], [-120.29728900007841, 34.92034200007948], [-120.29734699980476, 34.92028100007341], [-120.2973860001628, 34.920240000200835], [-120.29740100023142, 34.92022499988303], [-120.29742999964542, 34.92019399970858], [-120.29744499971403, 34.92017299998766], [-120.29745800013283, 34.92016500005752], [-120.29752900027792, 34.92009100011414], [-120.29764599955548, 34.91996800015017], [-120.29774000016512, 34.9198700001547], [-120.29780999958703, 34.91979700021732], [-120.29832400032122, 34.91925900015953], [-120.29899100031801, 34.91822599978545], [-120.29928300039606, 34.91766099980153], [-120.29947400019175, 34.91729200021691], [-120.29992799975321, 34.91633299984642], [-120.30024499994562, 34.91544900015886], [-120.30027099988489, 34.914696999810225], [-120.30017200015067, 34.914085000005656], [-120.29993100012626, 34.9131190002084], [-120.29959899986524, 34.912032000016886], [-120.29912600003722, 34.91069699986918], [-120.29898799994496, 34.910222999689914], [-120.29889699970836, 34.909907999670324], [-120.29880999966973, 34.90939999980309], [-120.29884800020287, 34.908786999883866], [-120.29896700002855, 34.90833299986099], [-120.29915899964918, 34.907932999951214], [-120.29919399980929, 34.90786199980963], [-120.29924300021308, 34.90771000030656], [-120.29929699974144, 34.907540999990744], [-120.29934600014523, 34.907391000003216], [-120.29944800025248, 34.907071999933834], [-120.29947800038973, 34.90705099980268], [-120.29950900035186, 34.90703100009371], [-120.29954100013892, 34.90700900026089], [-120.2995550003826, 34.9069989996652], [-120.29960899991097, 34.90696200002903], [-120.29962300015468, 34.90695200016432], [-120.30015399970901, 34.906588000281715], [-120.30026800041013, 34.90651000036007], [-120.30110799976097, 34.905935000048956], [-120.30179800022226, 34.90558600012714], [-120.30182699963629, 34.90557100007826], [-120.3022860001189, 34.90576400035072], [-120.30239700044699, 34.90577200021101], [-120.3026049999611, 34.905787999929174], [-120.30264699979391, 34.9057909997839], [-120.30266600006048, 34.905792000226626], [-120.30267799975606, 34.90579299993256], [-120.30290299988695, 34.905810000089126], [-120.3029549997655, 34.905813999648785], [-120.30329700007226, 34.90583899965476], [-120.30351700018028, 34.90585599980181], [-120.30361699973939, 34.905862999948], [-120.3037930003648, 34.905825999799944], [-120.3038340003727, 34.90581799994492], [-120.30396499989395, 34.90569299980699], [-120.30414599964391, 34.905212999719204], [-120.30430700020071, 34.90514200017254], [-120.30506999955864, 34.90480700030022], [-120.3054479998504, 34.904640999799916], [-120.30691900011132, 34.90442399986477], [-120.30733000001503, 34.90436299981708], [-120.3078050003912, 34.90422099992912], [-120.30831099983118, 34.904070000043504], [-120.30866700038163, 34.90404099985313], [-120.309009999615, 34.904013000116926], [-120.30957600022775, 34.90403200009686], [-120.31009099988857, 34.90398399990647], [-120.31051000018822, 34.90387100036046], [-120.31088500010695, 34.903785000015034], [-120.31129600001067, 34.903771000104506], [-120.31149799967704, 34.90376399977992], [-120.31196300000745, 34.903817000222595], [-120.31213200006187, 34.903951000035576], [-120.31216399984889, 34.903962999722246], [-120.31231399963674, 34.90408699982005], [-120.31255399983623, 34.90428499999204], [-120.31278300016511, 34.904434999759864], [-120.3129449996485, 34.90454200020278], [-120.31326699986376, 34.90473900029561], [-120.31403400031797, 34.90520900013032], [-120.31424900040312, 34.905306000236244], [-120.31459199963649, 34.905462000082785], [-120.31472600042913, 34.90552399976001], [-120.31512499973894, 34.90570900027731], [-120.31525699998343, 34.905770999768045], [-120.31533499980125, 34.90580700023514], [-120.31556599977992, 34.90591500006817], [-120.31564299977282, 34.90595099973542], [-120.31570600042033, 34.90596900029983], [-120.315893999843, 34.90602100035287], [-120.31595699959216, 34.90603799972552], [-120.31616400017973, 34.906094999719876], [-120.31633900008192, 34.90614300014974], [-120.31678400032085, 34.906254000115375], [-120.31699100001008, 34.906305000288185], [-120.31712200042965, 34.90633700025045], [-120.31765100033415, 34.906550000026925], [-120.317985000245, 34.9067580000432], [-120.31829800023944, 34.907038000139735], [-120.31858500029462, 34.90750199975513], [-120.31887099962655, 34.90799799974689], [-120.31910900017627, 34.90876600019128], [-120.31916199987971, 34.908935999863424], [-120.31975600008154, 34.91000100002634], [-120.31992799961068, 34.910228000159904], [-120.32004599961147, 34.910384999881835], [-120.32034799973525, 34.910688999752125], [-120.32063200031568, 34.91096800006001], [-120.32064200036143, 34.91123300004486], [-120.3205560001477, 34.911503999939704], [-120.32046099971315, 34.91171900031259], [-120.32045200039062, 34.9117889996958], [-120.32043499977388, 34.91191899976], [-120.32067199960035, 34.91287200020605], [-120.32080300001991, 34.913349000138844], [-120.32100300003646, 34.91378700004992], [-120.32132199987869, 34.914170999875786], [-120.32160100043626, 34.91459500028242], [-120.32202999988334, 34.91564799977229], [-120.32247599994719, 34.91632500027861], [-120.32281200040616, 34.91678199975494], [-120.32318399995182, 34.91733600025846], [-120.32342900017422, 34.91774999976242], [-120.32409399962286, 34.91887400028211], [-120.32445900039416, 34.919331999838846], [-120.32448799980816, 34.91964600025182], [-120.3245899999154, 34.92011399965573], [-120.32464799964171, 34.920865000202745], [-120.32465400038782, 34.92094299974403], [-120.32466199988544, 34.92104699999911], [-120.32466899955811, 34.92117500035877], [-120.32467000028136, 34.921195999823304], [-120.32467100010625, 34.921221000301166], [-120.32467299975609, 34.92125200008769], [-120.32467399958098, 34.92126799973533], [-120.32468000032709, 34.921377000105984], [-120.32469200002267, 34.921617000019786], [-120.32467100010625, 34.92170100033939], [-120.32464400034209, 34.92180700012901], [-120.32463000009838, 34.92186299997646], [-120.32461400020485, 34.92192600003539], [-120.32460499998403, 34.92196399980199], [-120.3245890000905, 34.92202900027305], [-120.32457999986966, 34.922065000239854], [-120.32456599962595, 34.92207899997712], [-120.32453800003687, 34.922107000181086], [-120.32445199982313, 34.92219299974824], [-120.32442400023405, 34.922220999913314], [-120.32444900034841, 34.92224600007898], [-120.32448399961021, 34.92228099970883], [-120.32452100031844, 34.92231799980635], [-120.32454399988465, 34.92234100019697], [-120.32508000036017, 34.92286199963296], [-120.32633999983555, 34.92389300013364], [-120.3264419999428, 34.92397700033318], [-120.32755699965323, 34.92500599966546], [-120.32830499984088, 34.92582099984955], [-120.32933800043385, 34.92659300001834], [-120.33062499967342, 34.927426000184525], [-120.33167300033502, 34.92797100019928], [-120.33199999967486, 34.928139999698246], [-120.33259300005177, 34.92844500026196], [-120.33353700005797, 34.92921700004585], [-120.33390399958081, 34.929538999949635], [-120.3339870003198, 34.92961200005858], [-120.33411199999328, 34.92972199980747], [-120.33423599984181, 34.92983099999571], [-120.33431899968251, 34.92990399984482], [-120.33439700039858, 34.929972000362135], [-120.33451399967618, 34.93007399992773], [-120.33463199967692, 34.93017700024847], [-120.33471000039306, 34.93024399965837], [-120.33485000013515, 34.93036500013588], [-120.33504599995372, 34.93051500012093], [-120.33585299969259, 34.93112899993058], [-120.33609200006718, 34.93127799985959], [-120.33645799976507, 34.931506000195824], [-120.33669399976662, 34.931654000049136], [-120.33728899979337, 34.93202500011], [-120.33740299959621, 34.932094999849966], [-120.33764000032099, 34.9322399997526], [-120.33838400031064, 34.932696000335746], [-120.33893199958342, 34.933031999918654], [-120.3401989996298, 34.93377600009432], [-120.34066700033326, 34.933957999975156], [-120.34147800027007, 34.93427499994042], [-120.34155100006502, 34.934303999759905], [-120.34174699988363, 34.934380000330194], [-120.34177000034812, 34.93438399997065], [-120.34184599961779, 34.93439699972138], [-120.34189900021956, 34.93440599983083], [-120.34197600021245, 34.934419000314485], [-120.3420559996801, 34.93443200005968], [-120.34210699973373, 34.93444100016528], [-120.34364999996463, 34.93470199985283], [-120.34550000034221, 34.93501400019261], [-120.34586500021521, 34.935179000310335], [-120.34652999966382, 34.9356640000959], [-120.3477950000604, 34.936302999961526], [-120.34794599967316, 34.936395999865816], [-120.34832399996492, 34.93662999963369], [-120.34866299989862, 34.93683900007664], [-120.34885700006738, 34.936959000336984], [-120.34892599966439, 34.93700200008071], [-120.34914099974954, 34.93713400009506], [-120.34926600032131, 34.93723500026946], [-120.34940100004053, 34.93734099987393], [-120.34960199988198, 34.93750000012841], [-120.34980400044665, 34.93766000012893], [-120.34993800034096, 34.93776599992055], [-120.35001600015877, 34.93782800023535], [-120.35040699997101, 34.93812599978801], [-120.3506520001934, 34.93831299982174], [-120.35134500012943, 34.93873299978066], [-120.35195900042277, 34.938954999784244], [-120.35223200023422, 34.939053999850834], [-120.35252000011432, 34.93913799999216], [-120.3527140002831, 34.93919499982866], [-120.35302999975227, 34.939287000101324], [-120.3532580002562, 34.93944700029762], [-120.35342300011263, 34.939563000300005], [-120.3535949996418, 34.939686999638646], [-120.35387099982633, 34.93988400006709], [-120.35411299967565, 34.94005600013649], [-120.35428599992801, 34.94017900017896], [-120.35441499979942, 34.94027100008413], [-120.35478499969528, 34.94053399966809], [-120.35479700028918, 34.940548999954935], [-120.35488000012984, 34.94065699972998], [-120.35489299965032, 34.940674000029375], [-120.35490900044216, 34.94069399964072], [-120.35495600029782, 34.94075499993466], [-120.35497100036643, 34.9407750002626], [-120.35497999968895, 34.940785999704545], [-120.35499399993265, 34.94080500000898], [-120.35500599962822, 34.94081300013588], [-120.35501400002414, 34.94083099968216], [-120.35508900036723, 34.94092999969327], [-120.35520300017002, 34.941080000241115], [-120.3553129997749, 34.94122599973517], [-120.35534299991214, 34.941265000146146], [-120.35538899994287, 34.941325000005826], [-120.36124499960076, 34.94646599996718], [-120.36430299957516, 34.94796699999849], [-120.3760809999115, 34.9546649996879], [-120.37704699965899, 34.955210999665766], [-120.37736600039953, 34.955414000108156], [-120.3776939995643, 34.95562199996009], [-120.39081400029006, 34.963108999641335], [-120.39099599986493, 34.96326100032015], [-120.39104899956838, 34.96330499999906], [-120.39147700008888, 34.96352099982024], [-120.391684999603, 34.963626000304714], [-120.39296699971804, 34.96421199974529], [-120.39306499962731, 34.96425700011574], [-120.39349800017068, 34.96433099996772], [-120.39576100010183, 34.96560699973663], [-120.40281500020913, 34.9693819997816], [-120.40296099979898, 34.96946099996169], [-120.40316900021145, 34.969571999657425], [-120.40321100004424, 34.96959500004641], [-120.40327399979343, 34.96962800001717], [-120.40333800026585, 34.969663000038565], [-120.40337900027372, 34.96968500000228], [-120.40340500021301, 34.96969899970842], [-120.40344399967276, 34.96971999999927], [-120.40348200020588, 34.969739999885675], [-120.40350800014518, 34.96975400031856], [-120.40357199971926, 34.96978900028611], [-120.4037640002382, 34.969894999760044], [-120.40381199991879, 34.96992200017357], [-120.40382699998739, 34.969929999667315], [-120.40388499971371, 34.969961999842916], [-120.40397199975234, 34.970009999714755], [-120.40405799996606, 34.97005800029462], [-120.40411599969238, 34.970089999684085], [-120.40455500008355, 34.97033300029873], [-120.40499399957633, 34.97057600019255], [-120.40501100019313, 34.970585000011226], [-120.40775399962496, 34.971960000356724], [-120.40866800039224, 34.97241800012811], [-120.40889900037094, 34.97253399985023], [-120.40924599980225, 34.972707999861434], [-120.40959200030699, 34.972880999878434], [-120.40982300028567, 34.97299699968098], [-120.41009299972409, 34.973132000227835], [-120.41049600013021, 34.97333400008536], [-120.41090100018617, 34.97353699979738], [-120.41097999982888, 34.97357600029362], [-120.41116999979968, 34.97367200019033], [-120.41298599984208, 34.97458299988216], [-120.41301299960627, 34.97459599988359], [-120.41450599960845, 34.9753440003427], [-120.41466200014241, 34.97542200033189], [-120.41491800023543, 34.975549999737844], [-120.41585399984571, 34.97601899991187], [-120.41843399996927, 34.97731200023578], [-120.41933199994473, 34.977762000058185], [-120.42024599981372, 34.97822799992774], [-120.42033200002743, 34.97827199966473], [-120.42046099989886, 34.97833799996186], [-120.42058899994537, 34.97840299991256], [-120.4206750001591, 34.978447000291574], [-120.4209139996354, 34.97856899984696], [-120.42127199983568, 34.97875099965444], [-120.42163000003595, 34.978934000080194], [-120.42186799968734, 34.9790550000969], [-120.42196099957376, 34.97910200024375], [-120.42223599993339, 34.97924200023944], [-120.42232799999489, 34.97928900027895], [-120.42327100017617, 34.97976800020832], [-120.42408799996079, 34.98018200032087], [-120.42584899975157, 34.981075000192796], [-120.42609499979888, 34.98121199971872], [-120.4264339997326, 34.98140000034437], [-120.42701799988869, 34.98172600019464], [-120.4272220001032, 34.98184000021532], [-120.42732199966231, 34.98189600028352], [-120.42782899982551, 34.98217900005561], [-120.42803399986492, 34.982293000181635], [-120.42808999994142, 34.98233599969722], [-120.42818399965277, 34.98237599992818], [-120.42827499988935, 34.98242699988146], [-120.42833400033888, 34.98245999983429], [-120.42852199976156, 34.98256500033175], [-120.42908300035144, 34.9828779998031], [-120.42926999994918, 34.98298200026324], [-120.42997299993098, 34.98337400035735], [-120.43208100005143, 34.98454799998266], [-120.43290500040703, 34.9851299997872], [-120.43297999985178, 34.985188000234054], [-120.4331430000584, 34.98532699991943], [-120.43495699955265, 34.9864590001664], [-120.43516499996512, 34.986572000027486], [-120.43523600011022, 34.98661400004688], [-120.43533200036968, 34.98667600021126], [-120.43545500039335, 34.986745000196564], [-120.43547299993669, 34.98675899993054], [-120.43595900018349, 34.98692799968398], [-120.43588399984041, 34.98702000010425], [-120.43596199965823, 34.987060999706266], [-120.43605299989481, 34.986959999841915], [-120.43606799996344, 34.986966000238084], [-120.4361640002229, 34.986998999833446], [-120.43630800016297, 34.98703799980644], [-120.4369109996873, 34.98728599963385], [-120.43703700008402, 34.98746799993732], [-120.43727399991049, 34.98746500012566], [-120.4380859996722, 34.987748999963074], [-120.43812599985517, 34.987771999663195], [-120.43826999979521, 34.98781899995821], [-120.43891000002782, 34.9879999996367], [-120.43898399964766, 34.98802199982649], [-120.43910099982351, 34.9880450001859], [-120.4393870000538, 34.98810800017722], [-120.43976100014761, 34.988193000263884], [-120.43999700014916, 34.98825399979552], [-120.44024999986912, 34.988322999922744], [-120.44130500020341, 34.98850000001518], [-120.44179700029802, 34.98855599994393], [-120.4423160001568, 34.988583000093044], [-120.44263499999903, 34.988600000018806], [-120.44300400006995, 34.98861699994103], [-120.44326099998791, 34.988620999878925], [-120.44352499957854, 34.98862599998498], [-120.44370000037905, 34.988628999754106], [-120.44385600001468, 34.9886320002591], [-120.44424000015422, 34.988644000069975], [-120.4442390003293, 34.98883500031919], [-120.44433300004066, 34.988839999676266], [-120.4444789996305, 34.98884700010036], [-120.44469600026379, 34.98885799971419], [-120.4451320002819, 34.98886799989712], [-120.44531100038202, 34.988865000136755], [-120.44579900027865, 34.9888729999881], [-120.446153000281, 34.98889399977819], [-120.4467299998661, 34.988910999639366], [-120.44697300043863, 34.98892199998057], [-120.44763000038968, 34.98895400009499], [-120.4477860000253, 34.98895400009499], [-120.44795300042986, 34.98897600002845], [-120.44860500035801, 34.98902399979572], [-120.4488789999944, 34.989045000283035], [-120.44944200023411, 34.98905199995363], [-120.44984599956685, 34.98908000010198], [-120.45022700023166, 34.98910200000157], [-120.45071299958015, 34.989121000144216], [-120.45104599966609, 34.989140000282454], [-120.45153600011086, 34.98915200001892], [-120.45182999983872, 34.989154999768765], [-120.4521100002212, 34.98915800025441], [-120.45235200007056, 34.989161000004046], [-120.45255600028504, 34.98917100014996], [-120.4527780000429, 34.98919099970214], [-120.45281099965486, 34.9892109999854], [-120.45328299965797, 34.98920499975374], [-120.45381900013348, 34.98924099966513], [-120.45802000030577, 34.989397999747865], [-120.45844700010302, 34.98944300026451], [-120.45927499975828, 34.98953000001563], [-120.45972500002007, 34.989574000302945], [-120.46015099999242, 34.9896150000977], [-120.46020100022113, 34.98962600034431], [-120.46053099993402, 34.98965400029631], [-120.46381900006222, 34.98999499973171], [-120.47132599990604, 34.99077299994782], [-120.47139000037845, 34.990779000064556], [-120.47482999994433, 34.991074999634264], [-120.47751499964984, 34.99130599964635], [-120.478503000037, 34.991391000092065], [-120.4795879996102, 34.99148400004569], [-120.48069800019607, 34.99158000029052], [-120.48283700027865, 34.99183200012162], [-120.48391699982899, 34.99195999963354], [-120.48393699992046, 34.99194700018093], [-120.48554200007568, 34.99209800020551], [-120.48794499974889, 34.992335000276846], [-120.49336199991394, 34.992871999837234], [-120.49515200001707, 34.99304899966034], [-120.49622200041996, 34.993154999936564], [-120.49752999957596, 34.99286900022359], [-120.49821099981642, 34.992719999650355], [-120.49923199981552, 34.99249600006122], [-120.50025399963953, 34.992271999859064], [-120.5009340000551, 34.99212299967095], [-120.50096099981928, 34.99211699965274], [-120.50100000017734, 34.99210900011843], [-120.50104200001013, 34.992099999721425], [-120.5010679999494, 34.99209399970158], [-120.50171900005266, 34.991950999956096], [-120.5036720003624, 34.99152300008971], [-120.5037019996013, 34.99151700002756], [-120.50432199974243, 34.991381000217366], [-120.50531099995447, 34.991164000133494], [-120.50624300026509, 34.990959999821676], [-120.51200400038675, 34.989697000361694], [-120.51392400018624, 34.98927600013623], [-120.51818800010767, 34.9883200001424], [-120.53097999987206, 34.9854539998281], [-120.53524299996863, 34.98449900031613], [-120.53526700025807, 34.98449399995794], [-120.53528499980142, 34.98448999981841], [-120.53856999955659, 34.983754000256766], [-120.53858499962519, 34.983741999729126], [-120.53983300030333, 34.982730999925295], [-120.54074899982213, 34.98198899998363], [-120.54166500023925, 34.98124699994228], [-120.54166699988907, 34.98122699992147], [-120.54180699963116, 34.98105699991573], [-120.54199400012722, 34.98089200013541], [-120.54245500025968, 34.980551999852054], [-120.54268000039056, 34.980402000144146], [-120.54273499974383, 34.98036499975684], [-120.54328899976271, 34.97994200030792], [-120.54345600016728, 34.979776999752985], [-120.54378300040544, 34.97952500035152], [-120.54392399997242, 34.979388000211316], [-120.54417699969244, 34.979271999891935], [-120.54433099967821, 34.97926099972624], [-120.54453099969476, 34.97931099986539], [-120.54471099961982, 34.9792830000562], [-120.54478400031306, 34.97928900027895], [-120.54501799976647, 34.97920099966613], [-120.54522500035401, 34.97917400010318], [-120.54545899980742, 34.97909700029203], [-120.54573900018993, 34.9789919997638], [-120.54607300010076, 34.97894299971653], [-120.54661399970082, 34.97880600007472], [-120.54687399999185, 34.97879999981652], [-120.54709400009986, 34.97881100004421], [-120.54718399961324, 34.97875399978538], [-120.54858899975189, 34.97786899981891], [-120.55008400030223, 34.976926999798984], [-120.55021900002146, 34.97684199979317], [-120.55062300025249, 34.97658800029808], [-120.55075799997168, 34.97650299994048], [-120.5510319996081, 34.9763300002131], [-120.55110500030133, 34.97628400026666], [-120.55185299959065, 34.97581300022426], [-120.55212600030043, 34.975641000102435], [-120.55220599976805, 34.97559099993082], [-120.55244099994472, 34.9754429998916], [-120.55251999958742, 34.975393000335146], [-120.55254100040213, 34.975379999724126], [-120.55255599957245, 34.975370999696246], [-120.55266400042576, 34.97530199969495], [-120.55269899968756, 34.97527999976769], [-120.5529620003516, 34.975115000124724], [-120.55297300022227, 34.975107999998706], [-120.55314899994936, 34.97499699970777], [-120.55374800017405, 34.97461999993748], [-120.55400900028997, 34.97445499970098], [-120.55411499969688, 34.97438800034875], [-120.55412899994059, 34.97437999981822], [-120.5541380001614, 34.974373999971796], [-120.55422799967478, 34.97431700030523], [-120.55437800036094, 34.97422200003668], [-120.55442000019373, 34.974195999912965], [-120.55443699991216, 34.974184999801516], [-120.554518000103, 34.9741339998678], [-120.55454999989006, 34.97411400031812], [-120.55459199972286, 34.974088000160116], [-120.55460599996654, 34.97407899999026], [-120.55462000021025, 34.97406999981943], [-120.55464600014955, 34.97405400016754], [-120.55466500041612, 34.9740419996905], [-120.55467700011168, 34.97403399986221], [-120.55487499958008, 34.97390899986765], [-120.55491099956508, 34.97388700030228], [-120.55491999978591, 34.973880999683686], [-120.55506000042634, 34.973925999895755], [-120.55525399969677, 34.97398899970948], [-120.55545399971331, 34.97405400016754], [-120.55558699978269, 34.97409700032899], [-120.5564889999561, 34.97439000029726], [-120.55919399975313, 34.97526699987477], [-120.56009500010163, 34.97555899974606], [-120.56069000012837, 34.97575200025666], [-120.56158200025605, 34.97604099964067], [-120.56247299966051, 34.9763300002131], [-120.56306799968723, 34.97652299964284], [-120.56311899974087, 34.97653900028457], [-120.56319499990884, 34.97656400008481], [-120.56327199990174, 34.97658899987742], [-120.56332200013047, 34.976604999770174], [-120.56375899997347, 34.97674700024524], [-120.56506899967756, 34.97717399976535], [-120.56550399987076, 34.9773159999899], [-120.56558099986366, 34.977331999740564], [-120.56574499989519, 34.977365000274595], [-120.56581000019249, 34.9773779998345], [-120.5658240004362, 34.97738100001575], [-120.56588600036049, 34.9773930000035], [-120.565902000254, 34.97739600018419], [-120.56593300021615, 34.97740199980924], [-120.56607299995824, 34.97743099983062], [-120.56611899998899, 34.97743999963212], [-120.56613800025556, 34.977444000116066], [-120.5661619996467, 34.977449000168704], [-120.56622100009625, 34.97746100014655], [-120.5662460002106, 34.9774660001981], [-120.56627600034784, 34.97747199981801], [-120.56663100017505, 34.97746100014655], [-120.56675900022158, 34.97745699966343], [-120.56682600016872, 34.977454999789806], [-120.56702399963713, 34.97744799986379], [-120.56725200014107, 34.97744099993712], [-120.56745499963237, 34.977435000315], [-120.5676479999762, 34.977437000189106], [-120.56813199967486, 34.97744200024218], [-120.57016199997751, 34.97746499989339], [-120.57025499986395, 34.9774660001981], [-120.5708289999743, 34.97756699999709], [-120.57096799989147, 34.977590000349274], [-120.57138299999316, 34.97766000019735], [-120.57152100008541, 34.977682999787405], [-120.57296499968382, 34.97792200023333], [-120.57519099980505, 34.9782910001126], [-120.57682000024968, 34.976912000280606], [-120.57793699960993, 34.97596700006108], [-120.57799500023458, 34.97591799967597], [-120.57816699976371, 34.97577299973176], [-120.57822299984021, 34.97572500029269], [-120.57825600035048, 34.97569699999346], [-120.57835699973451, 34.975610999855895], [-120.57839000024478, 34.975583000253835], [-120.57967099963658, 34.974498999992846], [-120.58231400040764, 34.972260999874585], [-120.58315499958336, 34.97093299984697], [-120.58375999965585, 34.969976999897895], [-120.58389899957304, 34.96975700004294], [-120.58391199999181, 34.969735999761575], [-120.5839179998396, 34.96972600018654], [-120.58392399968739, 34.96971700027354], [-120.58394100030415, 34.969689999792394], [-120.5839739999161, 34.969638000340304], [-120.5840519997339, 34.969515000329835], [-120.58422599981117, 34.96923999978812], [-120.58425299957536, 34.96919799969104], [-120.58429199993341, 34.969136999949825], [-120.58433100029147, 34.96907499975607], [-120.58435700023074, 34.969033999982074], [-120.58493399981583, 34.96813100008059], [-120.58551600032212, 34.967220999731765], [-120.58764399963573, 34.96706300012817], [-120.58871200038881, 34.96698399984405], [-120.58888899994083, 34.96697100010681], [-120.58915199970653, 34.96695100028055], [-120.58941500037061, 34.96693200014661], [-120.5895910000977, 34.96691899966497], [-120.59056799971587, 34.96684799977285], [-120.59077399958018, 34.96683299988112], [-120.59085700031918, 34.96682700021807], [-120.59111000003918, 34.966808999754114], [-120.59217600024412, 34.966730999660875], [-120.5923019997425, 34.96672200015496], [-120.59260499969118, 34.966700000131695], [-120.59265599974482, 34.96669599985917], [-120.59270699979845, 34.96669200032254], [-120.59272400041519, 34.96669099988626], [-120.59283099964699, 34.96668300007622], [-120.59317200012885, 34.96665800020476], [-120.59349400034414, 34.966634999727304], [-120.59446900031247, 34.966564000325235], [-120.59460900005456, 34.96655400036302], [-120.5948169995687, 34.96653799997925], [-120.5950259998061, 34.96652300003076], [-120.59516499972327, 34.966513000063536], [-120.59523300039363, 34.966508000079465], [-120.59543300041017, 34.96649300012548], [-120.5955000003573, 34.966488000140195], [-120.59559499989355, 34.966580999669226], [-120.59588000029892, 34.966859999831556], [-120.59597599966008, 34.9669529996745], [-120.5961599997831, 34.967133000139235], [-120.59643599996761, 34.96740200003531], [-120.59671200015214, 34.96767200020861], [-120.59689600027515, 34.9678519998298], [-120.59788799996196, 34.968806999874666], [-120.59834999991928, 34.96925200023254], [-120.60083899980626, 34.971646000001314], [-120.60086599957044, 34.97167200019841], [-120.60136900043398, 34.97215600015128], [-120.60192199972963, 34.97255100016376], [-120.60195500023991, 34.97257500008076], [-120.60205599962394, 34.97264699978959], [-120.60207599971542, 34.97266099972563], [-120.60208999995913, 34.972670999678506], [-120.60210000000487, 34.9726780000128], [-120.60211199970043, 34.972687000336606], [-120.60217799982267, 34.97273399972137], [-120.60219899973906, 34.97274900000492], [-120.6023629997706, 34.972727999754426], [-120.60285499986519, 34.97266499970689], [-120.60301899989673, 34.972644000171044], [-120.60321899991324, 34.97261699991863], [-120.60351699983909, 34.97257599970912], [-120.60381599958984, 34.97253599984402], [-120.60401499978146, 34.972509000292064], [-120.60706899955794, 34.97209499966834], [-120.61314299967403, 34.97127199993442], [-120.6147310001108, 34.96859700027237], [-120.61630399958062, 34.96594899964288], [-120.61771799994011, 34.96561300022515], [-120.62126200016135, 34.96477199997779], [-120.62195500009737, 34.964608000242904], [-120.62336699990874, 34.96427300020876], [-120.62357699997104, 34.96422299972359], [-120.62388999996546, 34.964148999774075], [-120.62420499960974, 34.964074000025626], [-120.6244130000222, 34.96402499988791], [-120.62463200030533, 34.96396300024253], [-120.62496000036838, 34.96386999995035], [-120.62528900025634, 34.96377599981687], [-120.62550699981624, 34.96371399998307], [-120.62560800009857, 34.96368599999529], [-120.6259060000244, 34.963601999974465], [-120.62600499975862, 34.96357399994838], [-120.62621300017108, 34.963517999867534], [-120.62652500034062, 34.96343500015053], [-120.626610999656, 34.96341200024068], [-120.62662200042497, 34.963409000283974], [-120.6268359997869, 34.96335200034946], [-120.62704400019938, 34.963296000116884], [-120.62718899996433, 34.96325699987971], [-120.62740599969932, 34.96319999983944], [-120.6276240001575, 34.96314200001611], [-120.62776800009756, 34.96310299970564], [-120.62786099998397, 34.96308400015167], [-120.62799900007623, 34.963055999948615], [-120.62813799999343, 34.96302799973594], [-120.62823000005493, 34.96300900016465], [-120.62887399958717, 34.96287699984395], [-120.62967600020146, 34.962373000076916], [-120.6337490003272, 34.959810999895794], [-120.63414400033741, 34.959562000271376], [-120.63494400040358, 34.96037000024413], [-120.63497500036574, 34.96040099995955], [-120.63501999967325, 34.96044799976701], [-120.63506700042723, 34.960495000283686], [-120.63509699966615, 34.960525000176474], [-120.63513799967401, 34.96056500001644], [-120.63519799994847, 34.96062399996557], [-120.63525900004784, 34.96068299987225], [-120.63529900023084, 34.96072199986208], [-120.63658999966836, 34.96201899993844], [-120.63852399971152, 34.963963999975924], [-120.64045899957962, 34.965909000222645], [-120.64174900009053, 34.96720599990827], [-120.64258199976867, 34.96804299999326], [-120.64508200042458, 34.97055399973203], [-120.6459150001027, 34.97138999982891], [-120.64597500037718, 34.971449999722616], [-120.64606300024072, 34.971537999830666], [-120.64615299975408, 34.97162799986009], [-120.64621100037874, 34.97168699994025], [-120.64658999959708, 34.972067999971024], [-120.64709599993536, 34.97257599970912], [-120.64786199966636, 34.9733450003111], [-120.6486109996789, 34.97409799993872], [-120.64911600019228, 34.97460499999663], [-120.64961599978447, 34.97484100031787], [-120.65057999988217, 34.97529599991613], [-120.65985099988984, 34.97967899983258], [-120.69205900025396, 34.994900999853776], [-120.70279499977643, 34.99997500025994], [-120.7080100002751, 34.98477799979788], [-120.71206499995921, 34.972925999903836], [-120.71243700040318, 34.97156800009682], [-120.71393299988013, 34.96676600018379], [-120.71444000004335, 34.963540999747586], [-120.7148300000307, 34.96263099995053], [-120.71792499981505, 34.95997699996137], [-120.72026200026436, 34.95629300001176], [-120.72220100033039, 34.95314999974811], [-120.72425599984906, 34.9496709997323], [-120.72574499965332, 34.94650000036282], [-120.72675300013194, 34.943805000225495], [-120.72740199968706, 34.94158399986589], [-120.72810999969171, 34.938257000155645], [-120.72841000016568, 34.934933999859844], [-120.72849700020433, 34.931944999807996], [-120.72850600042514, 34.93164699989288], [-120.728355999739, 34.92836399998374], [-120.72833099962466, 34.928238000128594], [-120.72776400008533, 34.92542099971788], [-120.72723000015792, 34.923316000323666], [-120.72882600009227, 34.92138399966533], [-120.73018799967492, 34.918081000160576], [-120.73194900036405, 34.9143029997924], [-120.73341700025189, 34.91016099987748], [-120.73432699992291, 34.90475099986714]]], [[[-119.11717399987633, 33.505600000170574], [-119.11894899991086, 33.500021999748576], [-119.1072149999555, 33.50002299978666], [-119.10794399987653, 33.49518400023369], [-119.10747000022361, 33.49541499990529], [-119.10790899971644, 33.49118699988154], [-119.10836499982602, 33.48578400020388], [-119.1092019997021, 33.48007100036183], [-119.10956900012322, 33.47427600015492], [-119.10908500042456, 33.46894199966969], [-119.10965399961373, 33.46228700007701], [-119.10880199966901, 33.456322999906824], [-119.10887899966191, 33.45115099967011], [-119.1061539997734, 33.44501199965713], [-119.10378100023743, 33.44044400000575], [-119.10076099989782, 33.435242000104886], [-119.09412799974, 33.42687200007037], [-119.08651299994115, 33.42138900029437], [-119.07851099962967, 33.41676499987672], [-119.07189300043879, 33.413799000146255], [-119.06412200010598, 33.4125459999345], [-119.05307100004092, 33.411024000016205], [-119.039630999648, 33.412219999776525], [-119.02704399992302, 33.41287400020637], [-119.01799899987115, 33.41505299979535], [-119.00952399973168, 33.41676700037477], [-119.0009309995914, 33.421301999713904], [-119.0009309995914, 33.418492999866444], [-118.99598499960454, 33.419963000330114], [-118.98872600035617, 33.42344099987618], [-118.9805120003326, 33.42859299979167], [-118.97848100020504, 33.431106000150585], [-118.97267999990045, 33.44317000024499], [-118.96982899961525, 33.45288899995416], [-118.96676499979301, 33.4579149999853], [-118.96375100019951, 33.46683000028263], [-118.96272799965227, 33.47330100034784], [-118.96275899961441, 33.48520500013123], [-118.9649040004431, 33.49530200000348], [-118.96601800032862, 33.50002299978666], [-118.96830700019903, 33.50556299964036], [-118.9710069999732, 33.510655000108976], [-118.97288599976476, 33.51383500012398], [-118.97653999959087, 33.51767600004619], [-118.97909999962292, 33.52064999994369], [-118.98214900027484, 33.52425999987103], [-118.98619899993606, 33.52742499970784], [-118.990046000106, 33.5302889997784], [-118.99279600010887, 33.531848999628224], [-118.99445300014258, 33.53271100011726], [-118.9978450000279, 33.534198999967685], [-119.00093200031465, 33.53582300034175], [-119.00093200031465, 33.5358950002164], [-119.00806699971447, 33.53755500016537], [-119.01212599959653, 33.5383359997973], [-119.01735000031604, 33.53918599973265], [-119.0239430002909, 33.54000300006815], [-119.03073700010718, 33.540115999996004], [-119.03624600033375, 33.53962199981225], [-119.04139399998697, 33.53862200036506], [-119.0470649996969, 33.537220999915455], [-119.04847200038371, 33.53728999980381], [-119.0508039999118, 33.53715900022924], [-119.05393999970406, 33.53676100000089], [-119.05655499998772, 33.536026000209], [-119.06041399985321, 33.53643500036013], [-119.06616199955606, 33.536712000209185], [-119.07014299962029, 33.53641600014331], [-119.07649700011886, 33.53514799972351], [-119.08373600017407, 33.53290699995172], [-119.09049300018046, 33.53029599984251], [-119.09869999963303, 33.52644199991059], [-119.10421100040773, 33.522887999780025], [-119.10871800000342, 33.51926399983981], [-119.11165600032727, 33.515471000035454], [-119.11507900017467, 33.509863999892126], [-119.11717399987633, 33.505600000170574]]], [[[-120.58226400017892, 34.10751700005004], [-120.58189699975779, 34.098556999853855], [-120.58154799977832, 34.09148799982069], [-120.57828800013756, 34.084204999810375], [-120.57380800030602, 34.07596599970516], [-120.56699500022313, 34.068638000336634], [-120.55938500044715, 34.06237600023516], [-120.55005099979195, 34.05728599988339], [-120.53555599996307, 34.05295500036878], [-120.53106299971274, 34.0516869998262], [-120.52338699981452, 34.051133000147914], [-120.52645200035997, 34.04145500003955], [-120.52585200031034, 34.032994000079384], [-120.5231390001174, 34.02281899982598], [-120.51878399995935, 34.01408000034203], [-120.51140699981187, 34.005689999949055], [-120.50620200025722, 33.99999599976057], [-120.50308400000836, 33.997346999882936], [-120.50099199978142, 33.996303000281486], [-120.50099199978142, 33.99550199985092], [-120.49772600029284, 33.99119900019692], [-120.48815099961323, 33.984282999809416], [-120.48076599996813, 33.980262000022705], [-120.47437200018493, 33.97842699989459], [-120.46677699957921, 33.97611600029944], [-120.45579400018454, 33.976272999855134], [-120.44619199974073, 33.977373000249564], [-120.43998499955529, 33.97553800033839], [-120.43218099961051, 33.97470300019167], [-120.42259400013366, 33.97494499972557], [-120.41876500040537, 33.97577300018567], [-120.41176599965134, 33.97704500007164], [-120.40568700041071, 33.973107000299045], [-120.39563600042837, 33.96742700000237], [-120.38479500042558, 33.96461900004892], [-120.37597999962915, 33.9629170002283], [-120.36707299966952, 33.96103600016035], [-120.35863000021541, 33.96139499986074], [-120.34687399962041, 33.96349399968269], [-120.33225300029314, 33.96842500032012], [-120.32703500031974, 33.96672899963768], [-120.31738600002029, 33.966370999930774], [-120.30819799985328, 33.966406000028904], [-120.29897299987634, 33.96845700014846], [-120.29892600002069, 33.96841499999874], [-120.29187199991338, 33.9622370002064], [-120.28558899955992, 33.957501999772326], [-120.28003300037602, 33.95393899999735], [-120.2793839999226, 33.94865800004985], [-120.27770500014756, 33.943362000244], [-120.2730960004446, 33.92957700036413], [-120.26449499990841, 33.91891600034058], [-120.25638999966476, 33.911672999926076], [-120.25096900020012, 33.908435999888916], [-120.24752399971304, 33.9066939997795], [-120.23871999968559, 33.904106000281175], [-120.23637499973867, 33.90013800032781], [-120.22963399962585, 33.892329000268056], [-120.22112800042254, 33.88418700005774], [-120.21495300002411, 33.880783999660814], [-120.20762899958008, 33.878907999714095], [-120.20237700016978, 33.87597999998506], [-120.19951400018901, 33.87500200005492], [-120.19339099966915, 33.868527999703026], [-120.18821600025174, 33.86635999999532], [-120.18299999992816, 33.86628700030698], [-120.17694599990358, 33.86154500026693], [-120.17032000031675, 33.857415999827566], [-120.16551099969892, 33.85564099983691], [-120.15707900011547, 33.853425000022526], [-120.14955100035526, 33.84796200017557], [-120.13992700017015, 33.84479899978796], [-120.13120400033354, 33.84319799977224], [-120.12596399972053, 33.84234799974188], [-120.11726599999825, 33.84157999993442], [-120.1040880004445, 33.84239599964054], [-120.09045499970775, 33.8463189998224], [-120.08010599979954, 33.85050600013665], [-120.07064999984394, 33.85649000002422], [-120.05844399988547, 33.85964400012749], [-120.04790900020443, 33.86359200030084], [-120.04253200022234, 33.86431900015397], [-120.0345380003068, 33.86447599998048], [-120.02780999971444, 33.86651199999427], [-120.0193389997729, 33.870554999632084], [-120.01553500015899, 33.87500399962848], [-120.0154730002347, 33.87507599990775], [-120.01541100031044, 33.87514800012627], [-120.00862099979375, 33.87883599968461], [-120.00095999996417, 33.88524800021556], [-119.98084200010591, 33.892317000042254], [-119.9723870000579, 33.89137799969623], [-119.96268099985703, 33.89243999985311], [-119.9502940001486, 33.894376000217044], [-119.93919000038008, 33.89864300034493], [-119.92879899974078, 33.905471000331744], [-119.91893000023161, 33.9143540003595], [-119.91102300035469, 33.92389800005309], [-119.9067300001209, 33.93237700029918], [-119.90567499978661, 33.93649499962957], [-119.90481100014637, 33.93950400013635], [-119.90476199974255, 33.939673999862926], [-119.89624399994537, 33.935742000257626], [-119.89069399971095, 33.93080299970855], [-119.88405300005552, 33.92598400012099], [-119.87822900018466, 33.92265400019022], [-119.87596000040577, 33.92138400035397], [-119.86959599986146, 33.916581999815854], [-119.86195199975027, 33.91083599984907], [-119.85521900003333, 33.90748700032113], [-119.8474369998299, 33.904225000222354], [-119.83441999993462, 33.90078800034622], [-119.82320800021107, 33.8993900003207], [-119.81022399992776, 33.9013239997811], [-119.79700199999303, 33.90634300035], [-119.78937200012555, 33.910131000119094], [-119.7836520000118, 33.909983000033755], [-119.7783150002127, 33.910611999739984], [-119.77282899955235, 33.912413999977524], [-119.76765300031008, 33.91143300033304], [-119.75855800002947, 33.910798000045126], [-119.75096099977397, 33.91139899972722], [-119.74549599992832, 33.91140900003835], [-119.74134400015987, 33.912618999952656], [-119.73141899967588, 33.91027399972578], [-119.71882600010312, 33.909631999982516], [-119.70749100035593, 33.91038799978773], [-119.69318200029986, 33.9136810002065], [-119.68759600008042, 33.9156390003382], [-119.6823920003507, 33.91844199966808], [-119.68058700017899, 33.91948699985244], [-119.67574900014714, 33.92058300017562], [-119.66913500025592, 33.92312799979222], [-119.6639590001153, 33.92640200006054], [-119.66116100043183, 33.92833799986259], [-119.65355599978041, 33.93009199965031], [-119.6474230001131, 33.9328120003031], [-119.64054200025818, 33.936257999713966], [-119.63673000024835, 33.93827699994345], [-119.6301730002585, 33.9369899997314], [-119.6259570000176, 33.936035999741826], [-119.61853100036463, 33.93588100008953], [-119.61370400020346, 33.936443999929914], [-119.61036800039469, 33.937199000152525], [-119.60208499987581, 33.93676800017713], [-119.59594499963751, 33.93808200001003], [-119.59068999985418, 33.93957799991], [-119.58158600025106, 33.93967000002229], [-119.57244699958956, 33.94113799970552], [-119.56329100010791, 33.94495499981605], [-119.55046699965814, 33.94495299964723], [-119.53894899961283, 33.947656000121384], [-119.53282500016635, 33.949874000106135], [-119.52331200030933, 33.95492500024448], [-119.51224399962753, 33.96219900023767], [-119.50576100015584, 33.96733100006357], [-119.50095200043634, 33.97148399968784], [-119.49695399975533, 33.976345000256664], [-119.4945360000135, 33.98006500011702], [-119.49228999980079, 33.983214999674786], [-119.48652100018155, 34.00000300028954], [-119.46806399965668, 34.06313899972849], [-119.47730799990019, 34.07182599993931], [-119.48875200032566, 34.079195000025116], [-119.49749000023085, 34.082754999895336], [-119.50095499991107, 34.08584100003801], [-119.51210600043355, 34.093460000251795], [-119.5199799998002, 34.09722399985332], [-119.52458799967827, 34.09870900027767], [-119.52893799981344, 34.10119899981951], [-119.53841899988342, 34.10541300018707], [-119.54825099958266, 34.1077830001533], [-119.5574260002292, 34.10860300028621], [-119.56552200025199, 34.10880899983603], [-119.57411600021715, 34.10811300016471], [-119.58197299986536, 34.10573200032851], [-119.5834609998447, 34.10587899989093], [-119.59055599995988, 34.10563799994316], [-119.5998920002649, 34.10400699998134], [-119.61426800026808, 34.09943199998979], [-119.62596899971317, 34.09269700009994], [-119.62670100000727, 34.09167099996405], [-119.62811199999372, 34.09006700017665], [-119.62946600007874, 34.08971000030281], [-119.63522899985021, 34.0867319998886], [-119.63935399985448, 34.08387399963238], [-119.6451690004028, 34.08005499967518], [-119.65119999996284, 34.075259999655195], [-119.65493099978183, 34.07121799998499], [-119.65935399971197, 34.07398900005385], [-119.6701479998591, 34.08089700001811], [-119.67895400043469, 34.086503999995365], [-119.6860670000932, 34.090308999693434], [-119.69300700039769, 34.09485400021124], [-119.70110699972014, 34.098263000324685], [-119.7094630000339, 34.10066300007773], [-119.71804199993049, 34.10175000024225], [-119.72597300009686, 34.10209000017921], [-119.72849499959575, 34.103324999854934], [-119.73675399982517, 34.10733899974323], [-119.74522200029196, 34.110916999990906], [-119.75098099986543, 34.112582000347565], [-119.75098199969037, 34.1117160002845], [-119.76083900040229, 34.11261699966386], [-119.76903199961114, 34.11194300033909], [-119.77801200026398, 34.10996899995148], [-119.78300599993143, 34.109082999687466], [-119.78918399980456, 34.107599999889615], [-119.79260099980421, 34.10637499982376], [-119.7981259999243, 34.10876299989339], [-119.81156799996701, 34.113409999756854], [-119.82922000040286, 34.11870200021668], [-119.83795699958486, 34.12019499976226], [-119.84536999971735, 34.12058100017155], [-119.85208700043907, 34.12095700010915], [-119.8590660002033, 34.122899000272774], [-119.86882799958235, 34.1250020000263], [-119.87598499962179, 34.126234000035936], [-119.87598499962179, 34.1255669997503], [-119.8798779998225, 34.12608300016898], [-119.88831600015206, 34.12637100010545], [-119.89417799965773, 34.12577200018416], [-119.8985279997929, 34.12706900008464], [-119.9055750002275, 34.129354999909346], [-119.91336400010366, 34.13014799994412], [-119.91998899986555, 34.12998900003173], [-119.92879500044114, 34.12990200005129], [-119.93615499997186, 34.12865800036653], [-119.9426759999767, 34.12656500036684], [-119.94783500039887, 34.12499900018487], [-119.95865100028729, 34.117555999630724], [-119.96547100004287, 34.11256000025989], [-119.96917799957242, 34.10807399963538], [-119.97236100011864, 34.10334999997845], [-119.97416600029037, 34.09941699996589], [-119.97438600039838, 34.09674300033964], [-119.9819469997706, 34.08937700032626], [-119.98544199958803, 34.080238999957714], [-119.98995099973189, 34.07037399996306], [-119.99164299992573, 34.06486800000989], [-120.0009630003372, 34.0768190000043], [-120.0009630003372, 34.07867100007149], [-120.00447200039835, 34.08042699975264], [-120.01021000005545, 34.0840430000288], [-120.01950299980444, 34.08771800023494], [-120.0264919996144, 34.08901100014127], [-120.03618600011971, 34.09002599978418], [-120.04515400017871, 34.09060599964286], [-120.05286699988685, 34.090349000088], [-120.06332700012311, 34.08971399977622], [-120.07099999964831, 34.088447000136796], [-120.08028499989969, 34.08640099991734], [-120.0858540004007, 34.08419800027627], [-120.09247099976669, 34.08051300005], [-120.09864199996713, 34.0766260002707], [-120.10291799958415, 34.074493999787336], [-120.10619099964376, 34.07552599994332], [-120.1088989998138, 34.07612199988355], [-120.11225100041445, 34.076480999803756], [-120.11496100023432, 34.078052000074344], [-120.1201320003521, 34.07894200004195], [-120.12596700009355, 34.07881499976839], [-120.12989000043146, 34.07881099978015], [-120.13500600029768, 34.07880999978303], [-120.13991899977425, 34.078576000137424], [-120.14523499965695, 34.0777389998333], [-120.15010700002394, 34.076065999738105], [-120.15900700031088, 34.07569699995319], [-120.17112799988053, 34.07331799983911], [-120.17918100024563, 34.06946799977964], [-120.18546100022601, 34.066220000208695], [-120.19109599995096, 34.06136499969691], [-120.19411399974241, 34.0587209998691], [-120.1975759999479, 34.0581499996432], [-120.19983100038144, 34.05885099970749], [-120.20611300001165, 34.060218999645336], [-120.21038299978089, 34.060852999871976], [-120.2165430001107, 34.06121700003048], [-120.22487799960979, 34.06131200008243], [-120.23099799975662, 34.06113999985537], [-120.23728000028517, 34.06026499991993], [-120.24267399998567, 34.05982599995384], [-120.2509709998499, 34.058911999740396], [-120.25284600034185, 34.05803099990813], [-120.25295000009893, 34.05809499976767], [-120.25580200020904, 34.05984899982878], [-120.25787299962124, 34.062206999770204], [-120.2624079997044, 34.0650839996842], [-120.26638600029389, 34.069132000235186], [-120.27157900015295, 34.07414099994412], [-120.27244899964099, 34.07810599963998], [-120.27428499977486, 34.08179900013571], [-120.27867799956776, 34.087813000328836], [-120.28465100029983, 34.0947500000686], [-120.29113999961928, 34.099651000035635], [-120.29778700002079, 34.10411599988468], [-120.3049110004483, 34.10704399982235], [-120.31171100011238, 34.109506000109775], [-120.32108699970206, 34.11045000015058], [-120.32433700019541, 34.11379999972101], [-120.32786399979993, 34.11604800029781], [-120.33317499965973, 34.11921800014089], [-120.33856199968757, 34.12168700022973], [-120.3391769998058, 34.123284000021634], [-120.33982000041144, 34.12499299975797], [-120.3427119998062, 34.131501999688325], [-120.34650100024982, 34.136676000331796], [-120.35048999981171, 34.14145000025094], [-120.35516100033723, 34.145020999785665], [-120.36197799971976, 34.14878000037102], [-120.3687459995968, 34.151041000087666], [-120.37598399982711, 34.15242400031006], [-120.38724499995446, 34.15486099968115], [-120.38861900013096, 34.15505400011922], [-120.39194499989402, 34.15670700013636], [-120.40116900004604, 34.15872900031153], [-120.41103099988251, 34.16007800031685], [-120.4187870001467, 34.16056900007583], [-120.426602999787, 34.15925300023624], [-120.43271999956079, 34.157477999653146], [-120.44100200025473, 34.154487000095756], [-120.44907399998809, 34.1505929997755], [-120.45701199982713, 34.145762999655304], [-120.46529500034598, 34.13929200010388], [-120.47165399996912, 34.13410199984374], [-120.47730899978554, 34.13818099968062], [-120.48142899976693, 34.14216799971113], [-120.48691100022931, 34.145075999695024], [-120.49193800040702, 34.14711799969741], [-120.49737800013828, 34.14989200034526], [-120.50099400032956, 34.15052299986053], [-120.50716999965458, 34.15134300032133], [-120.51603899997933, 34.15279800011058], [-120.52686099971557, 34.15202600036513], [-120.53811799964494, 34.15034400023896], [-120.54870099990487, 34.14641599973816], [-120.56099800009996, 34.14066400000557], [-120.56784700016784, 34.13561799969607], [-120.57250899957424, 34.13025000017936], [-120.5750889996978, 34.12647399987033], [-120.57573700032631, 34.12499299975797], [-120.5790539998685, 34.11859099997284], [-120.58226400017892, 34.10751700005004]]]]}, "properties": {"MTFCC": "G4020", "OID": "27590680369561", "GEOID": "06083", "STATE": "06", "COUNTY": "083", "COUNTYNS": "00277306", "BASENAME": "Santa Barbara", "NAME": "Santa Barbara County", "LSADC": "06", "FUNCSTAT": "A", "COUNTYCC": "H1", "AREALAND": "7080874915", "AREAWATER": "2729198905", "OBJECTID": 1749, "CENTLAT": "+34.5373413", "CENTLON": "-120.0303010", "INTPTLAT": "+34.5366774", "INTPTLON": "-120.0383645"}}]}