{
  "wlc_jenks_breaks": [
    0.0008282684721052647,
    0.055467985570430756,
    0.1590256243944168,
    0.2865673303604126,
    0.3750761151313782,
    0.5887731909751892
  ],
  "wlc_weights": {
    "slope": 0.28,
    "curvature": 0.03,
    "twi": 0.12,
    "lithology": 0.18,
    "landcover": 0.08,
    "fault_distance": 0.12,
    "rainfall": 0.03,
    "ndvi": 0.08,
    "soil": 0.08
  },
  "montecito_validation": {
    "wlc": {
      "Very Low": 0.0,
      "Low": 0.0,
      "Moderate": 12.87,
      "High": 79.8,
      "Very High": 7.33
    }
  }
}