{
  "ahp_consistency_ratio": 0.021116512215719897,
  "ahp_weights": {
    "slope": 0.3110952841323549,
    "fire_history": 0.2094216962038371,
    "lithology": 0.13461358977871787,
    "twi": 0.13461358977871787,
    "landcover": 0.08687333974994838,
    "rainfall": 0.057498820950002076,
    "fault_distance": 0.03869640192551561,
    "curvature": 0.027187277480906283
  },
  "ahp_jenks_breaks": [
    0.005476305261254311,
    0.05505802109837532,
    0.2900645434856415,
    0.3448091447353363,
    0.40100300312042236,
    0.5575644373893738
  ],
  "roc_auc": 0.6056166056166056,
  "cv_auc_mean": 0.6642857142857143,
  "cv_auc_std": 0.1355590056622022,
  "cv_auc_scores": [
    0.7222222222222222,
    0.8492063492063492,
    0.7291666666666667,
    0.5476190476190477,
    0.4732142857142857
  ],
  "confusion_matrix": [
    [
      62,
      1
    ],
    [
      12,
      1
    ]
  ],
  "classification_report": {
    "0": {
      "precision": 0.8378378378378378,
      "recall": 0.9841269841269841,
      "f1-score": 0.9051094890510949,
      "support": 63.0
    },
    "1": {
      "precision": 0.5,
      "recall": 0.07692307692307693,
      "f1-score": 0.13333333333333333,
      "support": 13.0
    },
    "accuracy": 0.8289473684210527,
    "macro avg": {
      "precision": 0.6689189189189189,
      "recall": 0.5305250305250305,
      "f1-score": 0.5192214111922141,
      "support": 76.0
    },
    "weighted avg": {
      "precision": 0.780049786628734,
      "recall": 0.8289473684210527,
      "f1-score": 0.7730951466256883,
      "support": 76.0
    }
  },
  "feature_importances": {
    "slope": 0.16726041445301404,
    "curvature": 0.14604864913439175,
    "twi": 0.18823804928364704,
    "lithology": 0.007400990356465255,
    "landcover": 0.006958064222258365,
    "fault_distance": 0.18922131224452504,
    "rainfall": 0.2724536310692342,
    "fire_history": 0.022418889236464377
  },
  "roc_curve": {
    "fpr": [
      0.0,
      0.0,
      0.06349206349206349,
      0.06349206349206349,
      0.1111111111111111,
      0.1111111111111111,
      0.15873015873015872,
      0.15873015873015872,
      0.3492063492063492,
      0.3492063492063492,
      0.4126984126984127,
      0.4126984126984127,
      0.4603174603174603,
      0.4603174603174603,
      0.5079365079365079,
      0.5079365079365079,
      0.873015873015873,
      0.873015873015873,
      0.9047619047619048,
      0.9365079365079365,
      1.0
    ],
    "tpr": [
      0.0,
      0.07692307692307693,
      0.07692307692307693,
      0.15384615384615385,
      0.15384615384615385,
      0.23076923076923078,
      0.23076923076923078,
      0.3076923076923077,
      0.3076923076923077,
      0.46153846153846156,
      0.46153846153846156,
      0.5384615384615384,
      0.5384615384615384,
      0.6923076923076923,
      0.6923076923076923,
      0.8461538461538461,
      0.8461538461538461,
      1.0,
      1.0,
      1.0,
      1.0
    ]
  },
  "n_train": 176,
  "n_test": 76,
  "rf_jenks_breaks": [
    0.002845590701326728,
    0.05737033858895302,
    0.1393505036830902,
    0.2282203882932663,
    0.3564298748970032,
    0.5892336964607239
  ],
  "montecito_validation": {
    "ahp": {
      "Very Low": 0.0,
      "Low": 0.38,
      "Moderate": 24.47,
      "High": 63.79,
      "Very High": 11.36
    },
    "rf": {
      "Very Low": 0.0,
      "Low": 0.97,
      "Moderate": 21.12,
      "High": 35.86,
      "Very High": 42.06
    }
  }
}