{
  "wlc_jenks_breaks": [
    0.0,
    0.02967735566198826,
    0.15130451321601868,
    0.28965601325035095,
    0.3760954737663269,
    0.5725457072257996
  ],
  "wlc_weights": {
    "slope": 0.28,
    "curvature": 0.03,
    "twi": 0.12,
    "lithology": 0.18,
    "landcover": 0.08,
    "fault_distance": 0.12,
    "rainfall": 0.03,
    "ndvi": 0.08,
    "soil": 0.08
  },
  "montecito_validation": {
    "wlc": {
      "Very Low": 0.0,
      "Low": 0.0,
      "Moderate": 8.25,
      "High": 83.43,
      "Very High": 8.32
    }
  }
}