ID,Latitude,Longitude,HillslopeSetting,ImagerySource
LS000001,34.495319,-119.665855,Modified,CAP
LS000002,34.485462,-119.666801,Unmodified,USGS
LS000003,34.484997,-119.657990,Unmodified,USGS
LS000004,34.486328,-119.657555,Unmodified,USGS
LS000005,34.484005,-119.652641,Unmodified,USGS
LS000006,34.483574,-119.650215,Unmodified,USGS
LS000007,34.481419,-119.649643,Unmodified,USGS
LS000008,34.488525,-119.667519,Unmodified,USGS
LS000009,34.477890,-119.673103,Unmodified,USGS
LS000010,34.475506,-119.674019,Unmodified,USGS
LS000011,34.475601,-119.670731,Unmodified,USGS
LS000012,34.476307,-119.669548,Unmodified,USGS
LS000013,34.474884,-119.662727,Unmodified,USGS
LS000014,34.475452,-119.661583,Unmodified,USGS
LS000015,34.474258,-119.658478,Unmodified,USGS
LS000016,34.473873,-119.662750,Unmodified,USGS
LS000017,34.474197,-119.663078,Unmodified,USGS
LS000018,34.474545,-119.662720,Unmodified,USGS
LS000019,34.473938,-119.666191,Unmodified,USGS
LS000020,34.474113,-119.666214,Unmodified,USGS
LS000021,34.474689,-119.666550,Unmodified,USGS
LS000022,34.473423,-119.679886,Modified,USGS
LS000023,34.472755,-119.678535,Modified,USGS
LS000024,34.472775,-119.679169,Modified,USGS
LS000025,34.471859,-119.677788,Modified,USGS
LS000026,34.471210,-119.669212,Unmodified,USGS
LS000027,34.471668,-119.664719,Unmodified,USGS
LS000028,34.471283,-119.664040,Unmodified,USGS
LS000029,34.470985,-119.664131,Unmodified,USGS
LS000030,34.470444,-119.664322,Unmodified,USGS
LS000031,34.470207,-119.662422,Unmodified,USGS
LS000032,34.469913,-119.661789,Unmodified,USGS
LS000033,34.467957,-119.662163,Unmodified,USGS
LS000034,34.468182,-119.661766,Unmodified,USGS
LS000035,34.468513,-119.661469,Unmodified,USGS
LS000036,34.469318,-119.659813,Unmodified,USGS
LS000037,34.471737,-119.655914,Unmodified,USGS
LS000038,34.470287,-119.655685,Unmodified,USGS
LS000039,34.470287,-119.655540,Unmodified,USGS
LS000040,34.470585,-119.653580,Unmodified,USGS
LS000041,34.470955,-119.653786,Unmodified,USGS
LS000042,34.470573,-119.650391,Unmodified,USGS
LS000043,34.470779,-119.650757,Unmodified,USGS
LS000044,34.470161,-119.649788,Unmodified,USGS
LS000045,34.471626,-119.651039,Unmodified,USGS
LS000046,34.467995,-119.651123,Unmodified,USGS
LS000047,34.468334,-119.652542,Unmodified,USGS
LS000048,34.467400,-119.653000,Unmodified,CAP
LS000049,34.466534,-119.654282,Unmodified,USGS
LS000050,34.466610,-119.654343,Unmodified,USGS
LS000051,34.466690,-119.655594,Unmodified,USGS
LS000052,34.466499,-119.655296,Unmodified,USGS
LS000053,34.466061,-119.654488,Unmodified,USGS
LS000054,34.465527,-119.654564,Unmodified,USGS
LS000055,34.465660,-119.653748,Unmodified,USGS
LS000056,34.465893,-119.657692,Unmodified,USGS
LS000057,34.465954,-119.660622,Unmodified,USGS
LS000058,34.466255,-119.661026,Unmodified,USGS
LS000059,34.468376,-119.673347,Modified,USGS
LS000060,34.467644,-119.676575,Modified,USGS
LS000061,34.468815,-119.676849,Modified,USGS
LS000062,34.468987,-119.677071,Modified,USGS
LS000063,34.465191,-119.678612,Modified,USGS
LS000064,34.465038,-119.678337,Modified,USGS
LS000065,34.464554,-119.676277,Modified,USGS
LS000066,34.465836,-119.673370,Modified,USGS
LS000067,34.465759,-119.672516,Modified,USGS
LS000068,34.463909,-119.663864,Unmodified,USGS
LS000069,34.464588,-119.655479,Unmodified,USGS
LS000070,34.462315,-119.654160,Unmodified,USGS
LS000071,34.462532,-119.654411,Unmodified,USGS
LS000072,34.461582,-119.662209,Unmodified,USGS
LS000073,34.460663,-119.661484,Modified,USGS
LS000074,34.460388,-119.660454,-9999,USGS
LS000075,34.460155,-119.660622,Modified,USGS
LS000076,34.460533,-119.666969,Unmodified,USGS
LS000077,34.459396,-119.670532,Modified,USGS
LS000078,34.458496,-119.669640,Modified,USGS
LS000079,34.457474,-119.671936,Modified,USGS
LS000080,34.457546,-119.672226,Modified,USGS
LS000081,34.457611,-119.672478,Modified,USGS
LS000082,34.457874,-119.672348,Modified,USGS
LS000083,34.458088,-119.672356,Modified,USGS
LS000084,34.458214,-119.672379,Modified,USGS
LS000085,34.458332,-119.672905,Modified,USGS
LS000086,34.458435,-119.673325,Modified,CAP
LS000087,34.458260,-119.673882,-9999,USGS
LS000088,34.458088,-119.674110,-9999,USGS
LS000089,34.456932,-119.677483,Modified,USGS
LS000090,34.456211,-119.672562,Modified,USGS
LS000091,34.456470,-119.672997,Modified,USGS
LS000092,34.456333,-119.671783,Modified,USGS
LS000093,34.456352,-119.671707,Modified,USGS
LS000094,34.457623,-119.669510,Modified,USGS
LS000095,34.461632,-119.670670,Unmodified,USGS
LS000096,34.461807,-119.670685,Unmodified,USGS
LS000097,34.455849,-119.656464,Modified,USGS
LS000098,34.456490,-119.657730,Modified,USGS
LS000099,34.456654,-119.657471,Modified,USGS
LS000100,34.457195,-119.658081,Unmodified,USGS
LS000101,34.456837,-119.658615,Modified,USGS
LS000102,34.456844,-119.658997,Modified,USGS
LS000103,34.456753,-119.659111,Modified,USGS
LS000104,34.456562,-119.657661,Modified,USGS
LS000105,34.457172,-119.657295,Modified,USGS
LS000106,34.457214,-119.657379,Modified,USGS
LS000107,34.456661,-119.659309,Modified,USGS
LS000108,34.457664,-119.652878,Unmodified,USGS
LS000109,34.457073,-119.651054,Unmodified,USGS
LS000110,34.456482,-119.650558,Modified,USGS
LS000111,34.456009,-119.652557,Modified,USGS
LS000112,34.455948,-119.651749,Unmodified,USGS
LS000113,34.455875,-119.651749,Unmodified,USGS
LS000114,34.456234,-119.666718,Modified,USGS
LS000115,34.455799,-119.666084,Modified,USGS
LS000116,34.455772,-119.666183,Modified,USGS
LS000117,34.456429,-119.669464,Modified,USGS
LS000118,34.456890,-119.669601,-9999,USGS
LS000119,34.455738,-119.672722,Modified,USGS
LS000120,34.456326,-119.676071,Modified,USGS
LS000121,34.456463,-119.675903,Modified,USGS
LS000122,34.455502,-119.676796,Modified,USGS
LS000123,34.454369,-119.675751,Unmodified,USGS
LS000124,34.455097,-119.672401,-9999,USGS
LS000125,34.455078,-119.672195,-9999,USGS
LS000126,34.453045,-119.674118,Unmodified,USGS
LS000127,34.451790,-119.673767,Modified,USGS
LS000128,34.452038,-119.673866,Modified,USGS
LS000129,34.452553,-119.673836,Unmodified,USGS
LS000130,34.451153,-119.673302,Modified,USGS
LS000131,34.451138,-119.673508,Modified,USGS
LS000132,34.451084,-119.673546,Modified,USGS
LS000133,34.451000,-119.668526,-9999,USGS
LS000134,34.452206,-119.676430,Modified,USGS
LS000135,34.452797,-119.671326,Modified,USGS
LS000136,34.452511,-119.666092,Modified,USGS
LS000137,34.451538,-119.651543,Modified,USGS
LS000138,34.451584,-119.651566,Modified,USGS
LS000139,34.453659,-119.661682,Modified,USGS
LS000140,34.453671,-119.661835,Modified,USGS
LS000141,34.453602,-119.661980,Modified,USGS
LS000142,34.453609,-119.664749,Modified,USGS
LS000143,34.454014,-119.667824,Modified,USGS
LS000144,34.454132,-119.667854,Modified,USGS
LS000145,34.454178,-119.667870,Modified,USGS
LS000146,34.454330,-119.667656,Modified,USGS
LS000147,34.453587,-119.674232,Unmodified,USGS
LS000148,34.455517,-119.674576,Modified,USGS
LS000149,34.455624,-119.674210,Modified,USGS
LS000150,34.457039,-119.677490,Modified,USGS
LS000151,34.456635,-119.665825,Modified,USGS
LS000152,34.457001,-119.663574,Modified,USGS
LS000153,34.457104,-119.664467,Unmodified,USGS
LS000154,34.456928,-119.665070,Unmodified,USGS
LS000155,34.456474,-119.663666,Modified,USGS
LS000156,34.456631,-119.663918,Modified,USGS
LS000157,34.456791,-119.660011,Unmodified,USGS
LS000158,34.456909,-119.659782,Unmodified,USGS
LS000159,34.458084,-119.651215,Unmodified,USGS
LS000160,34.459026,-119.655991,Modified,USGS
LS000161,34.459064,-119.656235,Modified,USGS
LS000162,34.458538,-119.658318,Modified,USGS
LS000163,34.458561,-119.658180,Modified,USGS
LS000164,34.458179,-119.658325,Modified,USGS
LS000165,34.458195,-119.657967,Modified,USGS
LS000166,34.461948,-119.670555,Unmodified,USGS
LS000167,34.461296,-119.670410,Unmodified,USGS
LS000168,34.472950,-119.669724,Unmodified,USGS
LS000169,34.467701,-119.676018,Modified,CALOES
LS000170,34.467728,-119.675804,Modified,USGS
LS000171,34.467751,-119.675583,Modified,USGS
LS000172,34.468033,-119.676865,Modified,CALOES
LS000173,34.497181,-119.631645,Unmodified,CAP
LS000174,34.497410,-119.633797,Unmodified,CAP
LS000175,34.499107,-119.628761,Unmodified,CAP
LS000176,34.497917,-119.628159,Unmodified,CAP
LS000177,34.497814,-119.628304,Unmodified,CAP
LS000178,34.498123,-119.628616,Unmodified,CAP
LS000179,34.498123,-119.627243,Unmodified,CAP
LS000180,34.498341,-119.627563,Unmodified,CAP
LS000181,34.497276,-119.624161,Unmodified,CAP
LS000182,34.496243,-119.624779,Unmodified,CAP
LS000183,34.496552,-119.622932,Unmodified,CAP
LS000184,34.496643,-119.623116,Unmodified,CAP
LS000185,34.496696,-119.623222,Unmodified,CAP
LS000186,34.496635,-119.623390,Unmodified,CAP
LS000187,34.496338,-119.623497,Unmodified,CAP
LS000188,34.495979,-119.623634,Unmodified,CAP
LS000189,34.496426,-119.622467,Unmodified,CAP
LS000190,34.496407,-119.622246,Unmodified,CAP
LS000191,34.495674,-119.621826,Unmodified,CAP
LS000192,34.495899,-119.621696,Unmodified,CAP
LS000193,34.495770,-119.620934,Unmodified,CAP
LS000194,34.495537,-119.620766,Unmodified,CAP
LS000195,34.495705,-119.620773,Unmodified,CAP
LS000196,34.495644,-119.620399,Unmodified,CAP
LS000197,34.495956,-119.620758,Unmodified,CAP
LS000198,34.496056,-119.620560,Unmodified,CAP
LS000199,34.496044,-119.620422,Unmodified,CAP
LS000200,34.496052,-119.620232,Unmodified,CAP
LS000201,34.495831,-119.620331,Unmodified,CAP
LS000202,34.495831,-119.620102,Unmodified,CAP
LS000203,34.495556,-119.619781,Unmodified,CAP
LS000204,34.495468,-119.619713,Unmodified,CAP
LS000205,34.495850,-119.619499,Unmodified,CAP
LS000206,34.498867,-119.622772,Unmodified,CAP
LS000207,34.498844,-119.622696,Unmodified,CAP
LS000208,34.499836,-119.623856,Unmodified,CAP
LS000209,34.499050,-119.621819,Unmodified,CAP
LS000210,34.498665,-119.621758,Unmodified,CAP
LS000211,34.490543,-119.615967,Unmodified,CAP
LS000212,34.484215,-119.631432,Modified,USGS
LS000213,34.482227,-119.624069,Unmodified,USGS
LS000214,34.481770,-119.624634,Unmodified,USGS
LS000215,34.481182,-119.627449,Unmodified,USGS
LS000216,34.481941,-119.624359,Unmodified,USGS
LS000217,34.496628,-119.631256,Unmodified,CAP
LS000218,34.496803,-119.633759,Unmodified,CAP
LS000219,34.496605,-119.633385,Unmodified,CAP
LS000220,34.497295,-119.634712,Modified,CAP
LS000221,34.497063,-119.634499,-9999,CAP
LS000222,34.497269,-119.635132,Unmodified,CAP
LS000223,34.498234,-119.638344,Unmodified,CAP
LS000224,34.495857,-119.629730,Unmodified,CAP
LS000225,34.495434,-119.629044,Unmodified,CAP
LS000226,34.495312,-119.628693,Unmodified,CAP
LS000227,34.495514,-119.627380,Unmodified,CAP
LS000228,34.495522,-119.627251,Unmodified,CAP
LS000229,34.480553,-119.648712,Unmodified,USGS
LS000230,34.480423,-119.648598,Unmodified,USGS
LS000231,34.479240,-119.646057,Unmodified,USGS
LS000232,34.480442,-119.641991,Unmodified,USGS
LS000233,34.480103,-119.641884,Unmodified,USGS
LS000234,34.479706,-119.641670,Unmodified,USGS
LS000235,34.480541,-119.641090,Unmodified,USGS
LS000236,34.479206,-119.639542,Unmodified,USGS
LS000237,34.478619,-119.637093,Unmodified,USGS
LS000238,34.478668,-119.635155,Unmodified,USGS
LS000239,34.477394,-119.629189,Unmodified,USGS
LS000240,34.477020,-119.627663,Unmodified,USGS
LS000241,34.476833,-119.628014,Unmodified,USGS
LS000242,34.476555,-119.627892,Unmodified,USGS
LS000243,34.476795,-119.625107,Unmodified,USGS
LS000244,34.480541,-119.624786,Unmodified,USGS
LS000245,34.480492,-119.624947,Unmodified,USGS
LS000246,34.479801,-119.624390,Unmodified,USGS
LS000247,34.476742,-119.623512,Unmodified,USGS
LS000248,34.476723,-119.624039,Unmodified,USGS
LS000249,34.476330,-119.625061,Unmodified,USGS
LS000250,34.476597,-119.624870,Unmodified,USGS
LS000251,34.476604,-119.624771,Unmodified,USGS
LS000252,34.479118,-119.622536,Unmodified,USGS
LS000253,34.475704,-119.623909,Unmodified,USGS
LS000254,34.475273,-119.623077,Unmodified,USGS
LS000255,34.475636,-119.622948,Unmodified,USGS
LS000256,34.475468,-119.623108,Unmodified,USGS
LS000257,34.474667,-119.623009,Unmodified,USGS
LS000258,34.474808,-119.623131,Unmodified,USGS
LS000259,34.474709,-119.622711,Unmodified,USGS
LS000260,34.475273,-119.625473,Unmodified,USGS
LS000261,34.477242,-119.621582,Unmodified,USGS
LS000262,34.478634,-119.618439,Unmodified,USGS
LS000263,34.477211,-119.621284,Unmodified,USGS
LS000264,34.476540,-119.617920,Unmodified,USGS
LS000265,34.476295,-119.617165,Unmodified,USGS
LS000266,34.476322,-119.617043,Unmodified,USGS
LS000267,34.478203,-119.617584,Unmodified,USGS
LS000268,34.478031,-119.614548,Unmodified,USGS
LS000269,34.475510,-119.617531,Unmodified,USGS
LS000270,34.474812,-119.612839,Unmodified,USGS
LS000271,34.475250,-119.612839,Unmodified,USGS
LS000272,34.474724,-119.615791,Unmodified,USGS
LS000273,34.474556,-119.615891,Unmodified,USGS
LS000274,34.475185,-119.616493,Unmodified,USGS
LS000275,34.475399,-119.619400,Unmodified,USGS
LS000276,34.475441,-119.618927,Unmodified,USGS
LS000277,34.476189,-119.621086,Unmodified,USGS
LS000278,34.475872,-119.629204,Modified,USGS
LS000279,34.477596,-119.634293,Unmodified,USGS
LS000280,34.477982,-119.634071,Unmodified,USGS
LS000281,34.477554,-119.639107,Unmodified,USGS
LS000282,34.478008,-119.638641,Unmodified,USGS
LS000283,34.478615,-119.638016,Modified,USGS
LS000284,34.478592,-119.637939,Modified,USGS
LS000285,34.478031,-119.637512,Modified,USGS
LS000286,34.477840,-119.637444,Modified,USGS
LS000287,34.477432,-119.637405,Modified,USGS
LS000288,34.477276,-119.645912,Unmodified,USGS
LS000289,34.473736,-119.617210,Unmodified,USGS
LS000290,34.473938,-119.618347,Unmodified,USGS
LS000291,34.473785,-119.629684,Unmodified,USGS
LS000292,34.472515,-119.647568,Unmodified,USGS
LS000293,34.472286,-119.646400,Unmodified,USGS
LS000294,34.472488,-119.645325,Unmodified,USGS
LS000295,34.472260,-119.644966,Unmodified,CAP
LS000296,34.470699,-119.645081,Unmodified,USGS
LS000297,34.471344,-119.645775,Unmodified,USGS
LS000298,34.471390,-119.633690,Unmodified,USGS
LS000299,34.471458,-119.616646,Unmodified,USGS
LS000300,34.470974,-119.617744,Unmodified,USGS
LS000301,34.470917,-119.617882,Unmodified,USGS
LS000302,34.468945,-119.617470,Unmodified,USGS
LS000303,34.467907,-119.621307,Unmodified,USGS
LS000304,34.467445,-119.625549,Unmodified,USGS
LS000305,34.467224,-119.626534,Unmodified,USGS
LS000306,34.466976,-119.627258,Unmodified,USGS
LS000307,34.467148,-119.626083,Unmodified,USGS
LS000308,34.466457,-119.623650,Unmodified,CAP
LS000309,34.467186,-119.626930,Unmodified,USGS
LS000310,34.465977,-119.628960,Unmodified,USGS
LS000311,34.466194,-119.629829,Unmodified,USGS
LS000312,34.466377,-119.629440,Unmodified,USGS
LS000313,34.466312,-119.628868,Unmodified,USGS
LS000314,34.465347,-119.631065,Unmodified,USGS
LS000315,34.465511,-119.630783,Unmodified,USGS
LS000316,34.465691,-119.631622,Unmodified,USGS
LS000317,34.464752,-119.630241,Unmodified,USGS
LS000318,34.464279,-119.629288,Unmodified,USGS
LS000319,34.464493,-119.627724,Unmodified,USGS
LS000320,34.465286,-119.628448,Unmodified,USGS
LS000321,34.464558,-119.634613,Unmodified,USGS
LS000322,34.465179,-119.635292,Unmodified,USGS
LS000323,34.465347,-119.635124,Unmodified,USGS
LS000324,34.465767,-119.635048,Unmodified,USGS
LS000325,34.465908,-119.635170,Unmodified,USGS
LS000326,34.467384,-119.635750,Unmodified,USGS
LS000327,34.466240,-119.636520,Unmodified,USGS
LS000328,34.465622,-119.636360,Unmodified,USGS
LS000329,34.465794,-119.635994,Unmodified,USGS
LS000330,34.468906,-119.635796,Unmodified,USGS
LS000331,34.469624,-119.637550,Unmodified,USGS
LS000332,34.469666,-119.638802,Unmodified,USGS
LS000333,34.468502,-119.637886,Unmodified,USGS
LS000334,34.466553,-119.638184,Unmodified,USGS
LS000335,34.468330,-119.638138,Unmodified,USGS
LS000336,34.468544,-119.640060,Unmodified,USGS
LS000337,34.467571,-119.640625,Unmodified,USGS
LS000338,34.467468,-119.647034,Unmodified,USGS
LS000339,34.467091,-119.646896,Unmodified,USGS
LS000340,34.466896,-119.646729,Unmodified,USGS
LS000341,34.466827,-119.646355,Unmodified,USGS
LS000342,34.467419,-119.645782,Unmodified,USGS
LS000343,34.467503,-119.645576,Unmodified,USGS
LS000344,34.467464,-119.645416,Unmodified,USGS
LS000345,34.464054,-119.646225,Unmodified,USGS
LS000346,34.464172,-119.645561,Unmodified,USGS
LS000347,34.463787,-119.644829,Unmodified,USGS
LS000348,34.463669,-119.644295,Modified,USGS
LS000349,34.463688,-119.643585,Unmodified,USGS
LS000350,34.465405,-119.639801,Unmodified,USGS
LS000351,34.465912,-119.639610,Unmodified,USGS
LS000352,34.466682,-119.639458,Unmodified,USGS
LS000353,34.467335,-119.639885,Unmodified,USGS
LS000354,34.463272,-119.636780,Unmodified,USGS
LS000355,34.463093,-119.637383,Unmodified,USGS
LS000356,34.463696,-119.637756,Unmodified,USGS
LS000357,34.463490,-119.633759,Unmodified,USGS
LS000358,34.463055,-119.633987,Unmodified,USGS
LS000359,34.463924,-119.626328,Unmodified,USGS
LS000360,34.465828,-119.619652,Unmodified,USGS
LS000361,34.465973,-119.620140,Unmodified,USGS
LS000362,34.465534,-119.619499,Unmodified,USGS
LS000363,34.465416,-119.619568,Unmodified,USGS
LS000364,34.465191,-119.617722,Unmodified,USGS
LS000365,34.465237,-119.618309,Unmodified,USGS
LS000366,34.465157,-119.619064,Unmodified,USGS
LS000367,34.465130,-119.619354,Unmodified,USGS
LS000368,34.464897,-119.619926,Unmodified,USGS
LS000369,34.464794,-119.620155,Unmodified,USGS
LS000370,34.464672,-119.620338,Unmodified,USGS
LS000371,34.464451,-119.620430,Unmodified,USGS
LS000372,34.464157,-119.618614,Unmodified,USGS
LS000373,34.462406,-119.621063,Unmodified,USGS
LS000374,34.462730,-119.620544,Unmodified,USGS
LS000375,34.462692,-119.620224,Unmodified,USGS
LS000376,34.462788,-119.620140,Unmodified,USGS
LS000377,34.463093,-119.618256,Unmodified,USGS
LS000378,34.463791,-119.617279,Unmodified,USGS
LS000379,34.464413,-119.617348,Unmodified,USGS
LS000380,34.464001,-119.615875,Unmodified,USGS
LS000381,34.464005,-119.615349,Unmodified,USGS
LS000382,34.463810,-119.619034,Unmodified,USGS
LS000383,34.465019,-119.613586,Unmodified,USGS
LS000384,34.464165,-119.613266,Unmodified,USGS
LS000385,34.464108,-119.613167,Unmodified,USGS
LS000386,34.463528,-119.612869,Unmodified,USGS
LS000387,34.462963,-119.612579,Unmodified,USGS
LS000388,34.464737,-119.612381,Unmodified,USGS
LS000389,34.464745,-119.612167,Unmodified,USGS
LS000390,34.461136,-119.613129,Unmodified,USGS
LS000391,34.462631,-119.615608,Unmodified,USGS
LS000392,34.461376,-119.613426,Unmodified,USGS
LS000393,34.462124,-119.616707,Unmodified,USGS
LS000394,34.461308,-119.617607,Unmodified,USGS
LS000395,34.460415,-119.617638,Unmodified,USGS
LS000396,34.460606,-119.617592,Unmodified,USGS
LS000397,34.460464,-119.618713,Unmodified,USGS
LS000398,34.459846,-119.619522,Unmodified,USGS
LS000399,34.459648,-119.619621,Unmodified,USGS
LS000400,34.461472,-119.620499,Unmodified,USGS
LS000401,34.461540,-119.620277,Unmodified,USGS
LS000402,34.461109,-119.622795,Unmodified,USGS
LS000403,34.461571,-119.620926,Unmodified,USGS
LS000404,34.461670,-119.621048,Unmodified,USGS
LS000405,34.462166,-119.628609,Unmodified,CAP
LS000406,34.462162,-119.628891,Unmodified,USGS
LS000407,34.462070,-119.630814,Unmodified,USGS
LS000408,34.462337,-119.632385,Unmodified,USGS
LS000409,34.461788,-119.633026,Unmodified,USGS
LS000410,34.459393,-119.634407,Unmodified,USGS
LS000411,34.461834,-119.633392,Unmodified,USGS
LS000412,34.461903,-119.633606,Unmodified,USGS
LS000413,34.461090,-119.633438,Unmodified,USGS
LS000414,34.460655,-119.633995,Unmodified,USGS
LS000415,34.460712,-119.634148,Unmodified,USGS
LS000416,34.461906,-119.636040,Unmodified,USGS
LS000417,34.461521,-119.636230,Unmodified,USGS
LS000418,34.461296,-119.636932,Unmodified,USGS
LS000419,34.462322,-119.635773,Unmodified,USGS
LS000420,34.462227,-119.635353,Unmodified,USGS
LS000421,34.460938,-119.637360,-9999,USGS
LS000422,34.462418,-119.637802,Unmodified,USGS
LS000423,34.462467,-119.637848,Unmodified,USGS
LS000424,34.462433,-119.637947,Unmodified,USGS
LS000425,34.461674,-119.638435,Modified,USGS
LS000426,34.461250,-119.638351,Modified,USGS
LS000427,34.461193,-119.638153,Modified,USGS
LS000428,34.461201,-119.638054,Modified,USGS
LS000429,34.461430,-119.640846,Unmodified,USGS
LS000430,34.461388,-119.645172,Unmodified,USGS
LS000431,34.461781,-119.645729,Unmodified,USGS
LS000432,34.464546,-119.647957,Unmodified,USGS
LS000433,34.462757,-119.646217,Unmodified,USGS
LS000434,34.463058,-119.645195,Unmodified,USGS
LS000435,34.460415,-119.649605,Modified,USGS
LS000436,34.459435,-119.648445,Unmodified,USGS
LS000437,34.459415,-119.648209,Unmodified,USGS
LS000438,34.460915,-119.643448,Unmodified,USGS
LS000439,34.460930,-119.642830,Unmodified,USGS
LS000440,34.459881,-119.637650,Unmodified,USGS
LS000441,34.460541,-119.637337,Modified,USGS
LS000442,34.460323,-119.637146,Modified,USGS
LS000443,34.458740,-119.634918,Modified,USGS
LS000444,34.458553,-119.634789,Modified,USGS
LS000445,34.458637,-119.634041,Modified,USGS
LS000446,34.458443,-119.633652,Modified,USGS
LS000447,34.459061,-119.632965,-9999,USGS
LS000448,34.459240,-119.632706,Modified,USGS
LS000449,34.459782,-119.632294,Unmodified,USGS
LS000450,34.459373,-119.630409,Unmodified,USGS
LS000451,34.459030,-119.629784,Unmodified,USGS
LS000452,34.459126,-119.628708,Unmodified,USGS
LS000453,34.459160,-119.628494,Unmodified,USGS
LS000454,34.459175,-119.628319,Unmodified,USGS
LS000455,34.459198,-119.625450,Unmodified,USGS
LS000456,34.459236,-119.625305,Unmodified,USGS
LS000457,34.459148,-119.627113,Unmodified,USGS
LS000458,34.459145,-119.622009,Unmodified,USGS
LS000459,34.459316,-119.620415,Unmodified,USGS
LS000460,34.459095,-119.620361,Unmodified,USGS
LS000461,34.459003,-119.620010,Unmodified,USGS
LS000462,34.458977,-119.619568,Unmodified,USGS
LS000463,34.458942,-119.619370,Unmodified,USGS
LS000464,34.458706,-119.620171,Unmodified,USGS
LS000465,34.458687,-119.620125,Unmodified,USGS
LS000466,34.459236,-119.618469,Unmodified,USGS
LS000467,34.458839,-119.617607,Unmodified,USGS
LS000468,34.458725,-119.616936,Unmodified,USGS
LS000469,34.458107,-119.614754,Unmodified,USGS
LS000470,34.457832,-119.615028,Unmodified,USGS
LS000471,34.457645,-119.615120,Unmodified,USGS
LS000472,34.457939,-119.613663,Unmodified,USGS
LS000473,34.457973,-119.612717,Unmodified,USGS
LS000474,34.456745,-119.616280,Modified,USGS
LS000475,34.457790,-119.618233,-9999,USGS
LS000476,34.456944,-119.621826,Modified,USGS
LS000477,34.456985,-119.624908,Modified,USGS
LS000478,34.458466,-119.627205,Unmodified,USGS
LS000479,34.457821,-119.629784,Modified,USGS
LS000480,34.457924,-119.629898,Modified,USGS
LS000481,34.457661,-119.641052,Unmodified,USGS
LS000482,34.457851,-119.643112,Unmodified,USGS
LS000483,34.456734,-119.642471,Unmodified,USGS
LS000484,34.456360,-119.641960,Unmodified,USGS
LS000485,34.457458,-119.645622,Unmodified,USGS
LS000486,34.456909,-119.645134,Unmodified,USGS
LS000487,34.458130,-119.645905,Unmodified,USGS
LS000488,34.456718,-119.649811,Unmodified,USGS
LS000489,34.456806,-119.646858,Unmodified,CAP
LS000490,34.455734,-119.642075,Unmodified,USGS
LS000491,34.455662,-119.641846,Unmodified,USGS
LS000492,34.453934,-119.628365,Modified,USGS
LS000493,34.453819,-119.630219,Unmodified,USGS
LS000494,34.453255,-119.627342,Unmodified,USGS
LS000495,34.453091,-119.627914,Unmodified,USGS
LS000496,34.452843,-119.617065,Unmodified,CAP
LS000497,34.454510,-119.616005,Unmodified,USGS
LS000498,34.452320,-119.613434,Unmodified,USGS
LS000499,34.452244,-119.614944,Unmodified,USGS
LS000500,34.452366,-119.614532,Unmodified,USGS
LS000501,34.452106,-119.615486,Unmodified,USGS
LS000502,34.451595,-119.616257,Unmodified,USGS
LS000503,34.451775,-119.616203,Unmodified,USGS
LS000504,34.451992,-119.619225,Unmodified,USGS
LS000505,34.452225,-119.619553,Unmodified,USGS
LS000506,34.452808,-119.630386,Modified,USGS
LS000507,34.454987,-119.635269,Unmodified,USGS
LS000508,34.454926,-119.635078,Unmodified,USGS
LS000509,34.454918,-119.635147,Unmodified,USGS
LS000510,34.457439,-119.634987,Modified,USGS
LS000511,34.454514,-119.648849,Modified,USGS
LS000512,34.452103,-119.630569,Unmodified,USGS
LS000513,34.451374,-119.630859,Unmodified,USGS
LS000514,34.450386,-119.619675,Unmodified,USGS
LS000515,34.478786,-119.635567,Unmodified,USGS
LS000516,34.479527,-119.624062,Unmodified,USGS
LS000517,34.478584,-119.613579,Modified,USGS
LS000518,34.476517,-119.612518,Unmodified,USGS
LS000519,34.464966,-119.640129,Unmodified,USGS
LS000520,34.464886,-119.639977,Unmodified,USGS
LS000521,34.464333,-119.621613,Unmodified,USGS
LS000522,34.460613,-119.618919,Unmodified,USGS
LS000523,34.459843,-119.618156,Unmodified,USGS
LS000524,34.459385,-119.641541,Unmodified,USGS
LS000525,34.456360,-119.633095,Unmodified,USGS
LS000526,34.456043,-119.629021,Modified,USGS
LS000527,34.492424,-119.590508,Unmodified,CAP
LS000528,34.492691,-119.590141,Unmodified,CAP
LS000529,34.492188,-119.588432,Unmodified,CAP
LS000530,34.493599,-119.593948,Unmodified,CAP
LS000531,34.493134,-119.593361,Unmodified,CAP
LS000532,34.493198,-119.593475,Unmodified,CAP
LS000533,34.488907,-119.573547,Unmodified,CAP
LS000534,34.489803,-119.573761,Unmodified,CAP
LS000535,34.490456,-119.575302,Unmodified,CAP
LS000536,34.492252,-119.588783,Unmodified,CAP
LS000537,34.476177,-119.574287,Modified,USGS
LS000538,34.476006,-119.574707,Modified,USGS
LS000539,34.475960,-119.574821,Modified,USGS
LS000540,34.474621,-119.600426,Unmodified,USGS
LS000541,34.474491,-119.601303,Unmodified,USGS
LS000542,34.473602,-119.603554,Unmodified,USGS
LS000543,34.473736,-119.603416,Modified,USGS
LS000544,34.473732,-119.603500,Modified,USGS
LS000545,34.474239,-119.603630,Modified,USGS
LS000546,34.476891,-119.609306,Modified,USGS
LS000547,34.477013,-119.608810,Modified,USGS
LS000548,34.476425,-119.608810,Unmodified,USGS
LS000549,34.473660,-119.609589,Unmodified,USGS
LS000550,34.473442,-119.607956,Unmodified,USGS
LS000551,34.472309,-119.604385,Unmodified,USGS
LS000552,34.474712,-119.592087,Unmodified,USGS
LS000553,34.473122,-119.590340,Unmodified,USGS
LS000554,34.473164,-119.590088,Unmodified,USGS
LS000555,34.473892,-119.590988,Unmodified,USGS
LS000556,34.474136,-119.590645,-9999,USGS
LS000557,34.474056,-119.590240,Unmodified,USGS
LS000558,34.474033,-119.588852,Unmodified,USGS
LS000559,34.473671,-119.586914,Unmodified,USGS
LS000560,34.473919,-119.587540,Unmodified,USGS
LS000561,34.474514,-119.583557,Unmodified,USGS
LS000562,34.472740,-119.584991,Unmodified,USGS
LS000563,34.473835,-119.582535,Unmodified,USGS
LS000564,34.473728,-119.582527,Unmodified,USGS
LS000565,34.473125,-119.581535,Unmodified,USGS
LS000566,34.473278,-119.581360,Unmodified,USGS
LS000567,34.472519,-119.580795,Unmodified,USGS
LS000568,34.472656,-119.580673,Unmodified,USGS
LS000569,34.472588,-119.580849,Unmodified,USGS
LS000570,34.472637,-119.581711,Unmodified,USGS
LS000571,34.472122,-119.581032,Unmodified,USGS
LS000572,34.472172,-119.584114,Unmodified,USGS
LS000573,34.472733,-119.587875,Unmodified,USGS
LS000574,34.473278,-119.599632,Modified,USGS
LS000575,34.472954,-119.609558,Unmodified,USGS
LS000576,34.471310,-119.593796,Modified,USGS
LS000577,34.471184,-119.589035,-9999,USGS
LS000578,34.468800,-119.583282,Unmodified,USGS
LS000579,34.470242,-119.586853,-9999,USGS
LS000580,34.471382,-119.600388,Modified,USGS
LS000581,34.472286,-119.601456,Modified,USGS
LS000582,34.467529,-119.600082,Unmodified,USGS
LS000583,34.466026,-119.588051,Unmodified,USGS
LS000584,34.466919,-119.581902,Unmodified,USGS
LS000585,34.465420,-119.575943,Unmodified,USGS
LS000586,34.465130,-119.574272,Unmodified,USGS
LS000587,34.463272,-119.574608,Unmodified,USGS
LS000588,34.463924,-119.580460,Unmodified,USGS
LS000589,34.463070,-119.580643,Unmodified,USGS
LS000590,34.462952,-119.580360,Unmodified,USGS
LS000591,34.462677,-119.583138,Unmodified,USGS
LS000592,34.462975,-119.582878,Unmodified,USGS
LS000593,34.463604,-119.583504,Unmodified,USGS
LS000594,34.463917,-119.583221,Unmodified,USGS
LS000595,34.464172,-119.584328,Unmodified,USGS
LS000596,34.463390,-119.585342,Unmodified,USGS
LS000597,34.463169,-119.584557,Unmodified,USGS
LS000598,34.465015,-119.584900,Unmodified,USGS
LS000599,34.464996,-119.584290,Unmodified,USGS
LS000600,34.464344,-119.585655,Unmodified,USGS
LS000601,34.463707,-119.586731,Unmodified,USGS
LS000602,34.464169,-119.588463,Modified,USGS
LS000603,34.464527,-119.587975,Unmodified,USGS
LS000604,34.463741,-119.585876,Unmodified,USGS
LS000605,34.465191,-119.594421,Unmodified,USGS
LS000606,34.465027,-119.594208,Unmodified,USGS
LS000607,34.465401,-119.594841,Unmodified,USGS
LS000608,34.465393,-119.595291,Unmodified,USGS
LS000609,34.465656,-119.596245,Modified,USGS
LS000610,34.465752,-119.596054,Modified,USGS
LS000611,34.466240,-119.596146,Modified,USGS
LS000612,34.464283,-119.597061,Modified,USGS
LS000613,34.464790,-119.597275,Modified,USGS
LS000614,34.464657,-119.597870,Modified,USGS
LS000615,34.464954,-119.597862,Modified,USGS
LS000616,34.464752,-119.597961,Modified,USGS
LS000617,34.465916,-119.598183,Unmodified,USGS
LS000618,34.465149,-119.598526,Modified,USGS
LS000619,34.464821,-119.600380,Modified,USGS
LS000620,34.464706,-119.600533,Modified,USGS
LS000621,34.464867,-119.601036,Unmodified,USGS
LS000622,34.464153,-119.600685,Unmodified,USGS
LS000623,34.465050,-119.601707,Unmodified,USGS
LS000624,34.465664,-119.599968,Unmodified,USGS
LS000625,34.464687,-119.598785,Unmodified,USGS
LS000626,34.465370,-119.604584,Unmodified,USGS
LS000627,34.465294,-119.604210,Unmodified,USGS
LS000628,34.464924,-119.604088,Unmodified,USGS
LS000629,34.465340,-119.602501,Unmodified,USGS
LS000630,34.464664,-119.605476,Unmodified,USGS
LS000631,34.465298,-119.605766,Unmodified,USGS
LS000632,34.465363,-119.605873,Unmodified,USGS
LS000633,34.465664,-119.605957,Unmodified,USGS
LS000634,34.465454,-119.606834,Unmodified,USGS
LS000635,34.465263,-119.606941,Unmodified,USGS
LS000636,34.465553,-119.607346,Unmodified,USGS
LS000637,34.465267,-119.607628,Unmodified,USGS
LS000638,34.465256,-119.607788,Unmodified,USGS
LS000639,34.464943,-119.607979,Unmodified,USGS
LS000640,34.464317,-119.606125,Unmodified,USGS
LS000641,34.463802,-119.606339,Unmodified,USGS
LS000642,34.463623,-119.606407,Unmodified,USGS
LS000643,34.463543,-119.606247,Unmodified,USGS
LS000644,34.463718,-119.605728,Unmodified,USGS
LS000645,34.463913,-119.604691,Unmodified,USGS
LS000646,34.463844,-119.604546,Unmodified,USGS
LS000647,34.465103,-119.608879,Unmodified,USGS
LS000648,34.463718,-119.607643,Unmodified,USGS
LS000649,34.463581,-119.607643,Unmodified,USGS
LS000650,34.463890,-119.607544,Unmodified,USGS
LS000651,34.463837,-119.607468,Unmodified,USGS
LS000652,34.463329,-119.606842,Unmodified,USGS
LS000653,34.462967,-119.606651,Unmodified,USGS
LS000654,34.463108,-119.608643,Unmodified,USGS
LS000655,34.463860,-119.608971,Unmodified,USGS
LS000656,34.464058,-119.607697,Unmodified,USGS
LS000657,34.462124,-119.605850,Unmodified,USGS
LS000658,34.462200,-119.605614,Unmodified,USGS
LS000659,34.463646,-119.603333,Unmodified,USGS
LS000660,34.463634,-119.609810,Unmodified,USGS
LS000661,34.464897,-119.609528,Unmodified,USGS
LS000662,34.464409,-119.610802,Unmodified,USGS
LS000663,34.464485,-119.610519,Unmodified,USGS
LS000664,34.462875,-119.610756,Unmodified,USGS
LS000665,34.463806,-119.611244,Unmodified,USGS
LS000666,34.462784,-119.584290,Unmodified,USGS
LS000667,34.461918,-119.582283,Unmodified,USGS
LS000668,34.461071,-119.610580,Unmodified,USGS
LS000669,34.460793,-119.611137,Unmodified,USGS
LS000670,34.460567,-119.611237,Unmodified,USGS
LS000671,34.459240,-119.606911,Unmodified,USGS
LS000672,34.460098,-119.605774,Unmodified,USGS
LS000673,34.460335,-119.605568,Unmodified,USGS
LS000674,34.460209,-119.604805,Unmodified,USGS
LS000675,34.459545,-119.605309,Unmodified,USGS
LS000676,34.458767,-119.602516,Unmodified,USGS
LS000677,34.458580,-119.602341,Unmodified,USGS
LS000678,34.460087,-119.600006,Unmodified,USGS
LS000679,34.459499,-119.599541,Unmodified,USGS
LS000680,34.458965,-119.599236,Unmodified,USGS
LS000681,34.459316,-119.599419,Unmodified,USGS
LS000682,34.458557,-119.598404,Unmodified,USGS
LS000683,34.461880,-119.602257,Unmodified,USGS
LS000684,34.462467,-119.602135,Unmodified,USGS
LS000685,34.462383,-119.601578,Unmodified,USGS
LS000686,34.462009,-119.601341,Unmodified,USGS
LS000687,34.460678,-119.597092,Unmodified,USGS
LS000688,34.460896,-119.595741,Unmodified,USGS
LS000689,34.463478,-119.594116,Unmodified,USGS
LS000690,34.463711,-119.593033,Unmodified,USGS
LS000691,34.457947,-119.596031,Modified,USGS
LS000692,34.458324,-119.596298,Unmodified,USGS
LS000693,34.458736,-119.596725,Unmodified,USGS
LS000694,34.459225,-119.596504,Unmodified,USGS
LS000695,34.459270,-119.595627,Unmodified,USGS
LS000696,34.459084,-119.595650,Unmodified,USGS
LS000697,34.459007,-119.595596,Unmodified,USGS
LS000698,34.458710,-119.594963,Modified,USGS
LS000699,34.457424,-119.595001,Modified,USGS
LS000700,34.457867,-119.594978,Modified,USGS
LS000701,34.457775,-119.595078,Modified,USGS
LS000702,34.457603,-119.595284,Modified,USGS
LS000703,34.457726,-119.594658,Modified,USGS
LS000704,34.457756,-119.594551,Modified,USGS
LS000705,34.458908,-119.594612,-9999,USGS
LS000706,34.458996,-119.594414,-9999,USGS
LS000707,34.458733,-119.594330,Modified,USGS
LS000708,34.458546,-119.593834,Modified,USGS
LS000709,34.458504,-119.593475,Modified,USGS
LS000710,34.458530,-119.593277,Modified,USGS
LS000711,34.458549,-119.593033,Modified,USGS
LS000712,34.457344,-119.589836,Unmodified,USGS
LS000713,34.461140,-119.587669,Modified,USGS
LS000714,34.460793,-119.587433,Modified,USGS
LS000715,34.460697,-119.587021,Modified,USGS
LS000716,34.460297,-119.586945,Modified,USGS
LS000717,34.460575,-119.586517,Modified,USGS
LS000718,34.460594,-119.586288,Modified,USGS
LS000719,34.460579,-119.585976,Modified,USGS
LS000720,34.460411,-119.585960,Modified,USGS
LS000721,34.460716,-119.584976,Unmodified,USGS
LS000722,34.461567,-119.582481,Unmodified,USGS
LS000723,34.460747,-119.581924,Unmodified,USGS
LS000724,34.460217,-119.581131,Unmodified,USGS
LS000725,34.460434,-119.579506,Unmodified,USGS
LS000726,34.460011,-119.578987,Unmodified,USGS
LS000727,34.460594,-119.578476,Unmodified,USGS
LS000728,34.461048,-119.577934,Unmodified,USGS
LS000729,34.462425,-119.580765,Unmodified,USGS
LS000730,34.462612,-119.578697,Unmodified,USGS
LS000731,34.462429,-119.577301,Unmodified,USGS
LS000732,34.460396,-119.577560,Unmodified,USGS
LS000733,34.460384,-119.577301,Unmodified,USGS
LS000734,34.461502,-119.575462,Unmodified,USGS
LS000735,34.461632,-119.575005,Unmodified,USGS
LS000736,34.461739,-119.574493,Unmodified,USGS
LS000737,34.459972,-119.574776,Unmodified,USGS
LS000738,34.459538,-119.575127,Unmodified,USGS
LS000739,34.459225,-119.575859,Unmodified,USGS
LS000740,34.459606,-119.576874,Unmodified,USGS
LS000741,34.458393,-119.577888,Unmodified,USGS
LS000742,34.458210,-119.577812,Unmodified,USGS
LS000743,34.458698,-119.578751,Unmodified,USGS
LS000744,34.458092,-119.578362,Unmodified,USGS
LS000745,34.459866,-119.582680,Unmodified,USGS
LS000746,34.459686,-119.582947,Unmodified,USGS
LS000747,34.459129,-119.582893,Modified,USGS
LS000748,34.457066,-119.581665,Modified,USGS
LS000749,34.459332,-119.584648,Unmodified,USGS
LS000750,34.459835,-119.584869,Modified,USGS
LS000751,34.460045,-119.584732,Modified,USGS
LS000752,34.459133,-119.584747,Unmodified,USGS
LS000753,34.458942,-119.583473,-9999,USGS
LS000754,34.458775,-119.583252,Modified,USGS
LS000755,34.458824,-119.583244,Modified,USGS
LS000756,34.458447,-119.583069,Modified,USGS
LS000757,34.458820,-119.582466,Unmodified,USGS
LS000758,34.457935,-119.582497,Modified,USGS
LS000759,34.458439,-119.581276,-9999,USGS
LS000760,34.458595,-119.580811,Unmodified,USGS
LS000761,34.458656,-119.586082,Unmodified,USGS
LS000762,34.458832,-119.586288,Unmodified,USGS
LS000763,34.458172,-119.586174,Unmodified,USGS
LS000764,34.458672,-119.585251,Unmodified,USGS
LS000765,34.458710,-119.587402,Unmodified,USGS
LS000766,34.458988,-119.588127,Unmodified,USGS
LS000767,34.459091,-119.588188,Unmodified,USGS
LS000768,34.460285,-119.589325,Unmodified,USGS
LS000769,34.459854,-119.589569,Unmodified,USGS
LS000770,34.460121,-119.588921,Unmodified,USGS
LS000771,34.460690,-119.588547,Unmodified,USGS
LS000772,34.459290,-119.610847,Unmodified,USGS
LS000773,34.458775,-119.610779,Unmodified,USGS
LS000774,34.458431,-119.609871,Unmodified,USGS
LS000775,34.458721,-119.609955,Unmodified,USGS
LS000776,34.458897,-119.609306,Unmodified,USGS
LS000777,34.458344,-119.608505,Unmodified,USGS
LS000778,34.456921,-119.606682,Unmodified,USGS
LS000779,34.456329,-119.604385,Unmodified,USGS
LS000780,34.456612,-119.604301,Unmodified,USGS
LS000781,34.457191,-119.603783,Unmodified,USGS
LS000782,34.456928,-119.603355,Unmodified,USGS
LS000783,34.457718,-119.603767,Unmodified,USGS
LS000784,34.457783,-119.603516,Unmodified,USGS
LS000785,34.457970,-119.605301,Unmodified,USGS
LS000786,34.457718,-119.608643,Unmodified,USGS
LS000787,34.456718,-119.602470,Unmodified,USGS
LS000788,34.456844,-119.602318,Unmodified,USGS
LS000789,34.456974,-119.602188,Unmodified,USGS
LS000790,34.457111,-119.602249,Unmodified,USGS
LS000791,34.456516,-119.601311,Modified,USGS
LS000792,34.456276,-119.602638,Modified,USGS
LS000793,34.456459,-119.602631,Modified,USGS
LS000794,34.456318,-119.602127,Modified,USGS
LS000795,34.456371,-119.602776,Modified,USGS
LS000796,34.456345,-119.602531,Modified,USGS
LS000797,34.456310,-119.600197,Modified,USGS
LS000798,34.457256,-119.600319,Unmodified,USGS
LS000799,34.456154,-119.590942,-9999,USGS
LS000800,34.455822,-119.590561,Unmodified,USGS
LS000801,34.455219,-119.590088,Modified,USGS
LS000802,34.455574,-119.590874,Modified,USGS
LS000803,34.455715,-119.591232,-9999,USGS
LS000804,34.455032,-119.589661,Modified,USGS
LS000805,34.455616,-119.588547,Unmodified,USGS
LS000806,34.455616,-119.588272,Unmodified,USGS
LS000807,34.454994,-119.588577,Modified,USGS
LS000808,34.455093,-119.588379,Modified,USGS
LS000809,34.455917,-119.587555,Unmodified,USGS
LS000810,34.456074,-119.587334,Unmodified,USGS
LS000811,34.455963,-119.587379,Unmodified,USGS
LS000812,34.455067,-119.587387,Modified,USGS
LS000813,34.455135,-119.587547,Modified,USGS
LS000814,34.454414,-119.587372,Modified,USGS
LS000815,34.454544,-119.588356,Unmodified,USGS
LS000816,34.454708,-119.588127,Unmodified,USGS
LS000817,34.453991,-119.587799,-9999,USGS
LS000818,34.454922,-119.586761,Unmodified,USGS
LS000819,34.454536,-119.586655,Modified,USGS
LS000820,34.454487,-119.586494,Modified,USGS
LS000821,34.454895,-119.586662,Unmodified,USGS
LS000822,34.454010,-119.586372,Unmodified,USGS
LS000823,34.453072,-119.587921,Modified,USGS
LS000824,34.452995,-119.588058,Modified,USGS
LS000825,34.452805,-119.588379,Modified,USGS
LS000826,34.452724,-119.588333,Modified,USGS
LS000827,34.453640,-119.587563,-9999,USGS
LS000828,34.454418,-119.587006,Modified,USGS
LS000829,34.454105,-119.586708,Unmodified,USGS
LS000830,34.453659,-119.585464,Unmodified,USGS
LS000831,34.454689,-119.586494,Modified,USGS
LS000832,34.454586,-119.586197,Modified,USGS
LS000833,34.455807,-119.584801,Unmodified,USGS
LS000834,34.453697,-119.590561,Unmodified,USGS
LS000835,34.453594,-119.590263,Unmodified,USGS
LS000836,34.454189,-119.584892,Unmodified,USGS
LS000837,34.454132,-119.584732,-9999,USGS
LS000838,34.454174,-119.585190,Unmodified,USGS
LS000839,34.453793,-119.584602,Modified,USGS
LS000840,34.453354,-119.584663,Modified,USGS
LS000841,34.453274,-119.584679,Modified,USGS
LS000842,34.453426,-119.584251,Unmodified,USGS
LS000843,34.453205,-119.583977,Modified,USGS
LS000844,34.453621,-119.583595,Unmodified,USGS
LS000845,34.453533,-119.583130,-9999,USGS
LS000846,34.453392,-119.583076,Modified,USGS
LS000847,34.454697,-119.583458,Unmodified,USGS
LS000848,34.454906,-119.582893,Unmodified,USGS
LS000849,34.455448,-119.583206,Unmodified,USGS
LS000850,34.455704,-119.583778,Unmodified,USGS
LS000851,34.453217,-119.582436,Modified,USGS
LS000852,34.452812,-119.582802,Modified,USGS
LS000853,34.452850,-119.582886,Modified,USGS
LS000854,34.453205,-119.583023,Modified,USGS
LS000855,34.453003,-119.582832,Modified,USGS
LS000856,34.453209,-119.583176,Modified,USGS
LS000857,34.453598,-119.581375,Modified,USGS
LS000858,34.453636,-119.582024,Modified,USGS
LS000859,34.453671,-119.581947,Modified,USGS
LS000860,34.453739,-119.581856,Modified,USGS
LS000861,34.453926,-119.581619,-9999,USGS
LS000862,34.453304,-119.582336,Modified,USGS
LS000863,34.454327,-119.580963,Modified,USGS
LS000864,34.455177,-119.581177,Unmodified,USGS
LS000865,34.455360,-119.580856,Unmodified,USGS
LS000866,34.455330,-119.580627,Unmodified,USGS
LS000867,34.453300,-119.579704,Unmodified,USGS
LS000868,34.453598,-119.580109,Unmodified,USGS
LS000869,34.453289,-119.580704,Unmodified,USGS
LS000870,34.454231,-119.581047,Modified,USGS
LS000871,34.455429,-119.574722,Unmodified,USGS
LS000872,34.455379,-119.574440,Unmodified,USGS
LS000873,34.454243,-119.575806,Unmodified,USGS
LS000874,34.453583,-119.575569,Unmodified,USGS
LS000875,34.453049,-119.574860,Unmodified,USGS
LS000876,34.452965,-119.574806,Unmodified,USGS
LS000877,34.452785,-119.574715,Unmodified,USGS
LS000878,34.451248,-119.575211,Unmodified,USGS
LS000879,34.451038,-119.574783,Modified,USGS
LS000880,34.451363,-119.574684,Unmodified,USGS
LS000881,34.452290,-119.582863,Unmodified,USGS
LS000882,34.451542,-119.582397,Unmodified,USGS
LS000883,34.451500,-119.581970,Unmodified,USGS
LS000884,34.452026,-119.585350,Unmodified,USGS
LS000885,34.452297,-119.585297,Unmodified,USGS
LS000886,34.451939,-119.586403,Unmodified,USGS
LS000887,34.454754,-119.588547,Modified,USGS
LS000888,34.454857,-119.588669,Modified,USGS
LS000889,34.454918,-119.589119,Modified,USGS
LS000890,34.454796,-119.589256,Modified,USGS
LS000891,34.454792,-119.589371,Modified,USGS
LS000892,34.454876,-119.589485,Modified,USGS
LS000893,34.454838,-119.589676,Modified,USGS
LS000894,34.454742,-119.589462,Modified,USGS
LS000895,34.454651,-119.589531,Modified,USGS
LS000896,34.454792,-119.589165,Modified,USGS
LS000897,34.454803,-119.589111,Modified,USGS
LS000898,34.454868,-119.588501,Modified,USGS
LS000899,34.453663,-119.594215,Unmodified,USGS
LS000900,34.453690,-119.594841,Unmodified,USGS
LS000901,34.453300,-119.596588,Unmodified,USGS
LS000902,34.454811,-119.597458,Unmodified,USGS
LS000903,34.455006,-119.599510,Unmodified,USGS
LS000904,34.455078,-119.599472,Unmodified,USGS
LS000905,34.454708,-119.597969,Unmodified,USGS
LS000906,34.455437,-119.600822,Unmodified,USGS
LS000907,34.455463,-119.600601,Unmodified,USGS
LS000908,34.455448,-119.600067,Unmodified,USGS
LS000909,34.455322,-119.601418,Unmodified,USGS
LS000910,34.455421,-119.601814,Unmodified,USGS
LS000911,34.454273,-119.601784,Unmodified,USGS
LS000912,34.454983,-119.603310,Unmodified,USGS
LS000913,34.454697,-119.605148,Modified,USGS
LS000914,34.454609,-119.605087,Modified,USGS
LS000915,34.452370,-119.608002,Unmodified,USGS
LS000916,34.452343,-119.610687,Unmodified,USGS
LS000917,34.452324,-119.610481,Unmodified,USGS
LS000918,34.452000,-119.607605,Unmodified,USGS
LS000919,34.453094,-119.604118,Unmodified,USGS
LS000920,34.452988,-119.603836,Unmodified,USGS
LS000921,34.452118,-119.602844,Unmodified,USGS
LS000922,34.452194,-119.603020,Unmodified,CAP
LS000923,34.454021,-119.600571,Unmodified,USGS
LS000924,34.454227,-119.600281,Unmodified,USGS
LS000925,34.454159,-119.600777,Unmodified,USGS
LS000926,34.452267,-119.601028,-9999,USGS
LS000927,34.452332,-119.600578,Unmodified,USGS
LS000928,34.452362,-119.600090,-9999,USGS
LS000929,34.451828,-119.600426,Modified,USGS
LS000930,34.451786,-119.600342,Modified,USGS
LS000931,34.451958,-119.599991,Modified,USGS
LS000932,34.451847,-119.599800,Modified,USGS
LS000933,34.451786,-119.599625,Modified,USGS
LS000934,34.452068,-119.600288,Modified,USGS
LS000935,34.451984,-119.599236,Modified,USGS
LS000936,34.451611,-119.599152,Modified,USGS
LS000937,34.452137,-119.599167,Modified,USGS
LS000938,34.452808,-119.598839,Unmodified,USGS
LS000939,34.452930,-119.599213,Unmodified,USGS
LS000940,34.451344,-119.593300,Unmodified,USGS
LS000941,34.451550,-119.593246,Unmodified,USGS
LS000942,34.451706,-119.584938,Unmodified,USGS
LS000943,34.451302,-119.583046,Unmodified,USGS
LS000944,34.450455,-119.583199,Modified,USGS
LS000945,34.450779,-119.582756,Modified,USGS
LS000946,34.448292,-119.580055,Unmodified,USGS
LS000947,34.448097,-119.580124,Unmodified,USGS
LS000948,34.448467,-119.582832,Modified,USGS
LS000949,34.449883,-119.585213,Modified,USGS
LS000950,34.449928,-119.585373,Modified,USGS
LS000951,34.449963,-119.585632,Modified,USGS
LS000952,34.449440,-119.593544,Modified,USGS
LS000953,34.449932,-119.599182,Unmodified,USGS
LS000954,34.450665,-119.599213,Modified,USGS
LS000955,34.450996,-119.599319,Modified,USGS
LS000956,34.451061,-119.599403,Modified,USGS
LS000957,34.451187,-119.599709,Modified,USGS
LS000958,34.451363,-119.599861,Modified,USGS
LS000959,34.450462,-119.599854,Unmodified,USGS
LS000960,34.450531,-119.599960,Unmodified,USGS
LS000961,34.450390,-119.600266,Modified,USGS
LS000962,34.450996,-119.599640,Modified,USGS
LS000963,34.449570,-119.607590,Modified,USGS
LS000964,34.449989,-119.608482,-9999,USGS
LS000965,34.450844,-119.609100,-9999,USGS
LS000966,34.450508,-119.608116,Unmodified,USGS
LS000967,34.473934,-119.585464,Unmodified,USGS
LS000968,34.472939,-119.586090,Unmodified,USGS
LS000969,34.465160,-119.589355,Unmodified,USGS
LS000970,34.464993,-119.590027,Unmodified,USGS
LS000971,34.462036,-119.574272,Unmodified,USGS
LS000972,34.458008,-119.577202,Modified,USGS
LS000973,34.457806,-119.576660,Modified,USGS
LS000974,34.457680,-119.576828,Modified,USGS
LS000975,34.456589,-119.575424,Unmodified,USGS
LS000976,34.457020,-119.578262,Unmodified,USGS
LS000977,34.449608,-119.600288,Modified,USGS
LS000978,34.449055,-119.589104,Modified,USGS
LS000979,34.448467,-119.587830,Modified,USGS
LS000980,34.448372,-119.587730,Modified,USGS
LS000981,34.448082,-119.587471,Modified,USGS
LS000982,34.448395,-119.587471,Modified,USGS
LS000983,34.448483,-119.587524,Modified,USGS
LS000984,34.448357,-119.587334,Modified,USGS
LS000985,34.448040,-119.586884,Modified,USGS
LS000986,34.448120,-119.587212,Modified,USGS
LS000987,34.448235,-119.585716,Modified,USGS
LS000988,34.488316,-119.572845,Unmodified,CAP
LS000989,34.487411,-119.568268,Unmodified,CAP
LS000990,34.488289,-119.569069,Unmodified,CAP
LS000991,34.468147,-119.550797,Unmodified,CAP
LS000992,34.468014,-119.549278,Unmodified,CAP
LS000993,34.468384,-119.545441,Unmodified,CAP
LS000994,34.468792,-119.545952,Unmodified,CAP
LS000995,34.468838,-119.545723,Unmodified,CAP
LS000996,34.468914,-119.545799,Unmodified,CAP
LS000997,34.468464,-119.545631,Unmodified,CAP
LS000998,34.468414,-119.546112,Unmodified,CAP
LS000999,34.468716,-119.544319,Unmodified,CAP
LS001000,34.468964,-119.542717,Unmodified,CAP
LS001001,34.467876,-119.541809,Unmodified,CAP
LS001002,34.464108,-119.558243,Unmodified,USGS
LS001003,34.463913,-119.556366,Unmodified,USGS
LS001004,34.463272,-119.554695,Unmodified,USGS
LS001005,34.463097,-119.554031,Unmodified,USGS
LS001006,34.462910,-119.553909,Unmodified,USGS
LS001007,34.463886,-119.559319,Unmodified,USGS
LS001008,34.463718,-119.557930,Unmodified,USGS
LS001009,34.463524,-119.557671,Unmodified,USGS
LS001010,34.463707,-119.557533,Unmodified,USGS
LS001011,34.463783,-119.557259,Unmodified,USGS
LS001012,34.463711,-119.558350,Unmodified,USGS
LS001013,34.463375,-119.557243,Unmodified,USGS
LS001014,34.463024,-119.554611,Unmodified,USGS
LS001015,34.463192,-119.553391,Unmodified,USGS
LS001016,34.463284,-119.552818,Unmodified,USGS
LS001017,34.463299,-119.550575,Unmodified,CAP
LS001018,34.462635,-119.551979,Unmodified,USGS
LS001019,34.463402,-119.548500,Unmodified,CAP
LS001020,34.463268,-119.548294,Unmodified,CAP
LS001021,34.462860,-119.547752,Unmodified,CAP
LS001022,34.463261,-119.547112,Unmodified,CAP
LS001023,34.463249,-119.546654,Unmodified,CAP
LS001024,34.463028,-119.546188,Unmodified,CAP
LS001025,34.463593,-119.542297,Unmodified,CAP
LS001026,34.463188,-119.541046,Unmodified,CAP
LS001027,34.463539,-119.540894,Unmodified,CAP
LS001028,34.462963,-119.536354,Unmodified,CAP
LS001029,34.463017,-119.536903,Unmodified,CAP
LS001030,34.460724,-119.537437,Unmodified,CAP
LS001031,34.460407,-119.542786,Unmodified,CAP
LS001032,34.460228,-119.544273,Unmodified,CAP
LS001033,34.460373,-119.548843,Unmodified,CAP
LS001034,34.459652,-119.549416,Unmodified,USGS
LS001035,34.460243,-119.550476,Unmodified,USGS
LS001036,34.459827,-119.552589,Unmodified,USGS
LS001037,34.460022,-119.553360,Unmodified,USGS
LS001038,34.460304,-119.553345,Unmodified,USGS
LS001039,34.460655,-119.552811,Unmodified,USGS
LS001040,34.460606,-119.552612,Unmodified,USGS
LS001041,34.461334,-119.553123,Unmodified,USGS
LS001042,34.461971,-119.553246,Unmodified,USGS
LS001043,34.461208,-119.553764,Unmodified,USGS
LS001044,34.461224,-119.553925,Unmodified,USGS
LS001045,34.461582,-119.554054,Unmodified,USGS
LS001046,34.461281,-119.554039,Unmodified,USGS
LS001047,34.460781,-119.554771,Unmodified,USGS
LS001048,34.460724,-119.555389,Unmodified,USGS
LS001049,34.460678,-119.555542,Unmodified,USGS
LS001050,34.460056,-119.556526,Unmodified,USGS
LS001051,34.460087,-119.556366,Unmodified,USGS
LS001052,34.459480,-119.555489,Unmodified,USGS
LS001053,34.459629,-119.553879,Unmodified,USGS
LS001054,34.459057,-119.553856,Unmodified,USGS
LS001055,34.458755,-119.553757,Unmodified,USGS
LS001056,34.458714,-119.557755,Unmodified,USGS
LS001057,34.462841,-119.558044,Unmodified,USGS
LS001058,34.461823,-119.558159,Unmodified,USGS
LS001059,34.461651,-119.559479,Unmodified,USGS
LS001060,34.461689,-119.561066,Unmodified,USGS
LS001061,34.461796,-119.560364,Unmodified,USGS
LS001062,34.460754,-119.560616,Unmodified,USGS
LS001063,34.461700,-119.562965,Unmodified,USGS
LS001064,34.461937,-119.563660,Unmodified,USGS
LS001065,34.461365,-119.564064,Unmodified,USGS
LS001066,34.463390,-119.563477,Unmodified,USGS
LS001067,34.461239,-119.567169,Unmodified,USGS
LS001068,34.461220,-119.568184,Unmodified,USGS
LS001069,34.462223,-119.569412,Unmodified,USGS
LS001070,34.462513,-119.570572,Unmodified,USGS
LS001071,34.462730,-119.571091,Unmodified,USGS
LS001072,34.461693,-119.571594,Unmodified,USGS
LS001073,34.461460,-119.571281,Unmodified,USGS
LS001074,34.461754,-119.572929,Unmodified,USGS
LS001075,34.463642,-119.573112,Unmodified,USGS
LS001076,34.460159,-119.572693,Unmodified,USGS
LS001077,34.459930,-119.573517,Unmodified,USGS
LS001078,34.459686,-119.573654,Unmodified,USGS
LS001079,34.460278,-119.567924,Unmodified,USGS
LS001080,34.460339,-119.563065,Unmodified,USGS
LS001081,34.459602,-119.560234,Unmodified,USGS
LS001082,34.460930,-119.558701,Unmodified,USGS
LS001083,34.460617,-119.558823,Unmodified,USGS
LS001084,34.458702,-119.559242,-9999,USGS
LS001085,34.458508,-119.555771,Unmodified,USGS
LS001086,34.458454,-119.555557,Unmodified,USGS
LS001087,34.459045,-119.551552,Unmodified,USGS
LS001088,34.458290,-119.551323,Unmodified,USGS
LS001089,34.458450,-119.550156,Unmodified,USGS
LS001090,34.458504,-119.549522,Unmodified,USGS
LS001091,34.458080,-119.549599,Unmodified,USGS
LS001092,34.457687,-119.549110,Unmodified,USGS
LS001093,34.457340,-119.548737,Unmodified,USGS
LS001094,34.457615,-119.549683,Unmodified,USGS
LS001095,34.457283,-119.550331,Unmodified,USGS
LS001096,34.456924,-119.549774,Unmodified,USGS
LS001097,34.456905,-119.548737,Unmodified,USGS
LS001098,34.456902,-119.548523,Unmodified,USGS
LS001099,34.456985,-119.550415,Unmodified,USGS
LS001100,34.456406,-119.548302,Unmodified,USGS
LS001101,34.458179,-119.552429,Modified,USGS
LS001102,34.457500,-119.547684,Modified,CAP
LS001103,34.457890,-119.546898,Modified,CAP
LS001104,34.457607,-119.546898,Modified,CAP
LS001105,34.457115,-119.546791,-9999,CAP
LS001106,34.458492,-119.543999,Unmodified,CAP
LS001107,34.458458,-119.544083,Unmodified,CAP
LS001108,34.459061,-119.542915,Unmodified,CAP
LS001109,34.457115,-119.543663,Unmodified,CAP
LS001110,34.456848,-119.543709,Unmodified,CAP
LS001111,34.456722,-119.543846,Unmodified,CAP
LS001112,34.457024,-119.542412,Unmodified,CAP
LS001113,34.457489,-119.542725,Unmodified,CAP
LS001114,34.457481,-119.542549,Unmodified,CAP
LS001115,34.456593,-119.543030,Unmodified,CAP
LS001116,34.456661,-119.541885,Unmodified,CAP
LS001117,34.457867,-119.541405,Unmodified,CAP
LS001118,34.460602,-119.537018,Unmodified,CAP
LS001119,34.456303,-119.537231,Modified,CAP
LS001120,34.456642,-119.537750,Modified,CAP
LS001121,34.456421,-119.539040,Unmodified,CAP
LS001122,34.456856,-119.540154,Unmodified,CAP
LS001123,34.455906,-119.540092,Modified,CAP
LS001124,34.455399,-119.542984,Modified,CAP
LS001125,34.455730,-119.542442,Unmodified,CAP
LS001126,34.456142,-119.553413,-9999,USGS
LS001127,34.455917,-119.553429,Modified,USGS
LS001128,34.456165,-119.553604,Modified,USGS
LS001129,34.456169,-119.553802,Modified,USGS
LS001130,34.455479,-119.553787,Unmodified,USGS
LS001131,34.456993,-119.553879,Unmodified,USGS
LS001132,34.457104,-119.553696,-9999,USGS
LS001133,34.457314,-119.554001,Unmodified,USGS
LS001134,34.457188,-119.554161,Unmodified,USGS
LS001135,34.457092,-119.554611,Unmodified,USGS
LS001136,34.456974,-119.555176,Unmodified,USGS
LS001137,34.455799,-119.555389,Modified,USGS
LS001138,34.457783,-119.555367,Unmodified,USGS
LS001139,34.457760,-119.554688,Unmodified,USGS
LS001140,34.457687,-119.556976,Unmodified,USGS
LS001141,34.457413,-119.557373,Unmodified,USGS
LS001142,34.457611,-119.559052,-9999,USGS
LS001143,34.457127,-119.558174,Modified,USGS
LS001144,34.457024,-119.557739,Modified,USGS
LS001145,34.457607,-119.560287,Unmodified,USGS
LS001146,34.457981,-119.560181,Modified,USGS
LS001147,34.458164,-119.558868,Modified,USGS
LS001148,34.458225,-119.558990,-9999,USGS
LS001149,34.457184,-119.559120,Modified,USGS
LS001150,34.458027,-119.562744,Unmodified,USGS
LS001151,34.457611,-119.562920,Modified,USGS
LS001152,34.458347,-119.562859,Unmodified,USGS
LS001153,34.458603,-119.563499,Unmodified,USGS
LS001154,34.457924,-119.563164,Unmodified,USGS
LS001155,34.457928,-119.562698,Unmodified,USGS
LS001156,34.457050,-119.562798,Modified,USGS
LS001157,34.456795,-119.562126,Modified,USGS
LS001158,34.456604,-119.562057,Modified,USGS
LS001159,34.456207,-119.561958,Modified,USGS
LS001160,34.455944,-119.561813,Modified,USGS
LS001161,34.456635,-119.562836,Modified,USGS
LS001162,34.456841,-119.563148,Modified,USGS
LS001163,34.456959,-119.563133,Modified,USGS
LS001164,34.458126,-119.563950,Modified,USGS
LS001165,34.458012,-119.566887,Unmodified,USGS
LS001166,34.458420,-119.569023,Unmodified,USGS
LS001167,34.458073,-119.568939,Unmodified,USGS
LS001168,34.457241,-119.569618,Unmodified,USGS
LS001169,34.458084,-119.570236,Unmodified,USGS
LS001170,34.457878,-119.571091,Unmodified,USGS
LS001171,34.457344,-119.570969,Modified,USGS
LS001172,34.459042,-119.570534,Unmodified,USGS
LS001173,34.458698,-119.570953,Unmodified,USGS
LS001174,34.459332,-119.572754,Unmodified,USGS
LS001175,34.458759,-119.572906,Unmodified,USGS
LS001176,34.458508,-119.573067,Unmodified,USGS
LS001177,34.458153,-119.573685,Unmodified,USGS
LS001178,34.455032,-119.573502,Unmodified,USGS
LS001179,34.455105,-119.573273,Unmodified,USGS
LS001180,34.455379,-119.572731,-9999,USGS
LS001181,34.455284,-119.572517,-9999,USGS
LS001182,34.454994,-119.572403,-9999,USGS
LS001183,34.454750,-119.572021,Modified,USGS
LS001184,34.454727,-119.571869,Modified,USGS
LS001185,34.454655,-119.571785,Modified,USGS
LS001186,34.455067,-119.571144,Modified,CAP
LS001187,34.454445,-119.571426,Unmodified,USGS
LS001188,34.455254,-119.568977,Unmodified,USGS
LS001189,34.454746,-119.568230,Unmodified,USGS
LS001190,34.453968,-119.567223,Unmodified,USGS
LS001191,34.454765,-119.566704,Modified,USGS
LS001192,34.454838,-119.567108,Modified,USGS
LS001193,34.455025,-119.567589,Modified,USGS
LS001194,34.453861,-119.568405,Unmodified,USGS
LS001195,34.454334,-119.566246,Unmodified,USGS
LS001196,34.454029,-119.566193,Unmodified,USGS
LS001197,34.454174,-119.565735,-9999,USGS
LS001198,34.454197,-119.565544,Modified,CAP
LS001199,34.453671,-119.567726,Unmodified,USGS
LS001200,34.454479,-119.569221,Unmodified,USGS
LS001201,34.454559,-119.570595,Unmodified,USGS
LS001202,34.453079,-119.565964,Unmodified,USGS
LS001203,34.453918,-119.564362,Unmodified,USGS
LS001204,34.454105,-119.564278,Unmodified,USGS
LS001205,34.454002,-119.563271,Unmodified,USGS
LS001206,34.453396,-119.563393,Unmodified,USGS
LS001207,34.454010,-119.562897,Unmodified,USGS
LS001208,34.452644,-119.558197,Unmodified,USGS
LS001209,34.453716,-119.556999,Unmodified,USGS
LS001210,34.453541,-119.556953,Unmodified,USGS
LS001211,34.453712,-119.557610,Unmodified,USGS
LS001212,34.452744,-119.557137,Unmodified,USGS
LS001213,34.452602,-119.557060,Unmodified,USGS
LS001214,34.452538,-119.556778,Unmodified,USGS
LS001215,34.452858,-119.556679,Unmodified,USGS
LS001216,34.453426,-119.556458,Unmodified,USGS
LS001217,34.453236,-119.556580,Unmodified,USGS
LS001218,34.453655,-119.555908,Unmodified,USGS
LS001219,34.453918,-119.555740,Unmodified,USGS
LS001220,34.453537,-119.555046,Unmodified,USGS
LS001221,34.453770,-119.554810,Unmodified,USGS
LS001222,34.452423,-119.555092,Unmodified,USGS
LS001223,34.452888,-119.554527,Unmodified,USGS
LS001224,34.452175,-119.554359,Unmodified,USGS
LS001225,34.451996,-119.554352,Unmodified,USGS
LS001226,34.451870,-119.554321,Unmodified,USGS
LS001227,34.452122,-119.552116,Unmodified,USGS
LS001228,34.451984,-119.552429,Unmodified,USGS
LS001229,34.451576,-119.551888,Unmodified,USGS
LS001230,34.451664,-119.551437,Unmodified,USGS
LS001231,34.451611,-119.551323,Unmodified,USGS
LS001232,34.451393,-119.551414,Unmodified,USGS
LS001233,34.451050,-119.552536,Unmodified,USGS
LS001234,34.451534,-119.552422,Unmodified,USGS
LS001235,34.450668,-119.551765,Unmodified,USGS
LS001236,34.453644,-119.550926,Modified,USGS
LS001237,34.452808,-119.551704,Unmodified,USGS
LS001238,34.452934,-119.551048,Unmodified,USGS
LS001239,34.453686,-119.550308,Modified,USGS
LS001240,34.452785,-119.553223,Unmodified,USGS
LS001241,34.451904,-119.546631,Unmodified,CAP
LS001242,34.450699,-119.549332,Unmodified,USGS
LS001243,34.451023,-119.550201,Unmodified,USGS
LS001244,34.453232,-119.545174,Unmodified,CAP
LS001245,34.453197,-119.544884,Unmodified,CAP
LS001246,34.452888,-119.544456,Unmodified,CAP
LS001247,34.451832,-119.545334,Unmodified,CAP
LS001248,34.452236,-119.545258,Unmodified,CAP
LS001249,34.452919,-119.543472,Unmodified,CAP
LS001250,34.452461,-119.543648,Unmodified,CAP
LS001251,34.452454,-119.541283,Unmodified,CAP
LS001252,34.453117,-119.539925,Unmodified,CAP
LS001253,34.453136,-119.539772,Unmodified,CAP
LS001254,34.452553,-119.537674,Unmodified,CAP
LS001255,34.452541,-119.536667,Unmodified,CAP
LS001256,34.452087,-119.536049,Unmodified,CAP
LS001257,34.452446,-119.536125,Unmodified,CAP
LS001258,34.451580,-119.536270,Unmodified,CAP
LS001259,34.451584,-119.537231,Unmodified,CAP
LS001260,34.449844,-119.539383,Unmodified,CAP
LS001261,34.450382,-119.540504,Unmodified,CAP
LS001262,34.447887,-119.537636,Unmodified,CAP
LS001263,34.447380,-119.537239,Unmodified,CAP
LS001264,34.447327,-119.537392,Unmodified,CAP
LS001265,34.447182,-119.537407,Unmodified,CAP
LS001266,34.447090,-119.537003,Unmodified,CAP
LS001267,34.447121,-119.536797,Unmodified,CAP
LS001268,34.447063,-119.536667,Unmodified,CAP
LS001269,34.447517,-119.538261,Unmodified,CAP
LS001270,34.447922,-119.538963,Modified,CAP
LS001271,34.448486,-119.539574,-9999,CAP
LS001272,34.448807,-119.538513,Modified,CAP
LS001273,34.449360,-119.539238,Unmodified,CAP
LS001274,34.450432,-119.541344,Unmodified,CAP
LS001275,34.449379,-119.541908,Unmodified,CAP
LS001276,34.449440,-119.542259,Unmodified,CAP
LS001277,34.449902,-119.542419,Unmodified,CAP
LS001278,34.449989,-119.542625,Unmodified,CAP
LS001279,34.450150,-119.542725,Unmodified,CAP
LS001280,34.450306,-119.542763,Unmodified,CAP
LS001281,34.450657,-119.543022,Unmodified,CAP
LS001282,34.450439,-119.543190,Unmodified,CAP
LS001283,34.450382,-119.543419,Unmodified,CAP
LS001284,34.450165,-119.543655,Unmodified,CAP
LS001285,34.450008,-119.543922,Unmodified,CAP
LS001286,34.449799,-119.544136,Unmodified,CAP
LS001287,34.449600,-119.544060,Unmodified,CAP
LS001288,34.449360,-119.542801,-9999,CAP
LS001289,34.449345,-119.542877,-9999,CAP
LS001290,34.449852,-119.544647,Unmodified,CAP
LS001291,34.449940,-119.544815,Unmodified,CAP
LS001292,34.449699,-119.546417,Unmodified,CAP
LS001293,34.449409,-119.545547,Unmodified,CAP
LS001294,34.449051,-119.546532,Unmodified,CAP
LS001295,34.449131,-119.544807,Unmodified,CAP
LS001296,34.449131,-119.544685,Unmodified,CAP
LS001297,34.449139,-119.544594,Unmodified,CAP
LS001298,34.449287,-119.550644,Unmodified,USGS
LS001299,34.449036,-119.550606,Unmodified,CAP
LS001300,34.448952,-119.550583,Unmodified,CAP
LS001301,34.449760,-119.550781,Unmodified,USGS
LS001302,34.449306,-119.551140,Unmodified,USGS
LS001303,34.449448,-119.551186,Unmodified,USGS
LS001304,34.449669,-119.551468,Unmodified,USGS
LS001305,34.449516,-119.551643,Unmodified,USGS
LS001306,34.449574,-119.551689,Unmodified,USGS
LS001307,34.450073,-119.551933,Unmodified,USGS
LS001308,34.450127,-119.552086,Unmodified,USGS
LS001309,34.450447,-119.552452,Unmodified,USGS
LS001310,34.450169,-119.552521,Unmodified,USGS
LS001311,34.450661,-119.553635,Unmodified,USGS
LS001312,34.450939,-119.553658,Unmodified,USGS
LS001313,34.450394,-119.553535,Unmodified,USGS
LS001314,34.450455,-119.553680,Unmodified,USGS
LS001315,34.450745,-119.554184,Unmodified,USGS
LS001316,34.450710,-119.554405,Unmodified,USGS
LS001317,34.451302,-119.554779,Unmodified,USGS
LS001318,34.451550,-119.554924,Unmodified,USGS
LS001319,34.451374,-119.555038,Unmodified,USGS
LS001320,34.451023,-119.555161,Unmodified,USGS
LS001321,34.450462,-119.555176,Unmodified,USGS
LS001322,34.450390,-119.555344,Unmodified,USGS
LS001323,34.450233,-119.555145,Unmodified,USGS
LS001324,34.451969,-119.555336,Unmodified,USGS
LS001325,34.451946,-119.555473,Unmodified,USGS
LS001326,34.451916,-119.555618,Unmodified,USGS
LS001327,34.451698,-119.556198,Unmodified,USGS
LS001328,34.452171,-119.557701,Unmodified,USGS
LS001329,34.452206,-119.558769,Unmodified,USGS
LS001330,34.450779,-119.558304,Unmodified,USGS
LS001331,34.450909,-119.558205,Unmodified,USGS
LS001332,34.451275,-119.557999,Unmodified,USGS
LS001333,34.451435,-119.557625,Unmodified,USGS
LS001334,34.451820,-119.557335,Unmodified,USGS
LS001335,34.451382,-119.562325,Unmodified,USGS
LS001336,34.451538,-119.562149,Unmodified,USGS
LS001337,34.450161,-119.562187,Unmodified,USGS
LS001338,34.450424,-119.561859,Unmodified,USGS
LS001339,34.450333,-119.562515,Unmodified,USGS
LS001340,34.450413,-119.562675,Unmodified,USGS
LS001341,34.450348,-119.562958,Unmodified,USGS
LS001342,34.451214,-119.564346,Modified,USGS
LS001343,34.452095,-119.565178,Unmodified,USGS
LS001344,34.452576,-119.564949,Unmodified,USGS
LS001345,34.451897,-119.564407,Modified,USGS
LS001346,34.452213,-119.564445,Modified,USGS
LS001347,34.450958,-119.565918,Unmodified,USGS
LS001348,34.451180,-119.564705,Modified,USGS
LS001349,34.451283,-119.564865,Modified,USGS
LS001350,34.451042,-119.566238,Modified,USGS
LS001351,34.452530,-119.567474,Unmodified,USGS
LS001352,34.453030,-119.572540,Unmodified,USGS
LS001353,34.453102,-119.572197,Unmodified,USGS
LS001354,34.451595,-119.573944,Unmodified,USGS
LS001355,34.450222,-119.572884,Unmodified,USGS
LS001356,34.450214,-119.572403,Unmodified,USGS
LS001357,34.451118,-119.571594,Unmodified,USGS
LS001358,34.450649,-119.571594,Unmodified,USGS
LS001359,34.450558,-119.571533,Unmodified,USGS
LS001360,34.450901,-119.571152,Unmodified,USGS
LS001361,34.450718,-119.570999,Unmodified,USGS
LS001362,34.450039,-119.571579,Modified,USGS
LS001363,34.450195,-119.572151,Unmodified,USGS
LS001364,34.450214,-119.570770,Unmodified,USGS
LS001365,34.449638,-119.570976,Modified,USGS
LS001366,34.449772,-119.571045,Modified,USGS
LS001367,34.450325,-119.566811,Modified,USGS
LS001368,34.450058,-119.566444,-9999,USGS
LS001369,34.450081,-119.565399,Unmodified,USGS
LS001370,34.449329,-119.563660,Unmodified,USGS
LS001371,34.449516,-119.563644,Unmodified,USGS
LS001372,34.448582,-119.557808,Unmodified,USGS
LS001373,34.449017,-119.556000,Unmodified,USGS
LS001374,34.448959,-119.556137,Unmodified,USGS
LS001375,34.449371,-119.555099,Unmodified,USGS
LS001376,34.449383,-119.554993,Unmodified,USGS
LS001377,34.449509,-119.554718,Unmodified,USGS
LS001378,34.449406,-119.554611,Unmodified,USGS
LS001379,34.449219,-119.554543,Unmodified,USGS
LS001380,34.449032,-119.554390,Unmodified,USGS
LS001381,34.448677,-119.554291,Unmodified,USGS
LS001382,34.448151,-119.554352,Unmodified,USGS
LS001383,34.449593,-119.552155,Unmodified,USGS
LS001384,34.448906,-119.552971,Unmodified,USGS
LS001385,34.447960,-119.554031,Unmodified,USGS
LS001386,34.448444,-119.550652,Unmodified,CAP
LS001387,34.447830,-119.548813,Modified,CAP
LS001388,34.446976,-119.549240,Modified,CAP
LS001389,34.448212,-119.547256,Modified,CAP
LS001390,34.448257,-119.547104,Modified,CAP
LS001391,34.448277,-119.546921,Modified,CAP
LS001392,34.448174,-119.546822,Modified,CAP
LS001393,34.448177,-119.546661,Modified,CAP
LS001394,34.448162,-119.546608,Modified,CAP
LS001395,34.448101,-119.546539,Modified,CAP
LS001396,34.448067,-119.546280,Modified,CAP
LS001397,34.448006,-119.546112,Modified,CAP
LS001398,34.447899,-119.545990,Modified,CAP
LS001399,34.447777,-119.545868,Modified,CAP
LS001400,34.447536,-119.546516,Modified,CAP
LS001401,34.447395,-119.546738,Modified,CAP
LS001402,34.447262,-119.546837,Modified,CAP
LS001403,34.447090,-119.546844,Modified,CAP
LS001404,34.447071,-119.546761,Modified,CAP
LS001405,34.447319,-119.546585,Modified,CAP
LS001406,34.447659,-119.545654,Modified,CAP
LS001407,34.447586,-119.545715,Modified,CAP
LS001408,34.447838,-119.545464,Modified,CAP
LS001409,34.447742,-119.545441,Modified,CAP
LS001410,34.447689,-119.545349,Modified,CAP
LS001411,34.447388,-119.545280,Modified,CAP
LS001412,34.447575,-119.545837,Modified,CAP
LS001413,34.446899,-119.544189,Unmodified,CAP
LS001414,34.448444,-119.545006,Unmodified,CAP
LS001415,34.448269,-119.545090,Modified,CAP
LS001416,34.448345,-119.544495,Modified,CAP
LS001417,34.448612,-119.543655,-9999,CAP
LS001418,34.447704,-119.542847,Unmodified,CAP
LS001419,34.447563,-119.542419,Unmodified,CAP
LS001420,34.447422,-119.542236,Unmodified,CAP
LS001421,34.447933,-119.542778,Unmodified,CAP
LS001422,34.448566,-119.542702,-9999,CAP
LS001423,34.448673,-119.542618,Modified,CAP
LS001424,34.448921,-119.542747,Modified,CAP
LS001425,34.448948,-119.542870,Modified,CAP
LS001426,34.448895,-119.543037,Unmodified,CAP
LS001427,34.448463,-119.542053,-9999,CAP
LS001428,34.448147,-119.541924,Modified,CAP
LS001429,34.448139,-119.542160,Modified,CAP
LS001430,34.448254,-119.542503,-9999,CAP
LS001431,34.448074,-119.541756,Modified,CAP
LS001432,34.448391,-119.541626,Unmodified,CAP
LS001433,34.448425,-119.541565,Unmodified,CAP
LS001434,34.448448,-119.541512,Unmodified,CAP
LS001435,34.448544,-119.541458,Unmodified,CAP
LS001436,34.448566,-119.541267,Unmodified,CAP
LS001437,34.448475,-119.541222,Unmodified,CAP
LS001438,34.448341,-119.541245,Unmodified,CAP
LS001439,34.448261,-119.541199,Unmodified,CAP
LS001440,34.448074,-119.541161,-9999,CAP
LS001441,34.447914,-119.541077,Modified,CAP
LS001442,34.447815,-119.541084,Modified,CAP
LS001443,34.447746,-119.540977,Modified,CAP
LS001444,34.448124,-119.541664,-9999,CAP
LS001445,34.448456,-119.542168,Modified,CAP
LS001446,34.447517,-119.540665,Modified,CAP
LS001447,34.447643,-119.540596,Modified,CAP
LS001448,34.447842,-119.539154,Modified,CAP
LS001449,34.446815,-119.538277,Unmodified,CAP
LS001450,34.447189,-119.540855,Modified,CAP
LS001451,34.446648,-119.540672,Modified,CAP
LS001452,34.446682,-119.540871,Modified,CAP
LS001453,34.447460,-119.541962,Unmodified,CAP
LS001454,34.447674,-119.541885,Modified,CAP
LS001455,34.447807,-119.541809,Modified,CAP
LS001456,34.447861,-119.541710,Modified,CAP
LS001457,34.447025,-119.543243,Unmodified,CAP
LS001458,34.447987,-119.544220,Unmodified,CAP
LS001459,34.448116,-119.544548,Modified,CAP
LS001460,34.466881,-119.547020,Unmodified,CAP
LS001461,34.465675,-119.573059,Unmodified,USGS
LS001462,34.465202,-119.573997,Unmodified,USGS
LS001463,34.464214,-119.565140,Unmodified,USGS
LS001464,34.464485,-119.565094,Unmodified,USGS
LS001465,34.464405,-119.562386,Unmodified,USGS
LS001466,34.464371,-119.561768,Unmodified,USGS
LS001467,34.463818,-119.561577,Unmodified,USGS
LS001468,34.463070,-119.560905,Unmodified,USGS
LS001469,34.463345,-119.560555,Unmodified,USGS
LS001470,34.463367,-119.558998,Unmodified,USGS
LS001471,34.463345,-119.558899,Unmodified,USGS
LS001472,34.462826,-119.559059,Unmodified,USGS
LS001473,34.454521,-119.539322,Unmodified,CAP
LS001474,34.455120,-119.539360,Modified,CAP
LS001475,34.456039,-119.544174,Modified,CAP
LS001476,34.457073,-119.543228,Unmodified,CAP
LS001477,34.457142,-119.543320,Unmodified,CAP
LS001478,34.457100,-119.543434,Unmodified,CAP
LS001479,34.457108,-119.543503,Unmodified,CAP
LS001480,34.456833,-119.543419,Unmodified,CAP
LS001481,34.457237,-119.543060,Unmodified,CAP
LS001482,34.456741,-119.542915,Unmodified,CAP
LS001483,34.456657,-119.562614,Modified,USGS
LS001484,34.456768,-119.554619,-9999,USGS
LS001485,34.456734,-119.554581,-9999,USGS
LS001486,34.456474,-119.554420,-9999,USGS
LS001487,34.455608,-119.547722,Modified,USGS
LS001488,34.455738,-119.547691,Modified,CAP
LS001489,34.455582,-119.547623,Modified,CAP
LS001490,34.455627,-119.547508,Modified,CAP
LS001491,34.455730,-119.547256,Modified,CAP
LS001492,34.452892,-119.551689,Unmodified,USGS
LS001493,34.453190,-119.549469,-9999,USGS
LS001494,34.453625,-119.549110,Modified,USGS
LS001495,34.453403,-119.549286,Modified,USGS
LS001496,34.452858,-119.553276,Unmodified,USGS
LS001497,34.452873,-119.553459,Unmodified,USGS
LS001498,34.453442,-119.574020,Unmodified,CAP
LS001499,34.452530,-119.574066,Modified,USGS
LS001500,34.452385,-119.574242,Modified,USGS
LS001501,34.452217,-119.574249,Modified,USGS
LS001502,34.450970,-119.556198,Unmodified,USGS
LS001503,34.451794,-119.554169,Unmodified,USGS
LS001504,34.452843,-119.552139,Unmodified,USGS
LS001505,34.452980,-119.552826,Unmodified,USGS
LS001506,34.452438,-119.552879,Unmodified,USGS
LS001507,34.452389,-119.553047,Unmodified,USGS
LS001508,34.452015,-119.551971,Unmodified,USGS
LS001509,34.451885,-119.552116,Unmodified,USGS
LS001510,34.450787,-119.551849,Unmodified,USGS
LS001511,34.449364,-119.551826,Unmodified,USGS
LS001512,34.450558,-119.545876,Unmodified,CAP
LS001513,34.450710,-119.541527,Unmodified,CAP
LS001514,34.450912,-119.542282,Unmodified,CAP
LS001515,34.450222,-119.540993,Unmodified,CAP
LS001516,34.450569,-119.536713,Unmodified,CAP
LS001517,34.450428,-119.537300,Unmodified,CAP
LS001518,34.450478,-119.537392,Unmodified,CAP
LS001519,34.447231,-119.538177,Unmodified,CAP
LS001520,34.447990,-119.539932,Modified,CAP
LS001521,34.448547,-119.547562,Modified,CAP
LS001522,34.448528,-119.547668,Modified,CAP
LS001523,34.447590,-119.549034,Modified,CAP
LS001524,34.447098,-119.573914,Modified,USGS
LS001525,34.445202,-119.558517,Modified,USGS
LS001526,34.445251,-119.558662,Modified,USGS
LS001527,34.444775,-119.556068,Unmodified,USGS
LS001528,34.445202,-119.560577,Modified,USGS
LS001529,34.443657,-119.558517,Modified,USGS
LS001530,34.443180,-119.556007,Modified,USGS
LS001531,34.442772,-119.558914,Modified,USGS
LS001532,34.441467,-119.563210,Unmodified,USGS
LS001533,34.441586,-119.562973,Unmodified,USGS
LS001534,34.441559,-119.562897,Unmodified,USGS
LS001535,34.441273,-119.561394,Modified,USGS
LS001536,34.441322,-119.561348,Modified,USGS
LS001537,34.441082,-119.561516,Modified,USGS
LS001538,34.440598,-119.560555,Modified,USGS
LS001539,34.440525,-119.560623,Modified,USGS
LS001540,34.439861,-119.556755,Modified,USGS
LS001541,34.440037,-119.556267,Modified,USGS
LS001542,34.439587,-119.555618,Modified,USGS
LS001543,34.439449,-119.555573,Modified,USGS
LS001544,34.438992,-119.555862,Modified,USGS
LS001545,34.438969,-119.555702,Modified,USGS
LS001546,34.438721,-119.555527,Modified,USGS
LS001547,34.438324,-119.557152,Modified,USGS
LS001548,34.438999,-119.554718,Modified,USGS
LS001549,34.438934,-119.554405,Modified,USGS
LS001550,34.438889,-119.553864,Modified,CAP
LS001551,34.438995,-119.553604,Modified,CAP
LS001552,34.439316,-119.544556,Modified,CAP
LS001553,34.439339,-119.544456,Modified,CAP
LS001554,34.439442,-119.544136,Modified,CAP
LS001555,34.438751,-119.543335,Modified,CAP
LS001556,34.438847,-119.542946,Modified,CAP
LS001557,34.438976,-119.543442,Modified,CAP
LS001558,34.438831,-119.543228,Modified,CAP
LS001559,34.438076,-119.541954,Modified,CAP
LS001560,34.437912,-119.541969,Modified,CAP
LS001561,34.438103,-119.542503,Modified,CAP
LS001562,34.438351,-119.543434,Modified,CAP
LS001563,34.437996,-119.541412,Modified,CAP
LS001564,34.438721,-119.541306,Modified,CAP
LS001565,34.438774,-119.540955,Modified,CAP
LS001566,34.438927,-119.540474,Modified,CAP
LS001567,34.438644,-119.540260,Modified,CAP
LS001568,34.438400,-119.539177,Modified,CAP
LS001569,34.438332,-119.539154,Modified,CAP
LS001570,34.438187,-119.539177,Modified,CAP
LS001571,34.438026,-119.539703,-9999,CAP
LS001572,34.439552,-119.537132,Modified,CAP
LS001573,34.439491,-119.536858,Modified,CAP
LS001574,34.441452,-119.541916,Modified,CAP
LS001575,34.441357,-119.542030,Modified,CAP
LS001576,34.436787,-119.542000,Modified,CAP
LS001577,34.436749,-119.541672,Modified,CAP
LS001578,34.437382,-119.553253,Modified,CAP
LS001579,34.437279,-119.552963,Modified,CAP
LS001580,34.437553,-119.552910,Modified,CAP
LS001581,34.437424,-119.554565,Modified,USGS
LS001582,34.437325,-119.554710,Modified,USGS
LS001583,34.437485,-119.554619,Modified,USGS
LS001584,34.437695,-119.554718,Modified,USGS
LS001585,34.437725,-119.554657,Modified,USGS
LS001586,34.437893,-119.554886,Modified,USGS
LS001587,34.437344,-119.555153,Modified,USGS
LS001588,34.437840,-119.555008,Modified,USGS
LS001589,34.437893,-119.555077,Modified,USGS
LS001590,34.437786,-119.555145,Modified,USGS
LS001591,34.437698,-119.555077,Modified,USGS
LS001592,34.437527,-119.554810,Modified,USGS
LS001593,34.437393,-119.554703,Modified,USGS
LS001594,34.437325,-119.554832,Modified,USGS
LS001595,34.437000,-119.555473,Modified,USGS
LS001596,34.436787,-119.555504,Modified,USGS
LS001597,34.437477,-119.556183,Modified,USGS
LS001598,34.437935,-119.556885,Modified,USGS
LS001599,34.438335,-119.555916,Modified,USGS
LS001600,34.439896,-119.561676,Modified,USGS
LS001601,34.439960,-119.561760,Modified,USGS
LS001602,34.439831,-119.563423,Modified,USGS
LS001603,34.439877,-119.562988,Modified,USGS
LS001604,34.439835,-119.562775,Modified,USGS
LS001605,34.439686,-119.562592,Modified,USGS
LS001606,34.439232,-119.561836,Modified,USGS
LS001607,34.438793,-119.561829,Modified,USGS
LS001608,34.439823,-119.561996,Modified,USGS
LS001609,34.439751,-119.562164,Modified,USGS
LS001610,34.439522,-119.562141,Modified,USGS
LS001611,34.439545,-119.562851,Modified,USGS
LS001612,34.439480,-119.562683,Modified,USGS
LS001613,34.439461,-119.563301,Modified,USGS
LS001614,34.439388,-119.563507,Modified,USGS
LS001615,34.439396,-119.563766,Modified,USGS
LS001616,34.439335,-119.563614,Modified,USGS
LS001617,34.439281,-119.563972,Modified,USGS
LS001618,34.439426,-119.564209,Modified,USGS
LS001619,34.439426,-119.564415,Modified,USGS
LS001620,34.439255,-119.564697,Modified,USGS
LS001621,34.438995,-119.565063,Modified,USGS
LS001622,34.438984,-119.565224,Modified,USGS
LS001623,34.438828,-119.564888,Modified,USGS
LS001624,34.439613,-119.564034,Modified,USGS
LS001625,34.435390,-119.564308,Modified,USGS
LS001626,34.435879,-119.563736,Modified,USGS
LS001627,34.435863,-119.563492,Modified,USGS
LS001628,34.436039,-119.563362,Modified,USGS
LS001629,34.436077,-119.563148,Modified,USGS
LS001630,34.436092,-119.563263,Modified,USGS
LS001631,34.435833,-119.562981,Modified,USGS
LS001632,34.435059,-119.564590,Modified,USGS
LS001633,34.434998,-119.564636,Modified,USGS
LS001634,34.431652,-119.538628,Unmodified,CAP
LS001635,34.431816,-119.548752,Modified,CAP
LS001636,34.426197,-119.545280,Unmodified,CAP
LS001637,34.426521,-119.545746,Unmodified,CAP
LS001638,34.424755,-119.557640,Modified,CAP
LS001639,34.423134,-119.556633,Modified,CAP
LS001640,34.423546,-119.556396,Modified,CAP
LS001641,34.422405,-119.553391,Modified,CAP
LS001642,34.447643,-119.592628,Modified,USGS
LS001643,34.447048,-119.576439,-9999,CAP
LS001644,34.446114,-119.575417,Modified,USGS
LS001645,34.446182,-119.575470,Modified,USGS
LS001646,34.446766,-119.586433,Unmodified,USGS
LS001647,34.433697,-119.582329,Modified,CAP
LS001648,34.432930,-119.588646,Modified,CAP
LS001649,34.432968,-119.588676,Modified,CAP
LS001650,34.449829,-119.673332,Modified,CAP
LS001651,34.443748,-119.679108,Modified,CAP
LS001652,34.443771,-119.678841,Modified,CAP
LS001653,34.443798,-119.678711,Modified,CAP
LS001654,34.496674,-119.633629,Unmodified,CAP
LS001655,34.462414,-119.662697,Unmodified,USGS
LS001656,34.462357,-119.661537,Unmodified,USGS
LS001657,34.463097,-119.640633,Modified,USGS
LS001658,34.463188,-119.640999,-9999,USGS
LS001659,34.463829,-119.641586,Unmodified,USGS
LS001660,34.463963,-119.642555,Unmodified,USGS
LS001661,34.463959,-119.641830,Unmodified,USGS
LS001662,34.464336,-119.642181,Unmodified,USGS
LS001663,34.461922,-119.631973,Unmodified,USGS
LS001664,34.460045,-119.626160,Unmodified,USGS
LS001665,34.460239,-119.626358,Unmodified,USGS
LS001666,34.460438,-119.626312,Unmodified,USGS
LS001667,34.460999,-119.631302,Unmodified,USGS
LS001668,34.460266,-119.629539,Unmodified,USGS
LS001669,34.458626,-119.614792,Unmodified,USGS
LS001670,34.459293,-119.614372,Unmodified,USGS
LS001671,34.458462,-119.600365,Unmodified,USGS
LS001672,34.458275,-119.600662,Unmodified,USGS
LS001673,34.451332,-119.563332,Modified,USGS
LS001674,34.451412,-119.563004,Modified,USGS
LS001675,34.451088,-119.563133,Modified,USGS
LS001676,34.446205,-119.553352,Modified,USGS
LS001677,34.446266,-119.553535,Modified,USGS
LS001678,34.446712,-119.553932,Modified,USGS
LS001679,34.446644,-119.554115,Modified,USGS
LS001680,34.446495,-119.554207,Modified,USGS
LS001681,34.446331,-119.554367,Modified,USGS
LS001682,34.446480,-119.555481,Unmodified,USGS
LS001683,34.447407,-119.557693,Modified,USGS
LS001684,34.447510,-119.557632,Modified,USGS
LS001685,34.458755,-119.602943,Unmodified,USGS
LS001686,34.458862,-119.602943,Unmodified,USGS
LS001687,34.458740,-119.600647,Unmodified,USGS
LS001688,34.458950,-119.600861,Unmodified,USGS
LS001689,34.458874,-119.597420,Unmodified,USGS
LS001690,34.445393,-119.542564,Unmodified,CAP
LS001691,34.446892,-119.542404,-9999,CAP
LS001692,34.467113,-119.662201,Unmodified,USGS
LS001693,34.458233,-119.609459,Unmodified,USGS
LS001694,34.444698,-119.554909,Modified,USGS
LS001695,34.444344,-119.554955,Unmodified,USGS
LS001696,34.444332,-119.554443,Unmodified,USGS
LS001697,34.444103,-119.554459,Unmodified,USGS
LS001698,34.444439,-119.553787,Modified,USGS
LS001699,34.444500,-119.553513,Modified,USGS
LS001700,34.444412,-119.553551,Modified,USGS
LS001701,34.444386,-119.553406,Modified,USGS
LS001702,34.444420,-119.553307,Modified,USGS
LS001703,34.444244,-119.553246,Modified,USGS
LS001704,34.444168,-119.553123,Modified,USGS
LS001705,34.444191,-119.553078,Modified,USGS
LS001706,34.444199,-119.552986,Modified,USGS
LS001707,34.444447,-119.552979,Modified,USGS
LS001708,34.444416,-119.553116,Modified,USGS
LS001709,34.443859,-119.555786,Modified,USGS
LS001710,34.443714,-119.556030,Modified,USGS
LS001711,34.446144,-119.546448,Modified,CAP
LS001712,34.446087,-119.546585,Modified,CAP
LS001713,34.446056,-119.546738,Modified,CAP
LS001714,34.446556,-119.546364,Modified,CAP
LS001715,34.445438,-119.545944,Unmodified,CAP
LS001716,34.445610,-119.545380,Unmodified,CAP
LS001717,34.445656,-119.545273,Unmodified,CAP
LS001718,34.445526,-119.545166,Unmodified,CAP
LS001719,34.445644,-119.545029,Unmodified,CAP
LS001720,34.445675,-119.544914,Unmodified,CAP
LS001721,34.445053,-119.544891,Modified,CAP
LS001722,34.445076,-119.545013,Modified,CAP
LS001723,34.445217,-119.546097,Modified,CAP
LS001724,34.445213,-119.546173,Modified,CAP
LS001725,34.445621,-119.546379,Unmodified,CAP
LS001726,34.444790,-119.544319,Modified,CAP
LS001727,34.444687,-119.544334,Modified,CAP
LS001728,34.445408,-119.542984,-9999,CAP
LS001729,34.445942,-119.543121,Modified,CAP
LS001730,34.444283,-119.543152,Modified,CAP
LS001731,34.444187,-119.543152,Modified,CAP
LS001732,34.444351,-119.544464,Modified,CAP
LS001733,34.444313,-119.544472,Modified,CAP
LS001734,34.444279,-119.544472,Modified,CAP
LS001735,34.443996,-119.546585,Modified,CAP
LS001736,34.443981,-119.546875,Modified,CAP
LS001737,34.444172,-119.546570,Modified,CAP
LS001738,34.444202,-119.546707,Modified,CAP
LS001739,34.444378,-119.546860,Modified,CAP
LS001740,34.444344,-119.547112,Modified,CAP
LS001741,34.444382,-119.547310,Modified,CAP
LS001742,34.444405,-119.547401,Modified,CAP
LS001743,34.444122,-119.547798,Modified,CAP
LS001744,34.444256,-119.547806,Modified,CAP
LS001745,34.444126,-119.548203,Modified,CAP
LS001746,34.444202,-119.548248,Modified,CAP
LS001747,34.444595,-119.548698,Modified,CAP
LS001748,34.444950,-119.548096,Modified,CAP
LS001749,34.445080,-119.548035,Modified,CAP
LS001750,34.445187,-119.547798,Modified,CAP
LS001751,34.445251,-119.547264,Modified,CAP
LS001752,34.445274,-119.547073,Modified,CAP
LS001753,34.445236,-119.547546,Modified,CAP
LS001754,34.441807,-119.539566,Modified,CAP
LS001755,34.444027,-119.538521,Unmodified,CAP
LS001756,34.443874,-119.538864,Unmodified,CAP
LS001757,34.446190,-119.540268,Modified,CAP
LS001758,34.446060,-119.540131,Modified,CAP
LS001759,34.440289,-119.549500,Modified,CAP
LS001760,34.439980,-119.549217,Modified,CAP
LS001761,34.443329,-119.542633,Modified,CAP
LS001762,34.443531,-119.543274,Modified,CAP
LS001763,34.443642,-119.543388,Modified,CAP
LS001764,34.443481,-119.544197,Modified,CAP
LS001765,34.443474,-119.543800,Modified,CAP
LS001766,34.443405,-119.543610,Modified,CAP
LS001767,34.439896,-119.555908,Modified,USGS
LS001768,34.445824,-119.538300,Modified,CAP
LS001769,34.445148,-119.561356,-9999,USGS
LS001770,34.491096,-119.515587,Modified,CAP
LS001771,34.491020,-119.515251,Modified,CAP
LS001772,34.491001,-119.514816,Modified,CAP
LS001773,34.490704,-119.514908,Modified,CAP
LS001774,34.489555,-119.514404,Modified,CAP
LS001775,34.489883,-119.514595,Modified,CAP
LS001776,34.490513,-119.514877,Modified,CAP
LS001777,34.488495,-119.513672,Modified,CAP
LS001778,34.489330,-119.511261,Modified,CAP
LS001779,34.487980,-119.506081,Modified,CAP
LS001780,34.487968,-119.506386,-9999,CAP
LS001781,34.488110,-119.507195,Unmodified,CAP
LS001782,34.487885,-119.510399,Modified,CAP
LS001783,34.486038,-119.516876,Unmodified,CAP
LS001784,34.485920,-119.516861,Unmodified,CAP
LS001785,34.486534,-119.515854,Unmodified,CAP
LS001786,34.486557,-119.515480,Unmodified,CAP
LS001787,34.486736,-119.514214,Unmodified,CAP
LS001788,34.486679,-119.513939,Unmodified,CAP
LS001789,34.486706,-119.514076,Unmodified,CAP
LS001790,34.486649,-119.513763,Unmodified,CAP
LS001791,34.486561,-119.513535,Unmodified,CAP
LS001792,34.486248,-119.513268,Unmodified,CAP
LS001793,34.485748,-119.513634,Unmodified,CAP
LS001794,34.485771,-119.513565,Unmodified,CAP
LS001795,34.485981,-119.513397,Unmodified,CAP
LS001796,34.485897,-119.512772,Unmodified,CAP
LS001797,34.485859,-119.512428,Unmodified,CAP
LS001798,34.485420,-119.512894,Unmodified,CAP
LS001799,34.485600,-119.513573,Unmodified,CAP
LS001800,34.485565,-119.513405,Unmodified,CAP
LS001801,34.485676,-119.513306,Unmodified,CAP
LS001802,34.485542,-119.513336,Unmodified,CAP
LS001803,34.485836,-119.513260,Unmodified,CAP
LS001804,34.485756,-119.513268,Unmodified,CAP
LS001805,34.486538,-119.512184,Unmodified,CAP
LS001806,34.487049,-119.512032,Unmodified,CAP
LS001807,34.487133,-119.511971,Unmodified,CAP
LS001808,34.486965,-119.511536,Modified,CAP
LS001809,34.487263,-119.511200,Modified,CAP
LS001810,34.487263,-119.511101,Modified,CAP
LS001811,34.487217,-119.510849,Modified,CAP
LS001812,34.486649,-119.510857,Modified,CAP
LS001813,34.485989,-119.511742,Unmodified,CAP
LS001814,34.485958,-119.511810,Unmodified,CAP
LS001815,34.484745,-119.512634,Unmodified,CAP
LS001816,34.484898,-119.510468,Unmodified,CAP
LS001817,34.485470,-119.510834,Unmodified,CAP
LS001818,34.485588,-119.510681,Unmodified,CAP
LS001819,34.485428,-119.508621,Unmodified,CAP
LS001820,34.485325,-119.508636,Unmodified,CAP
LS001821,34.485977,-119.508659,Unmodified,CAP
LS001822,34.486538,-119.508476,-9999,CAP
LS001823,34.486343,-119.508003,Unmodified,CAP
LS001824,34.486492,-119.508102,-9999,CAP
LS001825,34.486603,-119.508026,-9999,CAP
LS001826,34.486820,-119.507782,-9999,CAP
LS001827,34.486904,-119.507904,Modified,CAP
LS001828,34.487083,-119.507843,Modified,CAP
LS001829,34.486458,-119.507133,Unmodified,CAP
LS001830,34.486340,-119.507080,Unmodified,CAP
LS001831,34.486187,-119.507019,Unmodified,CAP
LS001832,34.486671,-119.506645,-9999,CAP
LS001833,34.486671,-119.506577,-9999,CAP
LS001834,34.486805,-119.506302,-9999,CAP
LS001835,34.487099,-119.506386,Modified,CAP
LS001836,34.487114,-119.506340,Modified,CAP
LS001837,34.486858,-119.506096,-9999,CAP
LS001838,34.487270,-119.505035,Modified,CAP
LS001839,34.487179,-119.505684,Modified,CAP
LS001840,34.487278,-119.505959,Modified,CAP
LS001841,34.487274,-119.505890,Modified,CAP
LS001842,34.487278,-119.505768,Modified,CAP
LS001843,34.486324,-119.505684,Unmodified,CAP
LS001844,34.486382,-119.505669,Unmodified,CAP
LS001845,34.486435,-119.505592,Unmodified,CAP
LS001846,34.486412,-119.505508,Unmodified,CAP
LS001847,34.486572,-119.505615,Unmodified,CAP
LS001848,34.486378,-119.505432,Unmodified,CAP
LS001849,34.486813,-119.504456,-9999,CAP
LS001850,34.487347,-119.504250,Modified,CAP
LS001851,34.487411,-119.504135,Modified,CAP
LS001852,34.487354,-119.504036,Modified,CAP
LS001853,34.487244,-119.504227,Modified,CAP
LS001854,34.486961,-119.503464,-9999,CAP
LS001855,34.487324,-119.503975,Modified,CAP
LS001856,34.486458,-119.502533,-9999,CAP
LS001857,34.485340,-119.501205,Unmodified,CAP
LS001858,34.485451,-119.501091,Unmodified,CAP
LS001859,34.485420,-119.501022,Unmodified,CAP
LS001860,34.485298,-119.500977,Unmodified,CAP
LS001861,34.486233,-119.498596,Modified,CAP
LS001862,34.485874,-119.497795,Modified,CAP
LS001863,34.486080,-119.497513,Modified,CAP
LS001864,34.485741,-119.497711,Modified,CAP
LS001865,34.486309,-119.497299,-9999,CAP
LS001866,34.469021,-119.500572,Unmodified,CAP
LS001867,34.466515,-119.502785,Unmodified,CAP
LS001868,34.468609,-119.515762,Unmodified,CAP
LS001869,34.466198,-119.517471,Unmodified,CAP
LS001870,34.467506,-119.532799,Unmodified,CAP
LS001871,34.465363,-119.511642,Unmodified,CAP
LS001872,34.464424,-119.505219,Unmodified,CAP
LS001873,34.465080,-119.503586,Unmodified,CAP
LS001874,34.464134,-119.503433,Unmodified,CAP
LS001875,34.465073,-119.502495,Unmodified,CAP
LS001876,34.464592,-119.501656,Unmodified,CAP
LS001877,34.463879,-119.500221,Unmodified,CAP
LS001878,34.463547,-119.501106,Unmodified,CAP
LS001879,34.463909,-119.499634,Unmodified,CAP
LS001880,34.465427,-119.498466,Unmodified,CAP
LS001881,34.463554,-119.503189,Unmodified,CAP
LS001882,34.462887,-119.504288,Unmodified,CAP
LS001883,34.463043,-119.507195,Unmodified,CAP
LS001884,34.461971,-119.507248,Unmodified,CAP
LS001885,34.462940,-119.508156,Unmodified,CAP
LS001886,34.462276,-119.510742,Unmodified,CAP
LS001887,34.462204,-119.512917,Unmodified,CAP
LS001888,34.464031,-119.515907,Unmodified,CAP
LS001889,34.464252,-119.515739,Unmodified,CAP
LS001890,34.462036,-119.522026,Unmodified,CAP
LS001891,34.462048,-119.522202,Unmodified,CAP
LS001892,34.463245,-119.522087,Unmodified,CAP
LS001893,34.463146,-119.521973,Unmodified,CAP
LS001894,34.463840,-119.523354,Unmodified,CAP
LS001895,34.464039,-119.523773,Unmodified,CAP
LS001896,34.463200,-119.526413,Unmodified,CAP
LS001897,34.463905,-119.527184,Unmodified,CAP
LS001898,34.463058,-119.528275,Unmodified,CAP
LS001899,34.462704,-119.529640,Unmodified,CAP
LS001900,34.463066,-119.532715,Unmodified,CAP
LS001901,34.462917,-119.532402,Unmodified,CAP
LS001902,34.462437,-119.532272,Unmodified,CAP
LS001903,34.462708,-119.533806,Unmodified,CAP
LS001904,34.463577,-119.534561,Unmodified,CAP
LS001905,34.460461,-119.535187,Unmodified,CAP
LS001906,34.461082,-119.533821,Unmodified,CAP
LS001907,34.460545,-119.533218,Unmodified,CAP
LS001908,34.461189,-119.533012,Unmodified,CAP
LS001909,34.461090,-119.532761,Unmodified,CAP
LS001910,34.460789,-119.532295,Unmodified,CAP
LS001911,34.460735,-119.530663,Unmodified,CAP
LS001912,34.460770,-119.530281,Unmodified,CAP
LS001913,34.460735,-119.530022,Unmodified,CAP
LS001914,34.460857,-119.528473,Unmodified,CAP
LS001915,34.460648,-119.527153,Unmodified,CAP
LS001916,34.460407,-119.527351,Unmodified,CAP
LS001917,34.460453,-119.526237,Unmodified,CAP
LS001918,34.460491,-119.525932,Unmodified,CAP
LS001919,34.459969,-119.526291,Unmodified,CAP
LS001920,34.459591,-119.529625,Unmodified,CAP
LS001921,34.460793,-119.524971,Unmodified,CAP
LS001922,34.461285,-119.521301,Unmodified,CAP
LS001923,34.460983,-119.521393,Unmodified,CAP
LS001924,34.460228,-119.521263,Unmodified,CAP
LS001925,34.459576,-119.521187,Unmodified,CAP
LS001926,34.460030,-119.521347,Unmodified,CAP
LS001927,34.460316,-119.517731,Unmodified,CAP
LS001928,34.461533,-119.519608,Unmodified,CAP
LS001929,34.460964,-119.514694,Unmodified,CAP
LS001930,34.461193,-119.506149,Unmodified,CAP
LS001931,34.461346,-119.498352,Unmodified,CAP
LS001932,34.458416,-119.498962,Unmodified,CAP
LS001933,34.458000,-119.501991,Unmodified,CAP
LS001934,34.458046,-119.502708,Modified,CAP
LS001935,34.457813,-119.502609,Modified,CAP
LS001936,34.458385,-119.502914,-9999,CAP
LS001937,34.458969,-119.503433,Unmodified,CAP
LS001938,34.458660,-119.504082,Unmodified,CAP
LS001939,34.458668,-119.504204,Unmodified,CAP
LS001940,34.458290,-119.504204,Unmodified,CAP
LS001941,34.458183,-119.504265,Unmodified,CAP
LS001942,34.458359,-119.509178,Unmodified,CAP
LS001943,34.458492,-119.510658,Unmodified,CAP
LS001944,34.457859,-119.510414,Unmodified,CAP
LS001945,34.458157,-119.511169,Unmodified,CAP
LS001946,34.458630,-119.514862,Unmodified,CAP
LS001947,34.458672,-119.517593,Unmodified,CAP
LS001948,34.457478,-119.513313,Unmodified,CAP
LS001949,34.457592,-119.513573,Unmodified,CAP
LS001950,34.457069,-119.514107,Unmodified,CAP
LS001951,34.456978,-119.514534,Unmodified,CAP
LS001952,34.456795,-119.515907,Unmodified,CAP
LS001953,34.456432,-119.516083,Unmodified,CAP
LS001954,34.457321,-119.517578,Unmodified,CAP
LS001955,34.457481,-119.517509,Unmodified,CAP
LS001956,34.457039,-119.516357,Unmodified,CAP
LS001957,34.457291,-119.516266,Unmodified,CAP
LS001958,34.457157,-119.516777,Unmodified,CAP
LS001959,34.457409,-119.516731,Unmodified,CAP
LS001960,34.457336,-119.516594,Unmodified,CAP
LS001961,34.457584,-119.517387,Unmodified,CAP
LS001962,34.456673,-119.523399,Unmodified,CAP
LS001963,34.457664,-119.523407,Unmodified,CAP
LS001964,34.458347,-119.522545,Unmodified,CAP
LS001965,34.458355,-119.521042,Unmodified,CAP
LS001966,34.458488,-119.521057,Unmodified,CAP
LS001967,34.456181,-119.523811,Unmodified,CAP
LS001968,34.456459,-119.524124,Unmodified,CAP
LS001969,34.456444,-119.524498,Unmodified,CAP
LS001970,34.456520,-119.524590,Unmodified,CAP
LS001971,34.457024,-119.524559,Unmodified,CAP
LS001972,34.457035,-119.524696,Unmodified,CAP
LS001973,34.457027,-119.524826,Unmodified,CAP
LS001974,34.457672,-119.526093,Unmodified,CAP
LS001975,34.456078,-119.525650,Unmodified,CAP
LS001976,34.456284,-119.525780,Unmodified,CAP
LS001977,34.457294,-119.527252,Unmodified,CAP
LS001978,34.457092,-119.526680,Unmodified,CAP
LS001979,34.457848,-119.525864,Unmodified,CAP
LS001980,34.457741,-119.525612,Unmodified,CAP
LS001981,34.457756,-119.525307,Unmodified,CAP
LS001982,34.458771,-119.524437,Unmodified,CAP
LS001983,34.458393,-119.524109,Unmodified,CAP
LS001984,34.458992,-119.524834,Unmodified,CAP
LS001985,34.459518,-119.526115,Unmodified,CAP
LS001986,34.458244,-119.529266,Unmodified,CAP
LS001987,34.458382,-119.534958,Unmodified,CAP
LS001988,34.459000,-119.534798,Unmodified,CAP
LS001989,34.458839,-119.535355,Unmodified,CAP
LS001990,34.458050,-119.536179,Unmodified,CAP
LS001991,34.456371,-119.534645,Unmodified,CAP
LS001992,34.456493,-119.533928,Unmodified,CAP
LS001993,34.457714,-119.533875,Unmodified,CAP
LS001994,34.458050,-119.533821,Unmodified,CAP
LS001995,34.457138,-119.533272,Unmodified,CAP
LS001996,34.456055,-119.532478,Unmodified,CAP
LS001997,34.456455,-119.535950,Unmodified,CAP
LS001998,34.457745,-119.536018,Unmodified,CAP
LS001999,34.454346,-119.525490,Unmodified,CAP
LS002000,34.454021,-119.524918,Unmodified,CAP
LS002001,34.452236,-119.520515,Unmodified,CAP
LS002002,34.452972,-119.520103,Unmodified,CAP
LS002003,34.452961,-119.520790,Unmodified,CAP
LS002004,34.452507,-119.521370,Unmodified,CAP
LS002005,34.452457,-119.521568,Unmodified,CAP
LS002006,34.452888,-119.519730,Unmodified,CAP
LS002007,34.452049,-119.520088,Unmodified,CAP
LS002008,34.452114,-119.519951,Unmodified,CAP
LS002009,34.452068,-119.519859,Unmodified,CAP
LS002010,34.452045,-119.517845,Unmodified,CAP
LS002011,34.453407,-119.517357,Unmodified,CAP
LS002012,34.453369,-119.517204,Unmodified,CAP
LS002013,34.453377,-119.517044,Unmodified,CAP
LS002014,34.453278,-119.514832,Unmodified,CAP
LS002015,34.453400,-119.515358,Unmodified,CAP
LS002016,34.452957,-119.514740,Unmodified,CAP
LS002017,34.454052,-119.514633,Unmodified,CAP
LS002018,34.454094,-119.514381,Unmodified,CAP
LS002019,34.452965,-119.513657,Unmodified,CAP
LS002020,34.452682,-119.514656,Unmodified,CAP
LS002021,34.452553,-119.514786,Unmodified,CAP
LS002022,34.452480,-119.514755,Unmodified,CAP
LS002023,34.453808,-119.512398,Unmodified,CAP
LS002024,34.453461,-119.512344,Unmodified,CAP
LS002025,34.454514,-119.511772,Unmodified,CAP
LS002026,34.453941,-119.511803,Unmodified,CAP
LS002027,34.453289,-119.511818,Unmodified,CAP
LS002028,34.453781,-119.511116,Unmodified,CAP
LS002029,34.453983,-119.511131,Unmodified,CAP
LS002030,34.454155,-119.510429,Unmodified,CAP
LS002031,34.453926,-119.510674,Unmodified,CAP
LS002032,34.453434,-119.507774,Unmodified,CAP
LS002033,34.453659,-119.507492,Unmodified,CAP
LS002034,34.453438,-119.507317,Unmodified,CAP
LS002035,34.453575,-119.506485,Modified,CAP
LS002036,34.453537,-119.506363,Modified,CAP
LS002037,34.453587,-119.505722,Unmodified,CAP
LS002038,34.452988,-119.506264,Unmodified,CAP
LS002039,34.452984,-119.505959,Unmodified,CAP
LS002040,34.453022,-119.505814,Unmodified,CAP
LS002041,34.453152,-119.505470,Unmodified,CAP
LS002042,34.453091,-119.505234,Unmodified,CAP
LS002043,34.452942,-119.505081,Unmodified,CAP
LS002044,34.454113,-119.504593,Unmodified,CAP
LS002045,34.454094,-119.504433,Unmodified,CAP
LS002046,34.453571,-119.503883,Unmodified,CAP
LS002047,34.453587,-119.503670,Unmodified,CAP
LS002048,34.453323,-119.503586,Unmodified,CAP
LS002049,34.452988,-119.503464,Unmodified,CAP
LS002050,34.453827,-119.503639,Unmodified,CAP
LS002051,34.452557,-119.503250,Unmodified,CAP
LS002052,34.453056,-119.503242,Unmodified,CAP
LS002053,34.452644,-119.502335,Unmodified,CAP
LS002054,34.452965,-119.501930,Unmodified,CAP
LS002055,34.455597,-119.505257,Modified,CAP
LS002056,34.455486,-119.505058,Modified,CAP
LS002057,34.455288,-119.504776,Unmodified,CAP
LS002058,34.455311,-119.502129,Unmodified,CAP
LS002059,34.455318,-119.502586,Unmodified,CAP
LS002060,34.453358,-119.498993,Unmodified,CAP
LS002061,34.454735,-119.500336,Unmodified,CAP
LS002062,34.455963,-119.499184,Unmodified,CAP
LS002063,34.455338,-119.499283,Unmodified,CAP
LS002064,34.452660,-119.498947,Unmodified,CAP
LS002065,34.452503,-119.499008,Unmodified,CAP
LS002066,34.452492,-119.499115,Unmodified,CAP
LS002067,34.452690,-119.499222,Unmodified,CAP
LS002068,34.452530,-119.499474,Unmodified,CAP
LS002069,34.452168,-119.499237,Unmodified,CAP
LS002070,34.452053,-119.499428,Unmodified,CAP
LS002071,34.451996,-119.499718,Unmodified,CAP
LS002072,34.451256,-119.499657,Unmodified,CAP
LS002073,34.451405,-119.500084,Unmodified,CAP
LS002074,34.450592,-119.499184,Unmodified,CAP
LS002075,34.450996,-119.499443,Unmodified,CAP
LS002076,34.450996,-119.499512,Unmodified,CAP
LS002077,34.452209,-119.503021,Unmodified,CAP
LS002078,34.452076,-119.503014,Unmodified,CAP
LS002079,34.451668,-119.502861,Unmodified,CAP
LS002080,34.451641,-119.503120,Unmodified,CAP
LS002081,34.451923,-119.503807,Unmodified,CAP
LS002082,34.451504,-119.503593,Unmodified,CAP
LS002083,34.451321,-119.503662,Unmodified,CAP
LS002084,34.451225,-119.502853,Unmodified,CAP
LS002085,34.451096,-119.502907,Unmodified,CAP
LS002086,34.451145,-119.502495,Unmodified,CAP
LS002087,34.450623,-119.502342,Unmodified,CAP
LS002088,34.450706,-119.502441,Unmodified,CAP
LS002089,34.450790,-119.502617,Unmodified,CAP
LS002090,34.450531,-119.503029,Unmodified,CAP
LS002091,34.450420,-119.503296,Unmodified,CAP
LS002092,34.450584,-119.503349,Unmodified,CAP
LS002093,34.450893,-119.503227,Unmodified,CAP
LS002094,34.451694,-119.503937,Unmodified,CAP
LS002095,34.451107,-119.503792,Unmodified,CAP
LS002096,34.452221,-119.504303,Unmodified,CAP
LS002097,34.452286,-119.504433,Unmodified,CAP
LS002098,34.452347,-119.504570,Unmodified,CAP
LS002099,34.452236,-119.504623,Unmodified,CAP
LS002100,34.451992,-119.504837,Unmodified,CAP
LS002101,34.451805,-119.504845,Unmodified,CAP
LS002102,34.451717,-119.504791,Unmodified,CAP
LS002103,34.452415,-119.505386,Unmodified,CAP
LS002104,34.452271,-119.505219,Unmodified,CAP
LS002105,34.451797,-119.505219,Unmodified,CAP
LS002106,34.451553,-119.505196,Unmodified,CAP
LS002107,34.451130,-119.505287,Unmodified,CAP
LS002108,34.451027,-119.505241,Unmodified,CAP
LS002109,34.450974,-119.505150,Unmodified,CAP
LS002110,34.450729,-119.505241,Unmodified,CAP
LS002111,34.450489,-119.505104,Unmodified,CAP
LS002112,34.450447,-119.505608,Unmodified,CAP
LS002113,34.452625,-119.506104,Unmodified,CAP
LS002114,34.452297,-119.506485,Unmodified,CAP
LS002115,34.452213,-119.506607,Unmodified,CAP
LS002116,34.451118,-119.506310,Unmodified,CAP
LS002117,34.451321,-119.505653,Unmodified,CAP
LS002118,34.452152,-119.506859,Unmodified,CAP
LS002119,34.451916,-119.506668,Unmodified,CAP
LS002120,34.452206,-119.507126,Unmodified,CAP
LS002121,34.452091,-119.507111,Unmodified,CAP
LS002122,34.451965,-119.507225,Unmodified,CAP
LS002123,34.451729,-119.507225,Unmodified,CAP
LS002124,34.450325,-119.506477,Unmodified,CAP
LS002125,34.451622,-119.507599,Unmodified,CAP
LS002126,34.450932,-119.508881,Unmodified,CAP
LS002127,34.451736,-119.510345,Unmodified,CAP
LS002128,34.451191,-119.508888,Unmodified,CAP
LS002129,34.451736,-119.508194,Unmodified,CAP
LS002130,34.451908,-119.508667,Unmodified,CAP
LS002131,34.452011,-119.513199,Unmodified,CAP
LS002132,34.450825,-119.512619,Unmodified,CAP
LS002133,34.451508,-119.513161,Unmodified,CAP
LS002134,34.452122,-119.513618,Unmodified,CAP
LS002135,34.452057,-119.513809,Unmodified,CAP
LS002136,34.452049,-119.514267,Unmodified,CAP
LS002137,34.451843,-119.514618,Unmodified,CAP
LS002138,34.451534,-119.515381,Unmodified,CAP
LS002139,34.451439,-119.515778,Unmodified,CAP
LS002140,34.451485,-119.516685,Unmodified,CAP
LS002141,34.451363,-119.516914,Unmodified,CAP
LS002142,34.452717,-119.517845,Unmodified,CAP
LS002143,34.452366,-119.517662,Unmodified,CAP
LS002144,34.452621,-119.517479,Unmodified,CAP
LS002145,34.451790,-119.518188,Unmodified,CAP
LS002146,34.451694,-119.518402,Unmodified,CAP
LS002147,34.451504,-119.518661,Unmodified,CAP
LS002148,34.451447,-119.518776,Unmodified,CAP
LS002149,34.450958,-119.519485,Unmodified,CAP
LS002150,34.451054,-119.520027,Unmodified,CAP
LS002151,34.451054,-119.520149,Unmodified,CAP
LS002152,34.450867,-119.520409,Unmodified,CAP
LS002153,34.451019,-119.520599,Unmodified,CAP
LS002154,34.451107,-119.521057,Unmodified,CAP
LS002155,34.450867,-119.521187,Unmodified,CAP
LS002156,34.450859,-119.521263,Unmodified,CAP
LS002157,34.450890,-119.521416,Unmodified,CAP
LS002158,34.452305,-119.521866,Unmodified,CAP
LS002159,34.451336,-119.523766,Unmodified,CAP
LS002160,34.451225,-119.525497,Unmodified,CAP
LS002161,34.450684,-119.525932,Unmodified,CAP
LS002162,34.450855,-119.526299,Unmodified,CAP
LS002163,34.451107,-119.526352,Unmodified,CAP
LS002164,34.451355,-119.526566,Unmodified,CAP
LS002165,34.451004,-119.526794,Unmodified,CAP
LS002166,34.451073,-119.526894,Unmodified,CAP
LS002167,34.450455,-119.526718,Unmodified,CAP
LS002168,34.450539,-119.526436,Unmodified,CAP
LS002169,34.450363,-119.526169,Unmodified,CAP
LS002170,34.451649,-119.527039,Unmodified,CAP
LS002171,34.450802,-119.527260,Unmodified,CAP
LS002172,34.450394,-119.527748,Unmodified,CAP
LS002173,34.450264,-119.528015,Unmodified,CAP
LS002174,34.450459,-119.528023,Unmodified,CAP
LS002175,34.451820,-119.527870,Unmodified,CAP
LS002176,34.452538,-119.527954,Unmodified,CAP
LS002177,34.452812,-119.528458,Unmodified,CAP
LS002178,34.451298,-119.529625,Unmodified,CAP
LS002179,34.451633,-119.529457,Unmodified,CAP
LS002180,34.451782,-119.529175,Unmodified,CAP
LS002181,34.452316,-119.529541,Unmodified,CAP
LS002182,34.452045,-119.529625,Unmodified,CAP
LS002183,34.449928,-119.528511,Unmodified,CAP
LS002184,34.450298,-119.529266,Unmodified,CAP
LS002185,34.450161,-119.529594,Unmodified,CAP
LS002186,34.450272,-119.529678,Unmodified,CAP
LS002187,34.450443,-119.529892,Unmodified,CAP
LS002188,34.451378,-119.530106,Unmodified,CAP
LS002189,34.451443,-119.530739,Unmodified,CAP
LS002190,34.451111,-119.530403,Unmodified,CAP
LS002191,34.449459,-119.524727,Unmodified,CAP
LS002192,34.450802,-119.531105,Unmodified,CAP
LS002193,34.450550,-119.530418,Unmodified,CAP
LS002194,34.451550,-119.531128,Unmodified,CAP
LS002195,34.451843,-119.531456,Unmodified,CAP
LS002196,34.451813,-119.530663,Unmodified,CAP
LS002197,34.451664,-119.531830,Unmodified,CAP
LS002198,34.452202,-119.530472,Unmodified,CAP
LS002199,34.452374,-119.530266,Unmodified,CAP
LS002200,34.452354,-119.531464,Unmodified,CAP
LS002201,34.452286,-119.534294,Unmodified,CAP
LS002202,34.451218,-119.534698,Unmodified,CAP
LS002203,34.450821,-119.533493,Unmodified,CAP
LS002204,34.450340,-119.533844,Unmodified,CAP
LS002205,34.449978,-119.533653,Unmodified,CAP
LS002206,34.450130,-119.533539,Unmodified,CAP
LS002207,34.450924,-119.533226,Unmodified,CAP
LS002208,34.450417,-119.532936,Unmodified,CAP
LS002209,34.450089,-119.532555,Unmodified,CAP
LS002210,34.449989,-119.532364,Unmodified,CAP
LS002211,34.449654,-119.532463,Unmodified,CAP
LS002212,34.449806,-119.532799,Unmodified,CAP
LS002213,34.449677,-119.532837,Unmodified,CAP
LS002214,34.450035,-119.534996,Unmodified,CAP
LS002215,34.449528,-119.535927,Unmodified,CAP
LS002216,34.449577,-119.536285,Unmodified,CAP
LS002217,34.449448,-119.535210,Unmodified,CAP
LS002218,34.449558,-119.534805,Unmodified,CAP
LS002219,34.449356,-119.532013,Unmodified,CAP
LS002220,34.448929,-119.532188,Unmodified,CAP
LS002221,34.452877,-119.531433,Unmodified,CAP
LS002222,34.450806,-119.536125,Unmodified,CAP
LS002223,34.448971,-119.535370,Unmodified,CAP
LS002224,34.448986,-119.534996,Unmodified,CAP
LS002225,34.448910,-119.534843,Unmodified,CAP
LS002226,34.448875,-119.534218,Unmodified,CAP
LS002227,34.448898,-119.533997,Unmodified,CAP
LS002228,34.448700,-119.533974,Unmodified,CAP
LS002229,34.448109,-119.533066,Unmodified,CAP
LS002230,34.448727,-119.531441,Unmodified,CAP
LS002231,34.449005,-119.531898,Unmodified,CAP
LS002232,34.448616,-119.531410,Unmodified,CAP
LS002233,34.448601,-119.531174,Unmodified,CAP
LS002234,34.448463,-119.531258,Unmodified,CAP
LS002235,34.447968,-119.531372,Unmodified,CAP
LS002236,34.447800,-119.531143,Unmodified,CAP
LS002237,34.447926,-119.531303,Unmodified,CAP
LS002238,34.447983,-119.530701,Unmodified,CAP
LS002239,34.448238,-119.530579,Unmodified,CAP
LS002240,34.447670,-119.530548,Unmodified,CAP
LS002241,34.447571,-119.530479,Unmodified,CAP
LS002242,34.449409,-119.529106,Unmodified,CAP
LS002243,34.448372,-119.529533,Unmodified,CAP
LS002244,34.448208,-119.528191,Unmodified,CAP
LS002245,34.448311,-119.527908,Unmodified,CAP
LS002246,34.449039,-119.526688,Unmodified,CAP
LS002247,34.448845,-119.526482,Unmodified,CAP
LS002248,34.450085,-119.526192,Unmodified,CAP
LS002249,34.449993,-119.526009,Unmodified,CAP
LS002250,34.449871,-119.525887,Unmodified,CAP
LS002251,34.448246,-119.527229,Unmodified,CAP
LS002252,34.447887,-119.526657,Unmodified,CAP
LS002253,34.448059,-119.526108,Unmodified,CAP
LS002254,34.447559,-119.526672,Unmodified,CAP
LS002255,34.448650,-119.525360,Unmodified,CAP
LS002256,34.448223,-119.525452,Unmodified,CAP
LS002257,34.447918,-119.524658,Unmodified,CAP
LS002258,34.448368,-119.523666,Unmodified,CAP
LS002259,34.448063,-119.523674,Unmodified,CAP
LS002260,34.447529,-119.527916,Unmodified,CAP
LS002261,34.447369,-119.527809,Unmodified,CAP
LS002262,34.447346,-119.527641,Unmodified,CAP
LS002263,34.447563,-119.527298,Unmodified,CAP
LS002264,34.447285,-119.527306,Unmodified,CAP
LS002265,34.447124,-119.527428,Unmodified,CAP
LS002266,34.447266,-119.527077,Unmodified,CAP
LS002267,34.447044,-119.527084,Unmodified,CAP
LS002268,34.447289,-119.526527,Unmodified,CAP
LS002269,34.447269,-119.525818,Unmodified,CAP
LS002270,34.447220,-119.525726,Unmodified,CAP
LS002271,34.447144,-119.525665,Unmodified,CAP
LS002272,34.446743,-119.526047,Unmodified,CAP
LS002273,34.447269,-119.525345,Unmodified,CAP
LS002274,34.448277,-119.520027,Unmodified,CAP
LS002275,34.448624,-119.519508,Unmodified,CAP
LS002276,34.448315,-119.519768,Unmodified,CAP
LS002277,34.448521,-119.518837,Unmodified,CAP
LS002278,34.448524,-119.518539,Unmodified,CAP
LS002279,34.448921,-119.518463,Unmodified,CAP
LS002280,34.449181,-119.518517,Unmodified,CAP
LS002281,34.448967,-119.518806,Unmodified,CAP
LS002282,34.448883,-119.517937,Unmodified,CAP
LS002283,34.449081,-119.516998,Unmodified,CAP
LS002284,34.449490,-119.516518,Unmodified,CAP
LS002285,34.449558,-119.516121,Unmodified,CAP
LS002286,34.449478,-119.516014,Unmodified,CAP
LS002287,34.449280,-119.516029,Unmodified,CAP
LS002288,34.449409,-119.515778,Unmodified,CAP
LS002289,34.449181,-119.515602,Unmodified,CAP
LS002290,34.448860,-119.515724,Unmodified,CAP
LS002291,34.448559,-119.516907,Unmodified,CAP
LS002292,34.447746,-119.516502,Unmodified,CAP
LS002293,34.447849,-119.516739,Unmodified,CAP
LS002294,34.447990,-119.517136,Unmodified,CAP
LS002295,34.448029,-119.517326,Unmodified,CAP
LS002296,34.447559,-119.516212,Unmodified,CAP
LS002297,34.448036,-119.515678,Unmodified,CAP
LS002298,34.447670,-119.515656,Unmodified,CAP
LS002299,34.447266,-119.515694,Unmodified,CAP
LS002300,34.447372,-119.515572,Unmodified,CAP
LS002301,34.447643,-119.515091,Unmodified,CAP
LS002302,34.447247,-119.516525,Unmodified,CAP
LS002303,34.449394,-119.513542,Unmodified,CAP
LS002304,34.449177,-119.513390,Unmodified,CAP
LS002305,34.449093,-119.513321,Unmodified,CAP
LS002306,34.448879,-119.513145,Unmodified,CAP
LS002307,34.448471,-119.512947,Unmodified,CAP
LS002308,34.448528,-119.513054,Unmodified,CAP
LS002309,34.448647,-119.513054,Unmodified,CAP
LS002310,34.447964,-119.509285,Unmodified,CAP
LS002311,34.446751,-119.509468,Unmodified,CAP
LS002312,34.447140,-119.510139,Unmodified,CAP
LS002313,34.449421,-119.509415,Unmodified,CAP
LS002314,34.449905,-119.507942,Unmodified,CAP
LS002315,34.449871,-119.507515,Unmodified,CAP
LS002316,34.449818,-119.507034,Unmodified,CAP
LS002317,34.449684,-119.506897,Unmodified,CAP
LS002318,34.449665,-119.506737,Unmodified,CAP
LS002319,34.449532,-119.506531,Unmodified,CAP
LS002320,34.449600,-119.506340,Unmodified,CAP
LS002321,34.450180,-119.504959,Unmodified,CAP
LS002322,34.450024,-119.504868,Unmodified,CAP
LS002323,34.449844,-119.504868,Unmodified,CAP
LS002324,34.449532,-119.505096,Unmodified,CAP
LS002325,34.449471,-119.504951,Unmodified,CAP
LS002326,34.449486,-119.504570,Unmodified,CAP
LS002327,34.449291,-119.504478,Unmodified,CAP
LS002328,34.449394,-119.504288,Unmodified,CAP
LS002329,34.448921,-119.504845,Unmodified,CAP
LS002330,34.448853,-119.504265,Unmodified,CAP
LS002331,34.448769,-119.504135,Unmodified,CAP
LS002332,34.448505,-119.504013,Unmodified,CAP
LS002333,34.448841,-119.503952,Unmodified,CAP
LS002334,34.450012,-119.503052,Unmodified,CAP
LS002335,34.449963,-119.502800,Unmodified,CAP
LS002336,34.449921,-119.502640,Unmodified,CAP
LS002337,34.449902,-119.502159,Unmodified,CAP
LS002338,34.449734,-119.501961,Unmodified,CAP
LS002339,34.449543,-119.502541,Unmodified,CAP
LS002340,34.449421,-119.502846,Unmodified,CAP
LS002341,34.447250,-119.503609,Unmodified,CAP
LS002342,34.447079,-119.505058,Unmodified,CAP
LS002343,34.447044,-119.505165,Unmodified,CAP
LS002344,34.448322,-119.502960,Unmodified,CAP
LS002345,34.448193,-119.503021,Unmodified,CAP
LS002346,34.448196,-119.502953,Unmodified,CAP
LS002347,34.448143,-119.502777,Unmodified,CAP
LS002348,34.447937,-119.502960,Unmodified,CAP
LS002349,34.447872,-119.502991,Unmodified,CAP
LS002350,34.447807,-119.502953,Unmodified,CAP
LS002351,34.448051,-119.502426,Unmodified,CAP
LS002352,34.448063,-119.502274,Unmodified,CAP
LS002353,34.448048,-119.502068,Unmodified,CAP
LS002354,34.447762,-119.501778,Unmodified,CAP
LS002355,34.447933,-119.501686,Unmodified,CAP
LS002356,34.448257,-119.501480,Unmodified,CAP
LS002357,34.448433,-119.502090,Unmodified,CAP
LS002358,34.448143,-119.501221,Unmodified,CAP
LS002359,34.448162,-119.500992,Unmodified,CAP
LS002360,34.447769,-119.500893,Unmodified,CAP
LS002361,34.447678,-119.500755,Unmodified,CAP
LS002362,34.447548,-119.500710,Unmodified,CAP
LS002363,34.447216,-119.501701,Unmodified,CAP
LS002364,34.447266,-119.500664,Unmodified,CAP
LS002365,34.447468,-119.500580,Unmodified,CAP
LS002366,34.447300,-119.500519,Unmodified,CAP
LS002367,34.447765,-119.500542,Unmodified,CAP
LS002368,34.447613,-119.500526,Unmodified,CAP
LS002369,34.448196,-119.500061,Unmodified,CAP
LS002370,34.449455,-119.500908,Unmodified,CAP
LS002371,34.449421,-119.501053,Unmodified,CAP
LS002372,34.449581,-119.500542,Unmodified,CAP
LS002373,34.449646,-119.500290,Unmodified,CAP
LS002374,34.449623,-119.498894,Unmodified,CAP
LS002375,34.449852,-119.499031,Unmodified,CAP
LS002376,34.449768,-119.499107,Unmodified,CAP
LS002377,34.449982,-119.501579,Unmodified,CAP
LS002378,34.450188,-119.501587,Unmodified,CAP
LS002379,34.450245,-119.501518,Unmodified,CAP
LS002380,34.450203,-119.500946,Unmodified,CAP
LS002381,34.450321,-119.500923,Unmodified,CAP
LS002382,34.450356,-119.500687,Unmodified,CAP
LS002383,34.450321,-119.500488,Unmodified,CAP
LS002384,34.450302,-119.500381,Unmodified,CAP
LS002385,34.450340,-119.500046,Unmodified,CAP
LS002386,34.450459,-119.499130,Unmodified,CAP
LS002387,34.446564,-119.499168,Unmodified,CAP
LS002388,34.446068,-119.499123,Unmodified,CAP
LS002389,34.445946,-119.499313,Unmodified,CAP
LS002390,34.446362,-119.499352,Unmodified,CAP
LS002391,34.446465,-119.499542,Unmodified,CAP
LS002392,34.446346,-119.499664,Unmodified,CAP
LS002393,34.446037,-119.499702,Unmodified,CAP
LS002394,34.446030,-119.499901,Unmodified,CAP
LS002395,34.445965,-119.499794,Unmodified,CAP
LS002396,34.446445,-119.499664,Unmodified,CAP
LS002397,34.446518,-119.499649,Unmodified,CAP
LS002398,34.446636,-119.499626,Unmodified,CAP
LS002399,34.446720,-119.499779,Unmodified,CAP
LS002400,34.446480,-119.500160,Unmodified,CAP
LS002401,34.446445,-119.500786,Unmodified,CAP
LS002402,34.446350,-119.501068,Unmodified,CAP
LS002403,34.446438,-119.501236,Unmodified,CAP
LS002404,34.446457,-119.501350,Unmodified,CAP
LS002405,34.445942,-119.501190,Unmodified,CAP
LS002406,34.446186,-119.501503,Unmodified,CAP
LS002407,34.446354,-119.501495,Unmodified,CAP
LS002408,34.446316,-119.501732,Unmodified,CAP
LS002409,34.446712,-119.502037,Unmodified,CAP
LS002410,34.446594,-119.502312,Unmodified,CAP
LS002411,34.447052,-119.502441,Unmodified,CAP
LS002412,34.447395,-119.502129,Unmodified,CAP
LS002413,34.446320,-119.503448,Unmodified,CAP
LS002414,34.446419,-119.503815,Unmodified,CAP
LS002415,34.446358,-119.504158,Unmodified,CAP
LS002416,34.446144,-119.504372,Unmodified,CAP
LS002417,34.446301,-119.504623,Unmodified,CAP
LS002418,34.446354,-119.504768,Unmodified,CAP
LS002419,34.446293,-119.505524,Unmodified,CAP
LS002420,34.445988,-119.505302,Unmodified,CAP
LS002421,34.446125,-119.505150,Unmodified,CAP
LS002422,34.446087,-119.504997,Unmodified,CAP
LS002423,34.446053,-119.504425,Unmodified,CAP
LS002424,34.445911,-119.505852,Unmodified,CAP
LS002425,34.445827,-119.505676,Unmodified,CAP
LS002426,34.446495,-119.506409,Unmodified,CAP
LS002427,34.446640,-119.506805,Unmodified,CAP
LS002428,34.446228,-119.506645,Unmodified,CAP
LS002429,34.446110,-119.506821,Unmodified,CAP
LS002430,34.445927,-119.506538,Unmodified,CAP
LS002431,34.445896,-119.506927,Unmodified,CAP
LS002432,34.445820,-119.507370,Modified,CAP
LS002433,34.445873,-119.507431,Modified,CAP
LS002434,34.445950,-119.507515,Modified,CAP
LS002435,34.445992,-119.507729,Unmodified,CAP
LS002436,34.446018,-119.507767,Unmodified,CAP
LS002437,34.445957,-119.507889,Unmodified,CAP
LS002438,34.445980,-119.507980,Unmodified,CAP
LS002439,34.446304,-119.509048,Unmodified,CAP
LS002440,34.446316,-119.510750,Unmodified,CAP
LS002441,34.445988,-119.513535,Unmodified,CAP
LS002442,34.446030,-119.513779,Unmodified,CAP
LS002443,34.445972,-119.514091,Unmodified,CAP
LS002444,34.446445,-119.514427,Unmodified,CAP
LS002445,34.446663,-119.514427,Unmodified,CAP
LS002446,34.446812,-119.514481,Unmodified,CAP
LS002447,34.446495,-119.514977,Unmodified,CAP
LS002448,34.446182,-119.515144,Unmodified,CAP
LS002449,34.446552,-119.516083,Unmodified,CAP
LS002450,34.446102,-119.516495,Unmodified,CAP
LS002451,34.446438,-119.516983,Unmodified,CAP
LS002452,34.446804,-119.517105,Unmodified,CAP
LS002453,34.446507,-119.517311,Unmodified,CAP
LS002454,34.446243,-119.517525,Unmodified,CAP
LS002455,34.446575,-119.517609,Unmodified,CAP
LS002456,34.446201,-119.517838,Unmodified,CAP
LS002457,34.446110,-119.518272,Unmodified,CAP
LS002458,34.446247,-119.518463,Unmodified,CAP
LS002459,34.446156,-119.518555,Unmodified,CAP
LS002460,34.446049,-119.518791,Unmodified,CAP
LS002461,34.446087,-119.518646,Unmodified,CAP
LS002462,34.446041,-119.519653,Unmodified,CAP
LS002463,34.445999,-119.520493,Unmodified,CAP
LS002464,34.448151,-119.519249,Unmodified,CAP
LS002465,34.447735,-119.520905,Unmodified,CAP
LS002466,34.446156,-119.524826,Unmodified,CAP
LS002467,34.446236,-119.525871,Unmodified,CAP
LS002468,34.446293,-119.526558,Unmodified,CAP
LS002469,34.446518,-119.526665,Unmodified,CAP
LS002470,34.446396,-119.526970,Unmodified,CAP
LS002471,34.446369,-119.529030,Unmodified,CAP
LS002472,34.446686,-119.528633,Unmodified,CAP
LS002473,34.447346,-119.530548,Unmodified,CAP
LS002474,34.447121,-119.530891,Unmodified,CAP
LS002475,34.447006,-119.531593,Unmodified,CAP
LS002476,34.446888,-119.531364,Unmodified,CAP
LS002477,34.446739,-119.531372,Unmodified,CAP
LS002478,34.447159,-119.531967,Unmodified,CAP
LS002479,34.447342,-119.533134,Unmodified,CAP
LS002480,34.447746,-119.533073,Unmodified,CAP
LS002481,34.446983,-119.533661,Unmodified,CAP
LS002482,34.447731,-119.533943,Unmodified,CAP
LS002483,34.447788,-119.533997,Unmodified,CAP
LS002484,34.447868,-119.534225,-9999,CAP
LS002485,34.448025,-119.533875,Unmodified,CAP
LS002486,34.448303,-119.533829,Unmodified,CAP
LS002487,34.447643,-119.535011,Unmodified,CAP
LS002488,34.447052,-119.536331,Unmodified,CAP
LS002489,34.448326,-119.536507,Unmodified,CAP
LS002490,34.448227,-119.535728,Unmodified,CAP
LS002491,34.448280,-119.535904,Unmodified,CAP
LS002492,34.447891,-119.535530,Unmodified,CAP
LS002493,34.448093,-119.535561,Unmodified,CAP
LS002494,34.464851,-119.505379,Unmodified,CAP
LS002495,34.462540,-119.498283,Unmodified,CAP
LS002496,34.463459,-119.516640,Unmodified,CAP
LS002497,34.463840,-119.519478,Unmodified,CAP
LS002498,34.464649,-119.523033,Unmodified,CAP
LS002499,34.465145,-119.535187,Unmodified,CAP
LS002500,34.460011,-119.498772,Unmodified,CAP
LS002501,34.456570,-119.527435,Unmodified,CAP
LS002502,34.456379,-119.527092,Unmodified,CAP
LS002503,34.453835,-119.532425,Unmodified,CAP
LS002504,34.450745,-119.505424,Unmodified,CAP
LS002505,34.450298,-119.502289,Unmodified,CAP
LS002506,34.451195,-119.506172,Unmodified,CAP
LS002507,34.450710,-119.507767,Unmodified,CAP
LS002508,34.449753,-119.508133,Unmodified,CAP
LS002509,34.450596,-119.510582,Unmodified,CAP
LS002510,34.449673,-119.513176,Unmodified,CAP
LS002511,34.449116,-119.512352,Unmodified,CAP
LS002512,34.449078,-119.512733,Unmodified,CAP
LS002513,34.449062,-119.512947,Unmodified,CAP
LS002514,34.448769,-119.511093,Unmodified,CAP
LS002515,34.449169,-119.520561,Unmodified,CAP
LS002516,34.451050,-119.524933,Unmodified,CAP
LS002517,34.451149,-119.524643,Unmodified,CAP
LS002518,34.451225,-119.524162,Unmodified,CAP
LS002519,34.449932,-119.527489,Unmodified,CAP
LS002520,34.449654,-119.528633,Unmodified,CAP
LS002521,34.452179,-119.532974,Unmodified,CAP
LS002522,34.452148,-119.532654,Unmodified,CAP
LS002523,34.452377,-119.532578,Unmodified,CAP
LS002524,34.448742,-119.535370,Unmodified,CAP
LS002525,34.448784,-119.532585,Unmodified,CAP
LS002526,34.449242,-119.532578,Unmodified,CAP
LS002527,34.449081,-119.532532,Unmodified,CAP
LS002528,34.447941,-119.519020,Unmodified,CAP
LS002529,34.447968,-119.519218,Unmodified,CAP
LS002530,34.446976,-119.516586,Unmodified,CAP
LS002531,34.446358,-119.530441,Unmodified,CAP
LS002532,34.446434,-119.534996,Modified,CAP
LS002533,34.446381,-119.535217,Modified,CAP
LS002534,34.445625,-119.536369,Modified,CAP
LS002535,34.445496,-119.536186,Modified,CAP
LS002536,34.445465,-119.536049,Modified,CAP
LS002537,34.445568,-119.535950,Modified,CAP
LS002538,34.445290,-119.536621,Modified,CAP
LS002539,34.444954,-119.536682,Modified,CAP
LS002540,34.444744,-119.536674,Modified,CAP
LS002541,34.445705,-119.535454,Modified,CAP
LS002542,34.445656,-119.535339,Modified,CAP
LS002543,34.445877,-119.535477,Modified,CAP
LS002544,34.445663,-119.535820,Modified,CAP
LS002545,34.445732,-119.535698,Modified,CAP
LS002546,34.445454,-119.535133,-9999,CAP
LS002547,34.445374,-119.535126,-9999,CAP
LS002548,34.445358,-119.535049,-9999,CAP
LS002549,34.445385,-119.534973,-9999,CAP
LS002550,34.446030,-119.531265,Unmodified,CAP
LS002551,34.446133,-119.531349,Unmodified,CAP
LS002552,34.446251,-119.528503,Unmodified,CAP
LS002553,34.446171,-119.528236,Unmodified,CAP
LS002554,34.446159,-119.527817,Unmodified,CAP
LS002555,34.446003,-119.527832,Unmodified,CAP
LS002556,34.445301,-119.528526,Unmodified,CAP
LS002557,34.445415,-119.527489,Unmodified,CAP
LS002558,34.446003,-119.527367,Unmodified,CAP
LS002559,34.446056,-119.527283,Unmodified,CAP
LS002560,34.446056,-119.526962,Unmodified,CAP
LS002561,34.446148,-119.526932,Unmodified,CAP
LS002562,34.445728,-119.526619,Unmodified,CAP
LS002563,34.445782,-119.526497,Unmodified,CAP
LS002564,34.445705,-119.526070,Unmodified,CAP
LS002565,34.445511,-119.525650,Unmodified,CAP
LS002566,34.445377,-119.525467,Unmodified,CAP
LS002567,34.444897,-119.526466,Unmodified,CAP
LS002568,34.444565,-119.526871,Unmodified,CAP
LS002569,34.444645,-119.527397,Unmodified,CAP
LS002570,34.444500,-119.527496,Unmodified,CAP
LS002571,34.445927,-119.520027,Unmodified,CAP
LS002572,34.445866,-119.519913,Unmodified,CAP
LS002573,34.445995,-119.519844,Unmodified,CAP
LS002574,34.445946,-119.519585,Unmodified,CAP
LS002575,34.444855,-119.520004,Unmodified,CAP
LS002576,34.445240,-119.519661,Unmodified,CAP
LS002577,34.444382,-119.520576,Unmodified,CAP
LS002578,34.444370,-119.520424,Unmodified,CAP
LS002579,34.444443,-119.519920,Unmodified,CAP
LS002580,34.444450,-119.519730,Unmodified,CAP
LS002581,34.444427,-119.519768,Unmodified,CAP
LS002582,34.444450,-119.519638,Unmodified,CAP
LS002583,34.444450,-119.519562,Unmodified,CAP
LS002584,34.444656,-119.519539,Unmodified,CAP
LS002585,34.444622,-119.519440,Unmodified,CAP
LS002586,34.444695,-119.518898,Unmodified,CAP
LS002587,34.445026,-119.518990,Unmodified,CAP
LS002588,34.445217,-119.518990,Unmodified,CAP
LS002589,34.446064,-119.518944,Unmodified,CAP
LS002590,34.445763,-119.518974,Unmodified,CAP
LS002591,34.445789,-119.518906,Unmodified,CAP
LS002592,34.445599,-119.518593,Unmodified,CAP
LS002593,34.445389,-119.517990,Unmodified,CAP
LS002594,34.445896,-119.518074,Unmodified,CAP
LS002595,34.446133,-119.517906,Unmodified,CAP
LS002596,34.444714,-119.517624,Unmodified,CAP
LS002597,34.445789,-119.516335,Unmodified,CAP
LS002598,34.445679,-119.516273,Unmodified,CAP
LS002599,34.445347,-119.516251,Unmodified,CAP
LS002600,34.445679,-119.515808,Unmodified,CAP
LS002601,34.445713,-119.515915,Unmodified,CAP
LS002602,34.445766,-119.515572,Unmodified,CAP
LS002603,34.445499,-119.515739,Unmodified,CAP
LS002604,34.445457,-119.515297,Unmodified,CAP
LS002605,34.445263,-119.512939,Unmodified,CAP
LS002606,34.444653,-119.512611,Modified,CAP
LS002607,34.445866,-119.512642,Unmodified,CAP
LS002608,34.445889,-119.512421,Unmodified,CAP
LS002609,34.443939,-119.512764,-9999,CAP
LS002610,34.443855,-119.513336,-9999,CAP
LS002611,34.444202,-119.509857,Unmodified,CAP
LS002612,34.444092,-119.509743,Unmodified,CAP
LS002613,34.443745,-119.507820,Unmodified,CAP
LS002614,34.443714,-119.507370,Modified,CAP
LS002615,34.444420,-119.506409,-9999,CAP
LS002616,34.443939,-119.505730,Unmodified,CAP
LS002617,34.443420,-119.506523,Modified,CAP
LS002618,34.443268,-119.506485,Modified,CAP
LS002619,34.443134,-119.506447,Modified,CAP
LS002620,34.443077,-119.506409,Modified,CAP
LS002621,34.442966,-119.506348,Modified,CAP
LS002622,34.442856,-119.506256,Modified,CAP
LS002623,34.442570,-119.505791,Modified,CAP
LS002624,34.442627,-119.506050,Unmodified,CAP
LS002625,34.443375,-119.505379,Unmodified,CAP
LS002626,34.443481,-119.505257,Unmodified,CAP
LS002627,34.443783,-119.505188,Unmodified,CAP
LS002628,34.443455,-119.504936,Unmodified,CAP
LS002629,34.443615,-119.504776,Unmodified,CAP
LS002630,34.444035,-119.504379,Unmodified,CAP
LS002631,34.443924,-119.504173,Unmodified,CAP
LS002632,34.443607,-119.503944,Unmodified,CAP
LS002633,34.443508,-119.503929,Unmodified,CAP
LS002634,34.443363,-119.503906,Unmodified,CAP
LS002635,34.443283,-119.504784,Unmodified,CAP
LS002636,34.443409,-119.503738,Unmodified,CAP
LS002637,34.443428,-119.503540,Unmodified,CAP
LS002638,34.443226,-119.503487,Unmodified,CAP
LS002639,34.443268,-119.503845,Unmodified,CAP
LS002640,34.443710,-119.503647,Unmodified,CAP
LS002641,34.443832,-119.502937,Unmodified,CAP
LS002642,34.443726,-119.502907,Unmodified,CAP
LS002643,34.443649,-119.502808,Unmodified,CAP
LS002644,34.443401,-119.502754,Unmodified,CAP
LS002645,34.443314,-119.502647,Unmodified,CAP
LS002646,34.443043,-119.502487,Unmodified,CAP
LS002647,34.442776,-119.502388,Unmodified,CAP
LS002648,34.443974,-119.503204,Unmodified,CAP
LS002649,34.443497,-119.502220,Unmodified,CAP
LS002650,34.443619,-119.502281,Unmodified,CAP
LS002651,34.443619,-119.502144,Unmodified,CAP
LS002652,34.443737,-119.502106,Unmodified,CAP
LS002653,34.444038,-119.502159,Unmodified,CAP
LS002654,34.444057,-119.502068,Unmodified,CAP
LS002655,34.443901,-119.501137,Unmodified,CAP
LS002656,34.443077,-119.501534,Unmodified,CAP
LS002657,34.443115,-119.501389,Unmodified,CAP
LS002658,34.443127,-119.501076,Unmodified,CAP
LS002659,34.443043,-119.500961,Unmodified,CAP
LS002660,34.442978,-119.500748,Unmodified,CAP
LS002661,34.442539,-119.501022,Unmodified,CAP
LS002662,34.442909,-119.500221,Unmodified,CAP
LS002663,34.442554,-119.500145,Unmodified,CAP
LS002664,34.442963,-119.499886,Unmodified,CAP
LS002665,34.443062,-119.499710,Unmodified,CAP
LS002666,34.442989,-119.499588,Unmodified,CAP
LS002667,34.442928,-119.499512,Unmodified,CAP
LS002668,34.442097,-119.499245,Unmodified,CAP
LS002669,34.442059,-119.499626,Unmodified,CAP
LS002670,34.442104,-119.499710,Unmodified,CAP
LS002671,34.442158,-119.500008,Unmodified,CAP
LS002672,34.442242,-119.500298,Unmodified,CAP
LS002673,34.442230,-119.500954,Unmodified,CAP
LS002674,34.441807,-119.503059,Unmodified,CAP
LS002675,34.441555,-119.503059,Unmodified,CAP
LS002676,34.441654,-119.501602,Unmodified,CAP
LS002677,34.441692,-119.504875,Unmodified,CAP
LS002678,34.442188,-119.505905,Unmodified,CAP
LS002679,34.441628,-119.505951,Unmodified,CAP
LS002680,34.441319,-119.505302,Modified,CAP
LS002681,34.440987,-119.504913,Modified,CAP
LS002682,34.440891,-119.504669,Modified,CAP
LS002683,34.440868,-119.504616,Modified,CAP
LS002684,34.441769,-119.507217,Unmodified,CAP
LS002685,34.441463,-119.507065,Unmodified,CAP
LS002686,34.442348,-119.507935,Unmodified,CAP
LS002687,34.442509,-119.508095,Unmodified,CAP
LS002688,34.442577,-119.508148,Unmodified,CAP
LS002689,34.443119,-119.508148,Modified,CAP
LS002690,34.443233,-119.508171,Modified,CAP
LS002691,34.443249,-119.508476,Modified,CAP
LS002692,34.443390,-119.508957,Modified,CAP
LS002693,34.443336,-119.508896,Modified,CAP
LS002694,34.442707,-119.508774,Unmodified,CAP
LS002695,34.442673,-119.508972,Unmodified,CAP
LS002696,34.441608,-119.508286,Unmodified,CAP
LS002697,34.441887,-119.508141,Unmodified,CAP
LS002698,34.442902,-119.509995,Unmodified,CAP
LS002699,34.442833,-119.509857,Unmodified,CAP
LS002700,34.443523,-119.510590,Unmodified,CAP
LS002701,34.443314,-119.510460,Unmodified,CAP
LS002702,34.442112,-119.511139,-9999,CAP
LS002703,34.442276,-119.511230,Modified,CAP
LS002704,34.442257,-119.511421,Modified,CAP
LS002705,34.442635,-119.511505,Modified,CAP
LS002706,34.442699,-119.511635,Modified,CAP
LS002707,34.442913,-119.511726,Modified,CAP
LS002708,34.442795,-119.511765,-9999,CAP
LS002709,34.443310,-119.512093,Modified,CAP
LS002710,34.442978,-119.512123,Unmodified,CAP
LS002711,34.442688,-119.512413,Unmodified,CAP
LS002712,34.443272,-119.512367,Unmodified,CAP
LS002713,34.443356,-119.512329,-9999,CAP
LS002714,34.443459,-119.512306,Modified,CAP
LS002715,34.443542,-119.512367,Modified,CAP
LS002716,34.443626,-119.512245,Modified,CAP
LS002717,34.443634,-119.512497,Modified,CAP
LS002718,34.443623,-119.512802,Modified,CAP
LS002719,34.443474,-119.512978,Modified,CAP
LS002720,34.443405,-119.513054,Modified,CAP
LS002721,34.443417,-119.513222,Modified,CAP
LS002722,34.443531,-119.513504,Modified,CAP
LS002723,34.443539,-119.513702,Modified,CAP
LS002724,34.443478,-119.513870,Modified,CAP
LS002725,34.443016,-119.513535,Unmodified,CAP
LS002726,34.442783,-119.513649,Unmodified,CAP
LS002727,34.442558,-119.513466,Unmodified,CAP
LS002728,34.442265,-119.513565,Unmodified,CAP
LS002729,34.442272,-119.513489,Unmodified,CAP
LS002730,34.442352,-119.513397,Unmodified,CAP
LS002731,34.442394,-119.513168,Unmodified,CAP
LS002732,34.441681,-119.513176,Unmodified,CAP
LS002733,34.441807,-119.513046,Unmodified,CAP
LS002734,34.441917,-119.513092,Unmodified,CAP
LS002735,34.441833,-119.513550,Unmodified,CAP
LS002736,34.441975,-119.513878,Unmodified,CAP
LS002737,34.443188,-119.514175,Unmodified,CAP
LS002738,34.442871,-119.514153,Unmodified,CAP
LS002739,34.442760,-119.514244,Unmodified,CAP
LS002740,34.442043,-119.514069,Unmodified,CAP
LS002741,34.442062,-119.514160,Unmodified,CAP
LS002742,34.442238,-119.514107,Unmodified,CAP
LS002743,34.442379,-119.514214,Unmodified,CAP
LS002744,34.442307,-119.514404,Unmodified,CAP
LS002745,34.442310,-119.514503,Unmodified,CAP
LS002746,34.442440,-119.514572,Unmodified,CAP
LS002747,34.443230,-119.514877,Unmodified,CAP
LS002748,34.443275,-119.514755,Unmodified,CAP
LS002749,34.443245,-119.514961,Unmodified,CAP
LS002750,34.443504,-119.514923,Modified,CAP
LS002751,34.443512,-119.515213,Modified,CAP
LS002752,34.443504,-119.515388,Modified,CAP
LS002753,34.443428,-119.515602,Modified,CAP
LS002754,34.443478,-119.515686,Modified,CAP
LS002755,34.443302,-119.515793,Unmodified,CAP
LS002756,34.443249,-119.515892,Unmodified,CAP
LS002757,34.442444,-119.515602,Unmodified,CAP
LS002758,34.442478,-119.515366,Unmodified,CAP
LS002759,34.442722,-119.515121,Unmodified,CAP
LS002760,34.443760,-119.514435,Modified,CAP
LS002761,34.443752,-119.514572,Modified,CAP
LS002762,34.443794,-119.517166,Modified,CAP
LS002763,34.443787,-119.517250,Modified,CAP
LS002764,34.443821,-119.517471,Modified,CAP
LS002765,34.443817,-119.517662,Modified,CAP
LS002766,34.443718,-119.517967,Modified,CAP
LS002767,34.443607,-119.517998,Modified,CAP
LS002768,34.443451,-119.517731,-9999,CAP
LS002769,34.443218,-119.517563,Unmodified,CAP
LS002770,34.443359,-119.517540,Unmodified,CAP
LS002771,34.443417,-119.518585,Modified,CAP
LS002772,34.443489,-119.518440,Modified,CAP
LS002773,34.443569,-119.518280,Modified,CAP
LS002774,34.443390,-119.518837,Modified,CAP
LS002775,34.443218,-119.518974,Unmodified,CAP
LS002776,34.443146,-119.518867,Unmodified,CAP
LS002777,34.443172,-119.518753,Unmodified,CAP
LS002778,34.443092,-119.519028,Unmodified,CAP
LS002779,34.443291,-119.519089,-9999,CAP
LS002780,34.443447,-119.519264,Modified,CAP
LS002781,34.443432,-119.519150,Modified,CAP
LS002782,34.443302,-119.519539,Modified,CAP
LS002783,34.443138,-119.519806,Modified,CAP
LS002784,34.443180,-119.519585,-9999,CAP
LS002785,34.443245,-119.521538,Modified,CAP
LS002786,34.443321,-119.521492,Modified,CAP
LS002787,34.443409,-119.521385,Modified,CAP
LS002788,34.443481,-119.521324,Modified,CAP
LS002789,34.444077,-119.520905,Unmodified,CAP
LS002790,34.441593,-119.516411,Unmodified,CAP
LS002791,34.440102,-119.526642,Unmodified,CAP
LS002792,34.440170,-119.526482,Unmodified,CAP
LS002793,34.440105,-119.527519,Unmodified,CAP
LS002794,34.440273,-119.527641,Unmodified,CAP
LS002795,34.440639,-119.527443,Unmodified,CAP
LS002796,34.443771,-119.527847,Unmodified,CAP
LS002797,34.443455,-119.528229,Unmodified,CAP
LS002798,34.443115,-119.528587,Unmodified,CAP
LS002799,34.440865,-119.529007,-9999,CAP
LS002800,34.441975,-119.533592,Unmodified,CAP
LS002801,34.441742,-119.533974,Modified,CAP
LS002802,34.442509,-119.534294,Unmodified,CAP
LS002803,34.442211,-119.534172,Modified,CAP
LS002804,34.443020,-119.534546,Modified,CAP
LS002805,34.443050,-119.534737,Modified,CAP
LS002806,34.442806,-119.534363,Modified,CAP
LS002807,34.443329,-119.534981,Unmodified,CAP
LS002808,34.444366,-119.533203,Modified,CAP
LS002809,34.444569,-119.534920,Unmodified,CAP
LS002810,34.443615,-119.535408,Modified,CAP
LS002811,34.443127,-119.535866,Unmodified,CAP
LS002812,34.443089,-119.535789,Unmodified,CAP
LS002813,34.443668,-119.536102,Unmodified,CAP
LS002814,34.443626,-119.536461,Unmodified,CAP
LS002815,34.443707,-119.536621,Unmodified,CAP
LS002816,34.443768,-119.536766,Unmodified,CAP
LS002817,34.443371,-119.536736,Unmodified,CAP
LS002818,34.441196,-119.537025,Unmodified,CAP
LS002819,34.441154,-119.536705,Unmodified,CAP
LS002820,34.441189,-119.536285,Unmodified,CAP
LS002821,34.441322,-119.535919,Unmodified,CAP
LS002822,34.441353,-119.535774,Unmodified,CAP
LS002823,34.437901,-119.534775,Unmodified,CAP
LS002824,34.438576,-119.535568,Unmodified,CAP
LS002825,34.438545,-119.536293,Modified,CAP
LS002826,34.436512,-119.533669,Unmodified,CAP
LS002827,34.436954,-119.533966,Unmodified,CAP
LS002828,34.436974,-119.534248,Unmodified,CAP
LS002829,34.436298,-119.526085,Modified,CAP
LS002830,34.441380,-119.521896,Modified,CAP
LS002831,34.441322,-119.521271,Unmodified,CAP
LS002832,34.439537,-119.521675,Unmodified,CAP
LS002833,34.439243,-119.521461,Unmodified,CAP
LS002834,34.438999,-119.521080,Unmodified,CAP
LS002835,34.438908,-119.521088,Unmodified,CAP
LS002836,34.438801,-119.520973,Unmodified,CAP
LS002837,34.438778,-119.520912,Unmodified,CAP
LS002838,34.438698,-119.520744,Unmodified,CAP
LS002839,34.439758,-119.520203,Unmodified,CAP
LS002840,34.439781,-119.516754,Unmodified,CAP
LS002841,34.438511,-119.517403,Unmodified,CALOES
LS002842,34.437859,-119.511879,Unmodified,CAP
LS002843,34.437904,-119.511971,Unmodified,CAP
LS002844,34.440620,-119.505157,Unmodified,CAP
LS002845,34.440559,-119.505310,Unmodified,CAP
LS002846,34.440575,-119.505836,Unmodified,CAP
LS002847,34.436050,-119.504120,Unmodified,CAP
LS002848,34.436367,-119.503517,Modified,CAP
LS002849,34.436222,-119.503342,Modified,CAP
LS002850,34.435883,-119.502144,Unmodified,CAP
LS002851,34.435429,-119.502312,Modified,CAP
LS002852,34.435616,-119.502357,Modified,CAP
LS002853,34.435291,-119.502060,Modified,CAP
LS002854,34.435268,-119.501961,Modified,CAP
LS002855,34.434425,-119.501167,Modified,CAP
LS002856,34.434216,-119.502563,Unmodified,CAP
LS002857,34.436028,-119.503807,Unmodified,CAP
LS002858,34.436310,-119.504166,Unmodified,CAP
LS002859,34.433537,-119.502029,Unmodified,CAP
LS002860,34.432735,-119.500786,Unmodified,CAP
LS002861,34.433266,-119.502617,Unmodified,CAP
LS002862,34.433655,-119.502937,Unmodified,CAP
LS002863,34.434978,-119.505989,Unmodified,CAP
LS002864,34.434483,-119.505539,Modified,CAP
LS002865,34.434521,-119.505020,Modified,CAP
LS002866,34.434586,-119.504631,Modified,CAP
LS002867,34.432629,-119.500053,Unmodified,CAP
LS002868,34.437672,-119.520363,Unmodified,CAP
LS002869,34.437191,-119.521172,Unmodified,CAP
LS002870,34.437199,-119.521011,Unmodified,CAP
LS002871,34.437103,-119.520882,Unmodified,CAP
LS002872,34.437279,-119.520546,Unmodified,CAP
LS002873,34.437160,-119.520737,Unmodified,CAP
LS002874,34.437160,-119.520393,Unmodified,CAP
LS002875,34.437328,-119.520264,Unmodified,CAP
LS002876,34.437431,-119.520081,Unmodified,CAP
LS002877,34.437458,-119.519814,Unmodified,CAP
LS002878,34.437405,-119.519737,Unmodified,CAP
LS002879,34.437145,-119.519485,Unmodified,CAP
LS002880,34.437099,-119.519333,Unmodified,CAP
LS002881,34.436920,-119.519196,Unmodified,CAP
LS002882,34.436905,-119.519661,Unmodified,CAP
LS002883,34.436695,-119.519814,Unmodified,CAP
LS002884,34.436768,-119.519989,Unmodified,CAP
LS002885,34.436874,-119.518997,Unmodified,CAP
LS002886,34.436890,-119.518875,Unmodified,CAP
LS002887,34.436817,-119.518791,Unmodified,CAP
LS002888,34.436867,-119.518410,Unmodified,CAP
LS002889,34.436634,-119.518143,Unmodified,CAP
LS002890,34.436352,-119.518486,Unmodified,CAP
LS002891,34.436237,-119.518311,Unmodified,CAP
LS002892,34.436241,-119.517029,Unmodified,CAP
LS002893,34.435822,-119.517677,Unmodified,CAP
LS002894,34.435810,-119.517906,Unmodified,CAP
LS002895,34.435799,-119.518127,Unmodified,CAP
LS002896,34.435833,-119.518295,Unmodified,CAP
LS002897,34.435833,-119.519066,Unmodified,CAP
LS002898,34.435581,-119.517654,Unmodified,CAP
LS002899,34.435616,-119.517799,Unmodified,CAP
LS002900,34.435619,-119.517952,Unmodified,CAP
LS002901,34.435616,-119.518089,Unmodified,CAP
LS002902,34.435551,-119.518532,Unmodified,CAP
LS002903,34.435043,-119.517899,Unmodified,CAP
LS002904,34.436836,-119.520493,Unmodified,CAP
LS002905,34.437462,-119.521652,Unmodified,CAP
LS002906,34.437313,-119.522118,Unmodified,CAP
LS002907,34.437527,-119.522736,Unmodified,CAP
LS002908,34.437538,-119.522820,Unmodified,CAP
LS002909,34.436882,-119.521484,Unmodified,CAP
LS002910,34.437313,-119.520775,Unmodified,CAP
LS002911,34.436523,-119.520432,Unmodified,CAP
LS002912,34.436600,-119.519295,Unmodified,CAP
LS002913,34.436573,-119.518524,Unmodified,CAP
LS002914,34.437538,-119.522469,Unmodified,CAP
LS002915,34.437138,-119.523804,Unmodified,CAP
LS002916,34.437626,-119.525063,Unmodified,CAP
LS002917,34.437500,-119.524963,Unmodified,CAP
LS002918,34.437439,-119.524857,Unmodified,CAP
LS002919,34.437393,-119.524742,Unmodified,CAP
LS002920,34.437222,-119.524193,Unmodified,CAP
LS002921,34.437439,-119.524414,Unmodified,CAP
LS002922,34.437386,-119.524513,Unmodified,CAP
LS002923,34.437061,-119.524040,Unmodified,CAP
LS002924,34.439217,-119.527527,Unmodified,CAP
LS002925,34.439144,-119.527672,Unmodified,CAP
LS002926,34.439590,-119.527786,Unmodified,CAP
LS002927,34.439362,-119.528259,Unmodified,CAP
LS002928,34.439419,-119.528954,Modified,CAP
LS002929,34.439297,-119.528954,Modified,CAP
LS002930,34.439186,-119.528969,Modified,CAP
LS002931,34.438507,-119.528481,Modified,CAP
LS002932,34.439087,-119.528618,Modified,CAP
LS002933,34.439240,-119.528404,Unmodified,CAP
LS002934,34.439495,-119.529999,Unmodified,CAP
LS002935,34.439404,-119.530365,Unmodified,CAP
LS002936,34.439217,-119.530960,Unmodified,CAP
LS002937,34.439041,-119.531914,Modified,CAP
LS002938,34.439430,-119.531326,Modified,CAP
LS002939,34.439423,-119.537056,Modified,CAP
LS002940,34.438583,-119.535713,Unmodified,CAP
LS002941,34.434898,-119.517967,Unmodified,CAP
LS002942,34.434795,-119.517822,Unmodified,CAP
LS002943,34.434628,-119.517433,Unmodified,CAP
LS002944,34.434807,-119.516960,Unmodified,CAP
LS002945,34.434628,-119.518723,Unmodified,CAP
LS002946,34.434345,-119.517075,Modified,CAP
LS002947,34.433685,-119.515572,Modified,CAP
LS002948,34.435490,-119.514008,Unmodified,CAP
LS002949,34.435547,-119.514267,Unmodified,CAP
LS002950,34.431015,-119.503548,Modified,CAP
LS002951,34.430470,-119.504982,Unmodified,CAP
LS002952,34.430511,-119.505264,Unmodified,CAP
LS002953,34.430458,-119.505447,Unmodified,CAP
LS002954,34.430782,-119.505119,Unmodified,CAP
LS002955,34.431061,-119.505630,Unmodified,CAP
LS002956,34.430119,-119.505424,Unmodified,CAP
LS002957,34.430149,-119.505325,Unmodified,CAP
LS002958,34.429832,-119.505722,Unmodified,CAP
LS002959,34.431320,-119.515694,Modified,CAP
LS002960,34.431358,-119.515564,Modified,CAP
LS002961,34.430447,-119.516037,Modified,CAP
LS002962,34.433029,-119.517815,Unmodified,CAP
LS002963,34.433083,-119.517990,Unmodified,CAP
LS002964,34.433067,-119.518456,Unmodified,CAP
LS002965,34.432991,-119.519188,Unmodified,CAP
LS002966,34.432625,-119.519020,Unmodified,CAP
LS002967,34.432629,-119.518875,Unmodified,CAP
LS002968,34.433105,-119.518913,Unmodified,CAP
LS002969,34.433136,-119.518829,Unmodified,CAP
LS002970,34.432465,-119.518539,Unmodified,CAP
LS002971,34.432381,-119.518539,Unmodified,CAP
LS002972,34.432407,-119.518364,Unmodified,CAP
LS002973,34.432491,-119.518204,Unmodified,CAP
LS002974,34.432472,-119.517891,Unmodified,CAP
LS002975,34.432686,-119.517769,Unmodified,CAP
LS002976,34.432682,-119.518150,Unmodified,CAP
LS002977,34.432732,-119.518204,Unmodified,CAP
LS002978,34.432133,-119.518883,Unmodified,CAP
LS002979,34.432281,-119.519348,Unmodified,CAP
LS002980,34.432762,-119.519447,Unmodified,CAP
LS002981,34.432655,-119.519630,Unmodified,CAP
LS002982,34.432537,-119.519157,Unmodified,CAP
LS002983,34.432457,-119.519005,Unmodified,CAP
LS002984,34.432117,-119.517654,Unmodified,CAP
LS002985,34.431744,-119.517220,Unmodified,CAP
LS002986,34.431965,-119.518440,Unmodified,CAP
LS002987,34.431980,-119.518959,Unmodified,CAP
LS002988,34.432259,-119.521111,Unmodified,CAP
LS002989,34.431904,-119.521187,Unmodified,CAP
LS002990,34.431664,-119.520973,Unmodified,CAP
LS002991,34.431728,-119.521507,Unmodified,CAP
LS002992,34.431828,-119.521667,Unmodified,CAP
LS002993,34.432026,-119.520882,Unmodified,CAP
LS002994,34.431572,-119.520447,Unmodified,CAP
LS002995,34.432220,-119.520004,Unmodified,CAP
LS002996,34.432426,-119.521660,Unmodified,CAP
LS002997,34.431599,-119.521408,Unmodified,CAP
LS002998,34.431587,-119.521545,Unmodified,CAP
LS002999,34.431404,-119.521561,Unmodified,CAP
LS003000,34.431683,-119.521278,Unmodified,CAP
LS003001,34.432053,-119.522781,Unmodified,CAP
LS003002,34.432686,-119.523705,Unmodified,CAP
LS003003,34.432659,-119.523918,Unmodified,CAP
LS003004,34.434349,-119.528595,Unmodified,CAP
LS003005,34.434044,-119.526878,Modified,CAP
LS003006,34.430645,-119.523109,Unmodified,CAP
LS003007,34.429955,-119.522705,Unmodified,CAP
LS003008,34.429951,-119.522446,Unmodified,CAP
LS003009,34.429962,-119.522209,Unmodified,CAP
LS003010,34.429901,-119.522041,Unmodified,CAP
LS003011,34.429844,-119.521919,Unmodified,CAP
LS003012,34.429710,-119.521690,Unmodified,CAP
LS003013,34.429581,-119.521400,Unmodified,CAP
LS003014,34.430096,-119.520515,Unmodified,CAP
LS003015,34.429249,-119.521057,Unmodified,CAP
LS003016,34.429150,-119.519646,Unmodified,CAP
LS003017,34.429214,-119.518822,Unmodified,CAP
LS003018,34.429115,-119.520271,Unmodified,CAP
LS003019,34.429150,-119.519539,Unmodified,CAP
LS003020,34.428375,-119.511536,Unmodified,CAP
LS003021,34.428707,-119.510818,Unmodified,CAP
LS003022,34.427788,-119.511108,Unmodified,CAP
LS003023,34.427708,-119.511002,Unmodified,CAP
LS003024,34.427650,-119.510948,Unmodified,CAP
LS003025,34.427612,-119.510918,Unmodified,CAP
LS003026,34.427410,-119.510864,Unmodified,CAP
LS003027,34.428116,-119.511307,Unmodified,CAP
LS003028,34.428566,-119.511795,Unmodified,CAP
LS003029,34.427631,-119.509094,Unmodified,CAP
LS003030,34.427761,-119.509010,Unmodified,CAP
LS003031,34.426636,-119.504005,Unmodified,CAP
LS003032,34.426491,-119.503716,Unmodified,CAP
LS003033,34.426628,-119.502640,Unmodified,CAP
LS003034,34.425606,-119.502342,Unmodified,CAP
LS003035,34.425514,-119.502403,Unmodified,CAP
LS003036,34.425880,-119.501907,Unmodified,CAP
LS003037,34.425838,-119.506897,Modified,CAP
LS003038,34.425880,-119.507011,Modified,CAP
LS003039,34.425888,-119.507072,Modified,CAP
LS003040,34.425838,-119.507690,Modified,CAP
LS003041,34.425705,-119.506813,Modified,CAP
LS003042,34.425388,-119.506851,Unmodified,CAP
LS003043,34.425327,-119.506760,Unmodified,CAP
LS003044,34.425293,-119.506607,Unmodified,CAP
LS003045,34.425407,-119.518425,Unmodified,CAP
LS003046,34.425793,-119.518448,Unmodified,CAP
LS003047,34.425591,-119.517708,Unmodified,CAP
LS003048,34.425625,-119.519089,Unmodified,CAP
LS003049,34.425621,-119.519135,Unmodified,CAP
LS003050,34.426067,-119.520699,Unmodified,CAP
LS003051,34.426075,-119.520782,Unmodified,CAP
LS003052,34.426048,-119.520920,Unmodified,CAP
LS003053,34.426018,-119.520973,Unmodified,CAP
LS003054,34.425961,-119.521080,Unmodified,CAP
LS003055,34.426033,-119.521149,Unmodified,CAP
LS003056,34.426098,-119.521454,Unmodified,CAP
LS003057,34.425781,-119.521484,Unmodified,CAP
LS003058,34.426182,-119.521713,Unmodified,CAP
LS003059,34.426193,-119.521896,Unmodified,CAP
LS003060,34.426174,-119.521988,Unmodified,CAP
LS003061,34.425926,-119.522331,Unmodified,CAP
LS003062,34.425957,-119.522377,Unmodified,CAP
LS003063,34.426025,-119.522453,Unmodified,CAP
LS003064,34.426048,-119.522598,Unmodified,CAP
LS003065,34.426048,-119.522835,Unmodified,CAP
LS003066,34.426083,-119.523506,Unmodified,CAP
LS003067,34.426121,-119.524551,Unmodified,CAP
LS003068,34.426212,-119.524734,Unmodified,CAP
LS003069,34.426277,-119.524895,Unmodified,CAP
LS003070,34.426357,-119.524910,Unmodified,CAP
LS003071,34.445515,-119.512642,Unmodified,CAP
LS003072,34.443275,-119.505280,Unmodified,CAP
LS003073,34.442627,-119.500183,Unmodified,CAP
LS003074,34.444012,-119.504494,Unmodified,CAP
LS003075,34.442596,-119.505981,Unmodified,CAP
LS003076,34.442284,-119.505997,Unmodified,CAP
LS003077,34.443295,-119.506233,-9999,CAP
LS003078,34.443718,-119.512459,Modified,CAP
LS003079,34.443268,-119.514511,Unmodified,CAP
LS003080,34.443417,-119.519363,Modified,CAP
LS003081,34.443279,-119.520050,Modified,CAP
LS003082,34.443642,-119.526649,Unmodified,CAP
LS003083,34.444542,-119.534042,-9999,CAP
LS003084,34.444508,-119.534744,Unmodified,CAP
LS003085,34.442657,-119.535431,Modified,CAP
LS003086,34.442528,-119.535355,Modified,CAP
LS003087,34.442982,-119.528763,Unmodified,CAP
LS003088,34.440933,-119.519653,Unmodified,CAP
LS003089,34.440914,-119.519562,Unmodified,CAP
LS003090,34.440769,-119.519379,Unmodified,CAP
LS003091,34.440693,-119.519211,Unmodified,CAP
LS003092,34.440620,-119.519104,Unmodified,CAP
LS003093,34.440536,-119.519020,Unmodified,CAP
LS003094,34.440506,-119.518936,Unmodified,CAP
LS003095,34.441223,-119.510765,Unmodified,CAP
LS003096,34.439564,-119.502800,Modified,CAP
LS003097,34.439461,-119.529762,Unmodified,CAP
LS003098,34.439373,-119.536659,Modified,CAP
LS003099,34.433327,-119.500198,Unmodified,CAP
LS003100,34.431118,-119.518883,Unmodified,CAP
LS003101,34.431011,-119.518875,Unmodified,CAP
LS003102,34.430954,-119.519112,Unmodified,CAP
LS003103,34.431217,-119.519493,Unmodified,CAP
LS003104,34.431038,-119.519379,Unmodified,CAP
LS003105,34.430882,-119.518646,Unmodified,CAP
LS003106,34.430954,-119.518173,Unmodified,CAP
LS003107,34.431210,-119.517410,Unmodified,CAP
LS003108,34.430340,-119.522858,Unmodified,CAP
LS003109,34.425518,-119.517639,Unmodified,CAP
LS003110,34.460865,-119.725609,Modified,CAP
LS003111,34.461021,-119.725433,Modified,CAP
LS003112,34.461098,-119.725197,Modified,CAP
LS003113,34.461052,-119.724159,Modified,CAP
LS003114,34.460732,-119.723831,Modified,CAP
LS003115,34.461117,-119.723465,Modified,CAP
LS003116,34.459656,-119.718163,Modified,CAP
LS003117,34.459949,-119.715454,Modified,CAP
LS003118,34.459717,-119.715515,Modified,CAP
LS003119,34.460045,-119.715225,Modified,CAP
LS003120,34.460197,-119.715500,Modified,CAP
LS003121,34.459782,-119.717422,Modified,CAP
LS003122,34.459591,-119.717255,Modified,CAP
LS003123,34.459576,-119.717117,Modified,CAP
LS003124,34.459541,-119.717354,Modified,CAP
LS003125,34.459431,-119.717140,Modified,CAP
LS003126,34.459354,-119.716667,Modified,CAP
LS003127,34.459621,-119.715080,Modified,CAP
LS003128,34.459400,-119.715118,Modified,CAP
LS003129,34.458340,-119.714737,Modified,CAP
LS003130,34.458145,-119.715317,Modified,CAP
LS003131,34.457851,-119.714539,Modified,CAP
LS003132,34.457531,-119.714043,Modified,CAP
LS003133,34.457462,-119.713455,Modified,CAP
LS003134,34.453659,-119.721138,Modified,CAP
LS003135,34.453789,-119.720627,Modified,CAP
LS003136,34.453590,-119.720680,Modified,CAP
LS003137,34.454037,-119.721199,Modified,CAP
LS003138,34.454041,-119.721291,Modified,CAP
LS003139,34.453796,-119.724030,Modified,CAP
LS003140,34.453686,-119.723907,Modified,CAP
LS003141,34.455044,-119.719490,Modified,CAP
LS003142,34.455059,-119.719391,Modified,CAP
LS003143,34.454933,-119.719254,Modified,CAP
LS003144,34.454765,-119.718231,Modified,CAP
LS003145,34.454739,-119.718254,Modified,CAP
LS003146,34.454613,-119.717369,Modified,CAP
LS003147,34.450645,-119.726791,Modified,CAP
LS003148,34.450558,-119.726952,Modified,CAP
LS003149,34.450451,-119.726830,Modified,CAP
LS003150,34.457642,-119.738083,Modified,CAP
LS003151,34.457146,-119.737617,Modified,CAP
LS003152,34.456917,-119.737671,Modified,CAP
LS003153,34.456940,-119.738518,Modified,CAP
LS003154,34.456505,-119.738976,Modified,CAP
LS003155,34.457253,-119.739441,Modified,CAP
LS003156,34.457584,-119.739166,Modified,CAP
LS003157,34.457920,-119.739220,Modified,CAP
LS003158,34.460293,-119.742714,Modified,CAP
LS003159,34.460423,-119.745277,Modified,CAP
LS003160,34.459938,-119.745453,Modified,CAP
LS003161,34.459770,-119.745361,Modified,CAP
LS003162,34.459415,-119.765289,Modified,CAP
LS003163,34.459740,-119.766304,Modified,CAP
LS003164,34.459713,-119.766350,Modified,CAP
LS003165,34.459198,-119.761276,Modified,CAP
LS003166,34.460377,-119.726707,Modified,CAP
LS003167,34.460281,-119.726639,Modified,CAP
LS003168,34.456226,-119.722893,Modified,CAP
LS003169,34.457603,-119.726151,Modified,CAP
LS003170,34.457520,-119.726051,Modified,CAP
LS003171,34.455658,-119.731323,Modified,CAP
LS003172,34.455650,-119.732903,Modified,CAP
LS003173,34.455536,-119.733238,Modified,CAP
LS003174,34.455830,-119.745262,Modified,CAP
LS003175,34.453030,-119.687614,Modified,USGS
LS003176,34.454109,-119.686272,Modified,USGS
LS003177,34.453724,-119.685539,Modified,USGS
LS003178,34.454868,-119.685310,Modified,USGS
LS003179,34.453541,-119.683929,Modified,USGS
LS003180,34.453457,-119.683876,Modified,USGS
LS003181,34.451168,-119.682983,Modified,CAP
LS003182,34.450924,-119.683228,Modified,CAP
LS003183,34.451080,-119.682877,Modified,CAP
LS003184,34.451473,-119.683800,Modified,CAP
LS003185,34.451412,-119.683716,Modified,CAP
LS003186,34.451302,-119.683693,Modified,CAP
LS003187,34.451225,-119.683662,Modified,CAP
LS003188,34.451946,-119.683853,Modified,CAP
LS003189,34.450703,-119.683250,Modified,CAP
LS003190,34.452702,-119.683029,Modified,USGS
LS003191,34.452839,-119.685692,Modified,USGS
LS003192,34.452789,-119.685814,Modified,USGS
LS003193,34.454617,-119.677109,Modified,USGS
LS003194,34.446747,-119.675400,-9999,CAP
LS003195,34.449680,-119.673119,Modified,CAP
LS003196,34.450657,-119.673843,Modified,USGS
LS003197,34.450638,-119.673943,Modified,USGS
LS003198,34.451424,-119.672806,Modified,USGS
LS003199,34.451229,-119.671799,Modified,USGS
LS003200,34.451145,-119.671616,Modified,USGS
LS003201,34.450546,-119.669510,Modified,USGS
LS003202,34.453484,-119.668320,Modified,USGS
LS003203,34.453388,-119.668243,Modified,USGS
LS003204,34.452774,-119.667946,Modified,USGS
LS003205,34.452736,-119.667915,Modified,USGS
LS003206,34.454315,-119.667885,Modified,USGS
LS003207,34.454399,-119.667892,Modified,USGS
LS003208,34.455074,-119.665955,Modified,USGS
LS003209,34.454170,-119.661926,Modified,USGS
LS003210,34.454144,-119.661560,Modified,USGS
LS003211,34.453945,-119.661171,Modified,USGS
LS003212,34.453949,-119.661018,Modified,USGS
LS003213,34.453953,-119.660744,Modified,USGS
LS003214,34.456589,-119.644791,Unmodified,USGS
LS003215,34.456566,-119.643776,Unmodified,USGS
LS003216,34.456432,-119.643272,Unmodified,USGS
LS003217,34.453197,-119.638435,Unmodified,USGS
LS003218,34.455521,-119.628578,Modified,USGS
LS003219,34.458019,-119.621132,Unmodified,USGS
LS003220,34.457996,-119.620895,Unmodified,USGS
LS003221,34.458187,-119.620796,Unmodified,USGS
LS003222,34.458225,-119.620728,Unmodified,USGS
LS003223,34.458279,-119.620811,Unmodified,USGS
LS003224,34.458328,-119.620743,Unmodified,USGS
LS003225,34.458347,-119.620689,Unmodified,USGS
LS003226,34.454842,-119.630119,Unmodified,USGS
LS003227,34.453445,-119.629776,Unmodified,USGS
LS003228,34.454002,-119.628433,Modified,USGS
LS003229,34.452274,-119.689056,Modified,CAP
LS003230,34.452698,-119.688789,Modified,CAP
LS003231,34.452591,-119.689018,Modified,CAP
LS003232,34.452507,-119.689201,Modified,CAP
LS003233,34.452656,-119.689232,Modified,CAP
LS003234,34.452766,-119.689133,Modified,USGS
LS003235,34.452927,-119.689194,Modified,USGS
LS003236,34.453262,-119.689156,Modified,USGS
LS003237,34.453365,-119.689140,Modified,USGS
LS003238,34.453560,-119.689064,Modified,USGS
LS003239,34.453133,-119.688698,Modified,CAP
LS003240,34.451981,-119.688614,Modified,CAP
LS003241,34.452065,-119.688675,Modified,CAP
LS003242,34.451809,-119.688591,Modified,CAP
LS003243,34.451908,-119.688591,Modified,CAP
LS003244,34.451946,-119.688606,Modified,CAP
LS003245,34.452393,-119.722229,Modified,CAP
LS003246,34.452450,-119.722214,Modified,CAP
LS003247,34.452618,-119.722267,Modified,CAP
LS003248,34.452648,-119.722168,Modified,CAP
LS003249,34.416603,-119.748291,Modified,CAP
LS003250,34.416504,-119.748116,Modified,CAP
LS003251,34.416443,-119.747841,Modified,CAP
LS003252,34.416286,-119.747749,Modified,CAP
LS003253,34.416210,-119.747696,Modified,CAP
LS003254,34.416138,-119.747581,Modified,CAP
LS003255,34.415821,-119.743591,-9999,CAP
LS003256,34.415787,-119.743759,-9999,CAP
LS003257,34.415871,-119.744011,-9999,CAP
LS003258,34.415905,-119.744041,-9999,CAP
LS003259,34.414646,-119.742455,-9999,CAP
LS003260,34.414635,-119.741966,-9999,CAP
LS003261,34.416077,-119.742409,Modified,CAP
LS003262,34.416164,-119.742447,Modified,CAP
LS003263,34.416267,-119.742485,Modified,CAP
LS003264,34.438946,-119.677559,Modified,CAP
LS003265,34.438957,-119.679085,Modified,CAP
LS003266,34.441452,-119.677490,Modified,CAP
LS003267,34.439075,-119.672050,Modified,CAP
LS003268,34.438431,-119.671455,Modified,CAP
LS003269,34.449005,-119.606125,Unmodified,USGS
LS003270,34.449184,-119.602745,Modified,USGS
LS003271,34.452038,-119.603226,Unmodified,USGS
LS003272,34.451508,-119.602646,Unmodified,USGS
LS003273,34.451591,-119.602348,Modified,USGS
LS003274,34.451572,-119.602409,Modified,USGS
LS003275,34.451492,-119.602554,Unmodified,USGS
LS003276,34.451767,-119.603600,Modified,USGS
LS003277,34.451950,-119.604118,Modified,USGS
LS003278,34.451382,-119.605736,Modified,USGS
LS003279,34.451416,-119.605873,Modified,USGS
LS003280,34.450924,-119.604988,Modified,USGS
LS003281,34.450981,-119.605064,Modified,USGS
LS003282,34.451096,-119.605225,Modified,USGS
LS003283,34.449539,-119.615196,Modified,USGS
LS003284,34.455673,-119.627029,Unmodified,USGS
LS003285,34.455574,-119.627075,Unmodified,USGS
LS003286,34.454884,-119.635765,Unmodified,USGS
LS003287,34.454136,-119.636345,Modified,USGS
LS003288,34.454235,-119.667938,Modified,USGS
LS003289,34.455708,-119.676575,Modified,USGS
LS003290,34.454388,-119.685928,Modified,USGS
LS003291,34.440903,-119.678185,Modified,CAP
LS003292,34.442486,-119.680725,Modified,CAP
LS003293,34.454861,-119.674950,Unmodified,USGS
LS003294,34.454002,-119.673859,Modified,USGS
LS003295,34.453663,-119.674217,Unmodified,USGS
LS003296,34.455322,-119.674881,Modified,USGS
LS003297,34.454372,-119.683388,Modified,USGS
LS003298,34.454475,-119.683456,Modified,USGS
LS003299,34.380047,-119.440697,Modified,CAP
LS003300,34.380093,-119.441994,-9999,CAP
LS003301,34.380589,-119.441307,Modified,CAP
LS003302,34.380440,-119.440971,Modified,CAP
LS003303,34.380680,-119.454506,Modified,CAP
LS003304,34.382149,-119.457123,-9999,CAP
LS003305,34.382233,-119.457268,Unmodified,CAP
LS003306,34.382294,-119.457245,Unmodified,CAP
LS003307,34.380623,-119.471558,Modified,CAP
LS003308,34.380497,-119.471855,Modified,CAP
LS003309,34.380131,-119.471260,Modified,CAP
LS003310,34.380085,-119.471260,Modified,CAP
LS003311,34.379993,-119.471268,Modified,CAP
LS003312,34.379738,-119.471260,Modified,CAP
LS003313,34.380131,-119.471428,Modified,CAP
LS003314,34.380219,-119.471428,Modified,CAP
LS003315,34.391808,-119.440758,Modified,CAP
LS003316,34.395020,-119.437485,Unmodified,CAP
LS003317,34.395069,-119.437309,Unmodified,CAP
LS003318,34.395084,-119.437187,Unmodified,CAP
LS003319,34.398071,-119.430069,Unmodified,CAP
LS003320,34.398022,-119.430313,Unmodified,CAP
LS003321,34.398014,-119.430473,Unmodified,CAP
LS003322,34.397972,-119.430687,Unmodified,CAP
LS003323,34.413254,-119.476578,Modified,CAP
LS003324,34.413261,-119.476540,Modified,CAP
LS003325,34.413361,-119.476456,Modified,CAP
LS003326,34.413334,-119.476395,Modified,CAP
LS003327,34.417999,-119.484169,-9999,CAP
LS003328,34.436783,-119.533508,Unmodified,CAP
LS003329,34.436695,-119.533508,Unmodified,CAP
LS003330,34.443172,-119.537666,Modified,CAP
LS003331,34.443233,-119.536797,Unmodified,CAP
LS003332,34.443859,-119.537788,-9999,CAP
LS003333,34.443932,-119.537903,-9999,CAP
LS003334,34.443718,-119.537697,Modified,CAP
LS003335,34.443848,-119.537605,Modified,CAP
LS003336,34.443890,-119.537331,Modified,CAP
LS003337,34.444118,-119.537331,Modified,CAP
LS003338,34.444176,-119.537254,Modified,CAP
LS003339,34.444176,-119.537170,Modified,CAP
LS003340,34.444103,-119.536858,Modified,CAP
LS003341,34.447853,-119.536674,Unmodified,CAP
LS003342,34.451485,-119.536957,Unmodified,CAP
LS003343,34.453194,-119.567078,Unmodified,USGS
LS003344,34.453537,-119.567062,Unmodified,USGS
LS003345,34.452999,-119.567024,Unmodified,USGS
LS003346,34.452946,-119.567078,Unmodified,USGS
LS003347,34.464466,-119.455734,Unmodified,CAP
LS003348,34.418564,-119.426834,Unmodified,CAP
LS003349,34.418762,-119.426140,Unmodified,CAP
LS003350,34.417805,-119.426712,Unmodified,CAP
LS003351,34.426010,-119.451492,Unmodified,CAP
LS003352,34.441048,-119.500404,Unmodified,CAP
LS003353,34.443130,-119.520035,Modified,CAP
LS003354,34.444954,-119.472969,Unmodified,CAP
LS003355,34.444942,-119.472809,Unmodified,CAP
LS003356,34.445007,-119.472565,Unmodified,CAP
LS003357,34.445114,-119.472336,Unmodified,CAP
LS003358,34.445038,-119.472198,Unmodified,CAP
LS003359,34.445187,-119.470901,Unmodified,CAP
LS003360,34.446136,-119.471054,Unmodified,CAP
LS003361,34.461643,-119.491539,Unmodified,CAP
LS003362,34.461498,-119.490784,Unmodified,CAP
LS003363,34.444363,-119.533318,Modified,CAP
LS003364,34.444553,-119.532562,Modified,CAP
LS003365,34.462799,-119.425735,Unmodified,CAP
LS003366,34.462799,-119.425644,Unmodified,CAP
LS003367,34.462727,-119.425591,Unmodified,CAP
LS003368,34.465534,-119.431038,Unmodified,CAP
LS003369,34.464619,-119.429863,Unmodified,CAP
LS003370,34.446152,-119.498596,Unmodified,CAP
LS003371,34.445995,-119.498772,Unmodified,CAP
LS003372,34.446091,-119.498444,Unmodified,CAP
LS003373,34.446079,-119.498329,Unmodified,CAP
LS003374,34.445782,-119.498291,Unmodified,CAP
LS003375,34.446037,-119.498276,Unmodified,CAP
LS003376,34.445854,-119.496552,Unmodified,CAP
LS003377,34.445824,-119.496140,Unmodified,CAP
LS003378,34.445354,-119.495964,Unmodified,CAP
LS003379,34.445351,-119.496155,Unmodified,CAP
LS003380,34.445587,-119.495842,Unmodified,CAP
LS003381,34.445667,-119.495781,Unmodified,CAP
LS003382,34.445663,-119.495537,Unmodified,CAP
LS003383,34.446117,-119.495422,Unmodified,CAP
LS003384,34.446152,-119.495331,Unmodified,CAP
LS003385,34.446163,-119.495125,Unmodified,CAP
LS003386,34.446186,-119.494980,Unmodified,CAP
LS003387,34.446114,-119.494904,Unmodified,CAP
LS003388,34.446037,-119.494728,Unmodified,CAP
LS003389,34.445690,-119.494720,Unmodified,CAP
LS003390,34.445759,-119.494583,Unmodified,CAP
LS003391,34.445747,-119.494431,Unmodified,CAP
LS003392,34.445980,-119.494255,Unmodified,CAP
LS003393,34.446079,-119.494225,Unmodified,CAP
LS003394,34.446072,-119.494148,Unmodified,CAP
LS003395,34.446533,-119.494095,Unmodified,CAP
LS003396,34.446461,-119.493553,Unmodified,CAP
LS003397,34.446079,-119.493645,Unmodified,CAP
LS003398,34.446033,-119.493561,Unmodified,CAP
LS003399,34.445938,-119.493454,Unmodified,CAP
LS003400,34.446621,-119.493797,Unmodified,CAP
LS003401,34.446636,-119.493729,Unmodified,CAP
LS003402,34.446629,-119.493629,Unmodified,CAP
LS003403,34.446648,-119.493462,Unmodified,CAP
LS003404,34.446747,-119.493271,Unmodified,CAP
LS003405,34.446743,-119.492996,Unmodified,CAP
LS003406,34.446522,-119.492981,Unmodified,CAP
LS003407,34.446270,-119.493179,Unmodified,CAP
LS003408,34.446461,-119.492775,Unmodified,CAP
LS003409,34.446331,-119.492737,Unmodified,CAP
LS003410,34.446262,-119.493126,Unmodified,CAP
LS003411,34.446209,-119.492882,Unmodified,CAP
LS003412,34.446262,-119.492561,Unmodified,CAP
LS003413,34.446102,-119.492523,Unmodified,CAP
LS003414,34.446308,-119.492447,Unmodified,CAP
LS003415,34.446396,-119.492386,Unmodified,CAP
LS003416,34.446392,-119.492325,Unmodified,CAP
LS003417,34.445728,-119.491707,Unmodified,CAP
LS003418,34.445721,-119.491341,Unmodified,CAP
LS003419,34.445770,-119.490738,Unmodified,CAP
LS003420,34.445816,-119.490601,Unmodified,CAP
LS003421,34.445961,-119.489983,Unmodified,CAP
LS003422,34.445831,-119.489914,Unmodified,CAP
LS003423,34.446617,-119.490509,Unmodified,CAP
LS003424,34.446835,-119.490738,Unmodified,CAP
LS003425,34.446846,-119.490906,Unmodified,CAP
LS003426,34.446972,-119.490906,Unmodified,CAP
LS003427,34.446941,-119.491272,Unmodified,CAP
LS003428,34.447689,-119.491379,Unmodified,CAP
LS003429,34.447659,-119.491257,Unmodified,CAP
LS003430,34.447979,-119.491386,Unmodified,CAP
LS003431,34.447845,-119.491371,Unmodified,CAP
LS003432,34.448166,-119.490845,Unmodified,CAP
LS003433,34.448574,-119.491447,Unmodified,CAP
LS003434,34.448357,-119.491341,Unmodified,CAP
LS003435,34.447685,-119.496223,Unmodified,CAP
LS003436,34.447124,-119.496384,Unmodified,CAP
LS003437,34.447998,-119.496994,Unmodified,CAP
LS003438,34.448238,-119.496956,Unmodified,CAP
LS003439,34.448360,-119.497215,Unmodified,CAP
LS003440,34.448505,-119.497635,Unmodified,CAP
LS003441,34.449516,-119.497398,Unmodified,CAP
LS003442,34.449913,-119.497223,Unmodified,CAP
LS003443,34.449879,-119.497810,Unmodified,CAP
LS003444,34.450245,-119.497757,Unmodified,CAP
LS003445,34.450264,-119.497810,Unmodified,CAP
LS003446,34.449844,-119.498100,Unmodified,CAP
LS003447,34.450001,-119.498131,Unmodified,CAP
LS003448,34.449619,-119.498032,Unmodified,CAP
LS003449,34.449837,-119.498474,Unmodified,CAP
LS003450,34.449841,-119.498558,Unmodified,CAP
LS003451,34.449852,-119.498405,Unmodified,CAP
LS003452,34.450294,-119.498413,Unmodified,CAP
LS003453,34.450207,-119.498428,Unmodified,CAP
LS003454,34.450340,-119.498253,Unmodified,CAP
LS003455,34.450378,-119.498032,Unmodified,CAP
LS003456,34.450333,-119.497871,Unmodified,CAP
LS003457,34.451195,-119.497734,Unmodified,CAP
LS003458,34.451191,-119.497887,Unmodified,CAP
LS003459,34.451263,-119.498024,Unmodified,CAP
LS003460,34.451244,-119.498383,Unmodified,CAP
LS003461,34.451794,-119.498001,Unmodified,CAP
LS003462,34.451900,-119.498337,Unmodified,CAP
LS003463,34.451355,-119.498520,Unmodified,CAP
LS003464,34.452488,-119.497971,Unmodified,CAP
LS003465,34.452541,-119.498146,Unmodified,CAP
LS003466,34.452755,-119.498055,Unmodified,CAP
LS003467,34.453159,-119.498276,Unmodified,CAP
LS003468,34.455559,-119.497955,Unmodified,CAP
LS003469,34.458061,-119.497505,Unmodified,CAP
LS003470,34.458138,-119.497040,Unmodified,CAP
LS003471,34.465019,-119.497887,Unmodified,CAP
LS003472,34.462109,-119.496834,Unmodified,CAP
LS003473,34.462723,-119.495308,Unmodified,CAP
LS003474,34.461376,-119.494957,Unmodified,CAP
LS003475,34.461815,-119.494743,Unmodified,CAP
LS003476,34.458694,-119.495514,Unmodified,CAP
LS003477,34.455624,-119.496277,Unmodified,CAP
LS003478,34.455673,-119.495964,Unmodified,CAP
LS003479,34.455353,-119.496033,Unmodified,CAP
LS003480,34.455402,-119.495811,Unmodified,CAP
LS003481,34.455280,-119.495537,Unmodified,CAP
LS003482,34.454975,-119.496407,Unmodified,CAP
LS003483,34.454933,-119.496231,Unmodified,CAP
LS003484,34.454842,-119.495743,Unmodified,CAP
LS003485,34.453777,-119.496132,Unmodified,CAP
LS003486,34.453125,-119.495590,Unmodified,CAP
LS003487,34.452820,-119.495346,Unmodified,CAP
LS003488,34.451725,-119.497078,Unmodified,CAP
LS003489,34.452133,-119.496437,Unmodified,CAP
LS003490,34.452122,-119.496086,Unmodified,CAP
LS003491,34.451782,-119.496468,Unmodified,CAP
LS003492,34.452126,-119.495857,Unmodified,CAP
LS003493,34.450813,-119.497551,Unmodified,CAP
LS003494,34.450764,-119.496941,Unmodified,CAP
LS003495,34.449940,-119.496582,Unmodified,CAP
LS003496,34.449436,-119.495438,Unmodified,CAP
LS003497,34.449398,-119.495285,Unmodified,CAP
LS003498,34.449177,-119.495270,Unmodified,CAP
LS003499,34.449902,-119.495323,Unmodified,CAP
LS003500,34.449718,-119.495186,Unmodified,CAP
LS003501,34.450596,-119.495720,Unmodified,CAP
LS003502,34.450588,-119.495506,Unmodified,CAP
LS003503,34.450947,-119.494545,Unmodified,CAP
LS003504,34.450935,-119.494423,Unmodified,CAP
LS003505,34.450455,-119.494591,Unmodified,CAP
LS003506,34.450279,-119.494453,Unmodified,CAP
LS003507,34.450333,-119.494568,Unmodified,CAP
LS003508,34.449139,-119.494827,Unmodified,CAP
LS003509,34.449272,-119.494720,Unmodified,CAP
LS003510,34.449467,-119.494347,Unmodified,CAP
LS003511,34.447582,-119.494118,Unmodified,CAP
LS003512,34.447765,-119.494362,Unmodified,CAP
LS003513,34.446396,-119.496307,Unmodified,CAP
LS003514,34.446335,-119.496109,Unmodified,CAP
LS003515,34.450325,-119.494133,Unmodified,CAP
LS003516,34.450493,-119.493919,Unmodified,CAP
LS003517,34.449982,-119.493736,Unmodified,CAP
LS003518,34.449715,-119.493744,Unmodified,CAP
LS003519,34.449921,-119.494293,Unmodified,CAP
LS003520,34.449474,-119.493866,Unmodified,CAP
LS003521,34.449432,-119.493828,Unmodified,CAP
LS003522,34.449368,-119.493690,Unmodified,CAP
LS003523,34.449486,-119.493607,Unmodified,CAP
LS003524,34.449631,-119.493553,Unmodified,CAP
LS003525,34.449463,-119.493546,Unmodified,CAP
LS003526,34.449394,-119.493454,Unmodified,CAP
LS003527,34.449562,-119.493134,Unmodified,CAP
LS003528,34.449703,-119.493256,Unmodified,CAP
LS003529,34.449886,-119.493561,Unmodified,CAP
LS003530,34.450085,-119.493484,Unmodified,CAP
LS003531,34.450417,-119.493378,Unmodified,CAP
LS003532,34.450298,-119.493271,Unmodified,CAP
LS003533,34.450230,-119.493065,Unmodified,CAP
LS003534,34.450737,-119.493469,Unmodified,CAP
LS003535,34.450783,-119.493355,Unmodified,CAP
LS003536,34.450829,-119.493286,Unmodified,CAP
LS003537,34.451069,-119.493217,Unmodified,CAP
LS003538,34.451221,-119.492851,Unmodified,CAP
LS003539,34.451321,-119.492409,Unmodified,CAP
LS003540,34.450851,-119.492653,Unmodified,CAP
LS003541,34.451118,-119.492210,Unmodified,CAP
LS003542,34.450272,-119.492424,Unmodified,CAP
LS003543,34.450615,-119.492264,Unmodified,CAP
LS003544,34.450562,-119.492165,Unmodified,CAP
LS003545,34.448357,-119.492363,Unmodified,CAP
LS003546,34.450630,-119.491325,Unmodified,CAP
LS003547,34.450676,-119.491051,Unmodified,CAP
LS003548,34.450737,-119.491112,Unmodified,CAP
LS003549,34.451504,-119.491837,Unmodified,CAP
LS003550,34.451305,-119.491913,Unmodified,CAP
LS003551,34.451496,-119.491653,Unmodified,CAP
LS003552,34.451557,-119.491531,Unmodified,CAP
LS003553,34.451538,-119.491455,Unmodified,CAP
LS003554,34.451500,-119.491371,Unmodified,CAP
LS003555,34.451565,-119.491280,Unmodified,CAP
LS003556,34.451527,-119.491135,Unmodified,CAP
LS003557,34.451324,-119.490479,Unmodified,CAP
LS003558,34.451511,-119.490295,Unmodified,CAP
LS003559,34.451065,-119.490631,Unmodified,CAP
LS003560,34.450817,-119.490852,Unmodified,CAP
LS003561,34.450840,-119.490669,Unmodified,CAP
LS003562,34.451817,-119.490807,Unmodified,CAP
LS003563,34.451820,-119.490578,Unmodified,CAP
LS003564,34.451748,-119.490364,Unmodified,CAP
LS003565,34.451332,-119.490135,Unmodified,CAP
LS003566,34.451450,-119.489922,Unmodified,CAP
LS003567,34.451237,-119.490211,Unmodified,CAP
LS003568,34.451130,-119.490417,Unmodified,CAP
LS003569,34.451038,-119.489899,Unmodified,CAP
LS003570,34.451000,-119.489929,Unmodified,CAP
LS003571,34.450809,-119.489906,Unmodified,CAP
LS003572,34.450680,-119.489746,Unmodified,CAP
LS003573,34.450481,-119.489807,Unmodified,CAP
LS003574,34.450523,-119.489494,Unmodified,CAP
LS003575,34.450588,-119.489601,Unmodified,CAP
LS003576,34.450253,-119.489944,Unmodified,CAP
LS003577,34.450218,-119.489883,Unmodified,CAP
LS003578,34.450222,-119.489487,Unmodified,CAP
LS003579,34.450081,-119.489403,Unmodified,CAP
LS003580,34.449841,-119.489403,Unmodified,CAP
LS003581,34.449825,-119.490868,Unmodified,CAP
LS003582,34.449875,-119.490814,Unmodified,CAP
LS003583,34.449970,-119.490814,Unmodified,CAP
LS003584,34.449909,-119.490433,Unmodified,CAP
LS003585,34.450462,-119.490746,Unmodified,CAP
LS003586,34.450348,-119.490891,Unmodified,CAP
LS003587,34.450390,-119.490593,Unmodified,CAP
LS003588,34.450287,-119.490700,Unmodified,CAP
LS003589,34.450394,-119.490334,Unmodified,CAP
LS003590,34.449451,-119.490517,Unmodified,CAP
LS003591,34.449341,-119.490814,Unmodified,CAP
LS003592,34.449276,-119.489479,Unmodified,CAP
LS003593,34.449074,-119.489281,Unmodified,CAP
LS003594,34.449543,-119.489655,Unmodified,CAP
LS003595,34.449474,-119.489578,Unmodified,CAP
LS003596,34.448845,-119.489510,Unmodified,CAP
LS003597,34.448776,-119.489410,Unmodified,CAP
LS003598,34.448635,-119.489250,Unmodified,CAP
LS003599,34.448425,-119.489166,Unmodified,CAP
LS003600,34.448196,-119.489136,Unmodified,CAP
LS003601,34.448662,-119.489052,Unmodified,CAP
LS003602,34.448704,-119.488792,Unmodified,CAP
LS003603,34.448818,-119.488991,Unmodified,CAP
LS003604,34.446026,-119.489891,Unmodified,CAP
LS003605,34.445930,-119.489815,Unmodified,CAP
LS003606,34.445824,-119.489807,Unmodified,CAP
LS003607,34.445763,-119.489388,Unmodified,CAP
LS003608,34.445957,-119.489426,Unmodified,CAP
LS003609,34.446674,-119.489113,Unmodified,CAP
LS003610,34.446487,-119.489159,Unmodified,CAP
LS003611,34.445988,-119.489174,Unmodified,CAP
LS003612,34.446758,-119.489334,Unmodified,CAP
LS003613,34.446682,-119.489273,Unmodified,CAP
LS003614,34.446407,-119.489258,Unmodified,CAP
LS003615,34.446384,-119.489212,Unmodified,CAP
LS003616,34.446209,-119.489151,Unmodified,CAP
LS003617,34.446613,-119.489655,Unmodified,CAP
LS003618,34.447456,-119.489044,Unmodified,CAP
LS003619,34.449574,-119.488991,Unmodified,CAP
LS003620,34.449665,-119.488403,Unmodified,CAP
LS003621,34.450211,-119.488586,Unmodified,CAP
LS003622,34.451015,-119.489342,Unmodified,CAP
LS003623,34.450905,-119.489006,Unmodified,CAP
LS003624,34.450623,-119.489052,Unmodified,CAP
LS003625,34.451225,-119.489326,Unmodified,CAP
LS003626,34.451328,-119.488647,Unmodified,CAP
LS003627,34.451431,-119.489212,Unmodified,CAP
LS003628,34.451744,-119.489777,Unmodified,CAP
LS003629,34.452206,-119.489311,Unmodified,CAP
LS003630,34.452099,-119.489014,Unmodified,CAP
LS003631,34.452103,-119.488586,Unmodified,CAP
LS003632,34.452026,-119.488495,Unmodified,CAP
LS003633,34.451511,-119.488121,Unmodified,CAP
LS003634,34.452480,-119.489479,Unmodified,CAP
LS003635,34.452560,-119.489410,Unmodified,CAP
LS003636,34.452831,-119.489235,Unmodified,CAP
LS003637,34.452759,-119.489090,Unmodified,CAP
LS003638,34.452755,-119.488976,Unmodified,CAP
LS003639,34.452446,-119.488907,Unmodified,CAP
LS003640,34.451740,-119.488800,Unmodified,CAP
LS003641,34.452496,-119.488792,Unmodified,CAP
LS003642,34.452351,-119.488823,Unmodified,CAP
LS003643,34.452168,-119.487984,Unmodified,CAP
LS003644,34.451305,-119.487984,Unmodified,CAP
LS003645,34.450897,-119.488022,Unmodified,CAP
LS003646,34.451416,-119.487251,Unmodified,CAP
LS003647,34.450638,-119.487312,Unmodified,CAP
LS003648,34.451855,-119.487099,Unmodified,CAP
LS003649,34.451992,-119.487274,Unmodified,CAP
LS003650,34.453117,-119.487709,Unmodified,CAP
LS003651,34.452797,-119.487709,Unmodified,CAP
LS003652,34.452858,-119.487198,Unmodified,CAP
LS003653,34.452557,-119.487236,Unmodified,CAP
LS003654,34.452431,-119.487045,Unmodified,CAP
LS003655,34.452602,-119.486763,Unmodified,CAP
LS003656,34.452705,-119.486389,Unmodified,CAP
LS003657,34.452221,-119.486992,Unmodified,CAP
LS003658,34.452549,-119.486298,Unmodified,CAP
LS003659,34.452492,-119.486214,Unmodified,CAP
LS003660,34.451950,-119.486069,Unmodified,CAP
LS003661,34.451218,-119.486450,Unmodified,CAP
LS003662,34.451065,-119.486183,Unmodified,CAP
LS003663,34.450272,-119.486717,Unmodified,CAP
LS003664,34.450203,-119.486893,Unmodified,CAP
LS003665,34.449459,-119.486237,Unmodified,CAP
LS003666,34.450424,-119.486351,Unmodified,CAP
LS003667,34.451160,-119.485771,Unmodified,CAP
LS003668,34.451698,-119.485634,Unmodified,CAP
LS003669,34.451763,-119.485390,Unmodified,CAP
LS003670,34.451794,-119.485229,Unmodified,CAP
LS003671,34.451229,-119.485008,Unmodified,CAP
LS003672,34.451195,-119.484909,Unmodified,CAP
LS003673,34.451099,-119.484825,Unmodified,CAP
LS003674,34.450775,-119.484993,Unmodified,CAP
LS003675,34.450756,-119.484955,Unmodified,CAP
LS003676,34.450630,-119.485252,Unmodified,CAP
LS003677,34.450741,-119.484856,Unmodified,CAP
LS003678,34.450817,-119.484756,Unmodified,CAP
LS003679,34.450672,-119.484909,Unmodified,CAP
LS003680,34.451111,-119.484573,Unmodified,CAP
LS003681,34.451073,-119.484375,Unmodified,CAP
LS003682,34.450901,-119.484138,Unmodified,CAP
LS003683,34.450687,-119.484024,Unmodified,CAP
LS003684,34.450554,-119.483856,Unmodified,CAP
LS003685,34.450573,-119.483963,Unmodified,CAP
LS003686,34.450672,-119.483414,Unmodified,CAP
LS003687,34.450443,-119.483177,Unmodified,CAP
LS003688,34.450127,-119.484001,Unmodified,CAP
LS003689,34.450279,-119.483665,Unmodified,CAP
LS003690,34.450253,-119.483589,Unmodified,CAP
LS003691,34.449757,-119.482880,Unmodified,CAP
LS003692,34.449654,-119.483009,Unmodified,CAP
LS003693,34.449543,-119.483276,Unmodified,CAP
LS003694,34.449554,-119.482803,Unmodified,CAP
LS003695,34.449287,-119.483437,Unmodified,CAP
LS003696,34.449425,-119.484047,Unmodified,CAP
LS003697,34.449352,-119.484146,Unmodified,CAP
LS003698,34.449886,-119.485054,Unmodified,CAP
LS003699,34.449223,-119.485329,Unmodified,CAP
LS003700,34.448914,-119.485191,Unmodified,CAP
LS003701,34.448833,-119.485374,Unmodified,CAP
LS003702,34.448513,-119.484802,Unmodified,CAP
LS003703,34.447636,-119.491760,Unmodified,CAP
LS003704,34.447216,-119.492256,Unmodified,CAP
LS003705,34.447346,-119.492104,Unmodified,CAP
LS003706,34.445698,-119.490280,Unmodified,CAP
LS003707,34.446404,-119.488319,Unmodified,CAP
LS003708,34.446613,-119.488113,Unmodified,CAP
LS003709,34.446220,-119.487534,Unmodified,CAP
LS003710,34.447834,-119.488815,Unmodified,CAP
LS003711,34.447090,-119.487328,Unmodified,CAP
LS003712,34.447182,-119.486984,Unmodified,CAP
LS003713,34.447128,-119.487076,Unmodified,CAP
LS003714,34.447052,-119.486801,Unmodified,CAP
LS003715,34.447334,-119.487526,Unmodified,CAP
LS003716,34.448097,-119.487244,Unmodified,CAP
LS003717,34.447979,-119.487038,Unmodified,CAP
LS003718,34.447758,-119.486412,Unmodified,CAP
LS003719,34.447823,-119.487419,Unmodified,CAP
LS003720,34.448349,-119.487274,Unmodified,CAP
LS003721,34.448505,-119.487045,Unmodified,CAP
LS003722,34.448456,-119.486900,Unmodified,CAP
LS003723,34.448559,-119.486710,Unmodified,CAP
LS003724,34.448471,-119.486603,Unmodified,CAP
LS003725,34.448414,-119.486038,Unmodified,CAP
LS003726,34.448303,-119.485817,Unmodified,CAP
LS003727,34.447468,-119.486244,Unmodified,CAP
LS003728,34.447319,-119.485977,Unmodified,CAP
LS003729,34.446903,-119.485680,Unmodified,CAP
LS003730,34.446697,-119.486038,Unmodified,CAP
LS003731,34.447468,-119.485474,Unmodified,CAP
LS003732,34.447105,-119.485046,Unmodified,CAP
LS003733,34.447186,-119.484650,Unmodified,CAP
LS003734,34.447395,-119.484848,Unmodified,CAP
LS003735,34.447620,-119.485573,Unmodified,CAP
LS003736,34.447533,-119.484810,Unmodified,CAP
LS003737,34.447601,-119.484161,Unmodified,CAP
LS003738,34.447403,-119.484299,Unmodified,CAP
LS003739,34.447563,-119.483833,Unmodified,CAP
LS003740,34.447388,-119.484138,Unmodified,CAP
LS003741,34.447388,-119.483757,Unmodified,CAP
LS003742,34.447525,-119.483589,Unmodified,CAP
LS003743,34.447414,-119.483467,Unmodified,CAP
LS003744,34.447533,-119.483307,Unmodified,CAP
LS003745,34.447479,-119.483154,Unmodified,CAP
LS003746,34.447372,-119.483086,Unmodified,CAP
LS003747,34.447166,-119.483070,Unmodified,CAP
LS003748,34.446934,-119.483002,Unmodified,CAP
LS003749,34.447784,-119.482986,Unmodified,CAP
LS003750,34.448383,-119.483635,Unmodified,CAP
LS003751,34.448502,-119.483093,Unmodified,CAP
LS003752,34.448231,-119.483276,Unmodified,CAP
LS003753,34.448833,-119.483192,Unmodified,CAP
LS003754,34.445126,-119.485046,Unmodified,CAP
LS003755,34.445156,-119.484848,Unmodified,CAP
LS003756,34.445412,-119.482277,Unmodified,CAP
LS003757,34.445232,-119.481186,Unmodified,CAP
LS003758,34.445442,-119.481895,Unmodified,CAP
LS003759,34.445854,-119.481293,Unmodified,CAP
LS003760,34.445408,-119.480202,Unmodified,CAP
LS003761,34.445354,-119.480011,Unmodified,CAP
LS003762,34.445477,-119.479935,Unmodified,CAP
LS003763,34.445129,-119.479836,Unmodified,CAP
LS003764,34.445293,-119.479790,Unmodified,CAP
LS003765,34.445221,-119.479973,Unmodified,CAP
LS003766,34.446186,-119.480583,Unmodified,CAP
LS003767,34.447346,-119.482635,Unmodified,CAP
LS003768,34.447338,-119.482895,Unmodified,CAP
LS003769,34.447884,-119.482521,Unmodified,CAP
LS003770,34.447727,-119.482788,Unmodified,CAP
LS003771,34.447910,-119.482773,Unmodified,CAP
LS003772,34.447166,-119.481071,Unmodified,CAP
LS003773,34.447578,-119.480324,Unmodified,CAP
LS003774,34.448009,-119.480652,Unmodified,CAP
LS003775,34.448029,-119.480743,Unmodified,CAP
LS003776,34.447952,-119.480820,Unmodified,CAP
LS003777,34.447975,-119.480957,Unmodified,CAP
LS003778,34.447872,-119.480583,Unmodified,CAP
LS003779,34.447872,-119.480469,Unmodified,CAP
LS003780,34.447697,-119.480881,Unmodified,CAP
LS003781,34.447662,-119.481087,Unmodified,CAP
LS003782,34.447712,-119.481224,Unmodified,CAP
LS003783,34.447754,-119.481361,Unmodified,CAP
LS003784,34.448345,-119.481514,Unmodified,CAP
LS003785,34.448288,-119.481041,Unmodified,CAP
LS003786,34.448132,-119.481010,Unmodified,CAP
LS003787,34.448025,-119.481117,Unmodified,CAP
LS003788,34.448074,-119.481850,Unmodified,CAP
LS003789,34.448025,-119.481773,Unmodified,CAP
LS003790,34.448563,-119.481468,Unmodified,CAP
LS003791,34.453392,-119.495392,Unmodified,CAP
LS003792,34.453457,-119.495476,Unmodified,CAP
LS003793,34.453712,-119.495140,Unmodified,CAP
LS003794,34.453896,-119.495224,Unmodified,CAP
LS003795,34.453770,-119.494987,Unmodified,CAP
LS003796,34.453396,-119.494827,Unmodified,CAP
LS003797,34.453457,-119.494606,Unmodified,CAP
LS003798,34.453339,-119.495041,Unmodified,CAP
LS003799,34.453583,-119.494591,Unmodified,CAP
LS003800,34.454010,-119.494720,Unmodified,CAP
LS003801,34.453693,-119.494408,Unmodified,CAP
LS003802,34.454426,-119.495148,Unmodified,CAP
LS003803,34.454540,-119.495201,Unmodified,CAP
LS003804,34.454990,-119.495010,Unmodified,CAP
LS003805,34.455147,-119.495316,Unmodified,CAP
LS003806,34.455387,-119.494537,Unmodified,CAP
LS003807,34.454861,-119.494812,Unmodified,CAP
LS003808,34.454525,-119.494125,Unmodified,CAP
LS003809,34.454163,-119.494377,Unmodified,CAP
LS003810,34.453766,-119.494049,Unmodified,CAP
LS003811,34.453564,-119.493851,Unmodified,CAP
LS003812,34.453434,-119.493195,Unmodified,CAP
LS003813,34.453251,-119.494041,Unmodified,CAP
LS003814,34.455921,-119.493507,Unmodified,CAP
LS003815,34.455845,-119.493912,Unmodified,CAP
LS003816,34.455376,-119.493202,Unmodified,CAP
LS003817,34.458382,-119.494324,Unmodified,CAP
LS003818,34.463470,-119.494972,Unmodified,CAP
LS003819,34.462761,-119.494415,Unmodified,CAP
LS003820,34.461773,-119.491890,Unmodified,CAP
LS003821,34.455452,-119.492287,Unmodified,CAP
LS003822,34.455700,-119.491898,Unmodified,CAP
LS003823,34.455856,-119.491127,Unmodified,CAP
LS003824,34.454674,-119.491165,Unmodified,CAP
LS003825,34.454746,-119.489952,Unmodified,CAP
LS003826,34.454472,-119.490578,Unmodified,CAP
LS003827,34.454437,-119.490143,Unmodified,CAP
LS003828,34.453911,-119.491745,Unmodified,CAP
LS003829,34.453896,-119.491623,Unmodified,CAP
LS003830,34.453876,-119.491234,Unmodified,CAP
LS003831,34.454063,-119.490562,Unmodified,CAP
LS003832,34.454342,-119.489677,Unmodified,CAP
LS003833,34.454014,-119.489708,Unmodified,CAP
LS003834,34.453945,-119.489357,Unmodified,CAP
LS003835,34.453613,-119.489319,Unmodified,CAP
LS003836,34.453403,-119.489090,Unmodified,CAP
LS003837,34.459076,-119.492622,Unmodified,CAP
LS003838,34.459400,-119.491859,Unmodified,CAP
LS003839,34.458660,-119.490349,Unmodified,CAP
LS003840,34.458763,-119.490158,Unmodified,CAP
LS003841,34.461979,-119.490570,Unmodified,CAP
LS003842,34.463326,-119.490639,Unmodified,CAP
LS003843,34.463573,-119.487244,Unmodified,CAP
LS003844,34.461639,-119.488594,Unmodified,CAP
LS003845,34.461849,-119.488434,Unmodified,CAP
LS003846,34.461922,-119.488472,Unmodified,CAP
LS003847,34.462402,-119.489037,Unmodified,CAP
LS003848,34.463032,-119.488762,Unmodified,CAP
LS003849,34.460945,-119.487885,Unmodified,CAP
LS003850,34.460636,-119.487595,Unmodified,CAP
LS003851,34.462486,-119.486443,Unmodified,CAP
LS003852,34.463524,-119.486526,Unmodified,CAP
LS003853,34.460434,-119.486359,Unmodified,CAP
LS003854,34.459053,-119.486671,Unmodified,CAP
LS003855,34.458698,-119.486931,Unmodified,CAP
LS003856,34.458664,-119.486717,Unmodified,CAP
LS003857,34.458542,-119.486687,Unmodified,CAP
LS003858,34.460587,-119.485046,Unmodified,CAP
LS003859,34.462055,-119.483269,Unmodified,CAP
LS003860,34.462440,-119.483269,Unmodified,CAP
LS003861,34.462479,-119.482605,Unmodified,CAP
LS003862,34.475121,-119.482605,Unmodified,CAP
LS003863,34.460594,-119.481201,Unmodified,CAP
LS003864,34.450714,-119.481445,Unmodified,CAP
LS003865,34.450390,-119.482498,Unmodified,CAP
LS003866,34.450527,-119.482208,Unmodified,CAP
LS003867,34.450851,-119.480736,Unmodified,CAP
LS003868,34.449173,-119.480385,Unmodified,CAP
LS003869,34.449261,-119.480095,Unmodified,CAP
LS003870,34.449310,-119.479897,Unmodified,CAP
LS003871,34.449196,-119.479378,Unmodified,CAP
LS003872,34.447960,-119.480278,Unmodified,CAP
LS003873,34.448105,-119.480125,Unmodified,CAP
LS003874,34.448135,-119.480042,Unmodified,CAP
LS003875,34.447857,-119.480019,Unmodified,CAP
LS003876,34.448139,-119.479721,Unmodified,CAP
LS003877,34.448143,-119.479607,Unmodified,CAP
LS003878,34.448208,-119.479469,Unmodified,CAP
LS003879,34.447758,-119.479515,Unmodified,CAP
LS003880,34.448082,-119.478928,Unmodified,CAP
LS003881,34.448166,-119.478615,Unmodified,CAP
LS003882,34.447945,-119.478683,Unmodified,CAP
LS003883,34.447945,-119.478775,Unmodified,CAP
LS003884,34.448071,-119.479111,Unmodified,CAP
LS003885,34.448044,-119.479210,Unmodified,CAP
LS003886,34.447636,-119.478828,Unmodified,CAP
LS003887,34.447815,-119.478195,Unmodified,CAP
LS003888,34.448227,-119.478302,Unmodified,CAP
LS003889,34.448200,-119.478104,Unmodified,CAP
LS003890,34.445118,-119.479622,Unmodified,CAP
LS003891,34.445141,-119.479050,Unmodified,CAP
LS003892,34.445911,-119.478554,Unmodified,CAP
LS003893,34.445721,-119.478775,Unmodified,CAP
LS003894,34.445740,-119.478683,Unmodified,CAP
LS003895,34.445816,-119.478233,Unmodified,CAP
LS003896,34.445110,-119.477501,Unmodified,CAP
LS003897,34.445015,-119.477470,Unmodified,CAP
LS003898,34.445007,-119.477356,Unmodified,CAP
LS003899,34.445492,-119.476875,Unmodified,CAP
LS003900,34.445385,-119.477203,Unmodified,CAP
LS003901,34.446537,-119.475830,Unmodified,CAP
LS003902,34.446487,-119.475792,Unmodified,CAP
LS003903,34.446049,-119.474533,Unmodified,CAP
LS003904,34.445206,-119.473907,Unmodified,CAP
LS003905,34.445538,-119.472946,Unmodified,CAP
LS003906,34.445240,-119.471130,Unmodified,CAP
LS003907,34.445541,-119.473312,Unmodified,CAP
LS003908,34.445644,-119.473022,Unmodified,CAP
LS003909,34.445480,-119.472664,Unmodified,CAP
LS003910,34.445656,-119.472443,Unmodified,CAP
LS003911,34.445892,-119.472206,Unmodified,CAP
LS003912,34.445732,-119.472038,Unmodified,CAP
LS003913,34.445953,-119.471550,Unmodified,CAP
LS003914,34.446091,-119.470886,Unmodified,CAP
LS003915,34.446518,-119.469986,Unmodified,CAP
LS003916,34.445862,-119.469917,Unmodified,CAP
LS003917,34.445877,-119.470009,Unmodified,CAP
LS003918,34.445553,-119.470421,Unmodified,CAP
LS003919,34.446167,-119.468773,Unmodified,CAP
LS003920,34.446148,-119.468582,Unmodified,CAP
LS003921,34.446262,-119.468506,Unmodified,CAP
LS003922,34.446289,-119.468216,Unmodified,CAP
LS003923,34.444588,-119.468048,Unmodified,CAP
LS003924,34.445339,-119.466980,Unmodified,CAP
LS003925,34.445881,-119.461769,Unmodified,CAP
LS003926,34.448589,-119.462593,Unmodified,CAP
LS003927,34.448563,-119.462219,Unmodified,CAP
LS003928,34.448196,-119.461342,Unmodified,CAP
LS003929,34.448376,-119.461426,Unmodified,CAP
LS003930,34.448547,-119.461113,Unmodified,CAP
LS003931,34.448257,-119.462189,Unmodified,CAP
LS003932,34.448231,-119.462898,Unmodified,CAP
LS003933,34.449116,-119.462524,Unmodified,CAP
LS003934,34.449326,-119.462448,Unmodified,CAP
LS003935,34.449104,-119.463516,Unmodified,CAP
LS003936,34.448708,-119.463737,Unmodified,CAP
LS003937,34.448689,-119.463989,Unmodified,CAP
LS003938,34.448666,-119.464157,Unmodified,CAP
LS003939,34.449558,-119.463951,Unmodified,CAP
LS003940,34.449802,-119.463600,Unmodified,CAP
LS003941,34.449146,-119.464981,Unmodified,CAP
LS003942,34.449894,-119.463219,Unmodified,CAP
LS003943,34.449596,-119.463409,Unmodified,CAP
LS003944,34.449993,-119.463051,Unmodified,CAP
LS003945,34.449963,-119.462944,Unmodified,CAP
LS003946,34.449966,-119.462387,Unmodified,CAP
LS003947,34.449623,-119.462242,Unmodified,CAP
LS003948,34.450165,-119.461655,Unmodified,CAP
LS003949,34.449104,-119.462036,Unmodified,CAP
LS003950,34.449959,-119.461426,Unmodified,CAP
LS003951,34.449848,-119.461334,Unmodified,CAP
LS003952,34.450180,-119.461197,Unmodified,CAP
LS003953,34.450020,-119.460854,Unmodified,CAP
LS003954,34.449867,-119.461014,Unmodified,CAP
LS003955,34.449642,-119.461296,Unmodified,CAP
LS003956,34.450092,-119.463631,Unmodified,CAP
LS003957,34.450054,-119.465218,Unmodified,CAP
LS003958,34.450367,-119.465302,Unmodified,CAP
LS003959,34.450493,-119.465431,Unmodified,CAP
LS003960,34.450756,-119.466080,Unmodified,CAP
LS003961,34.450771,-119.467056,Unmodified,CAP
LS003962,34.450459,-119.468040,Unmodified,CAP
LS003963,34.450375,-119.467583,Unmodified,CAP
LS003964,34.450169,-119.467842,Unmodified,CAP
LS003965,34.449577,-119.467598,Unmodified,CAP
LS003966,34.449673,-119.467903,Unmodified,CAP
LS003967,34.449848,-119.468231,Unmodified,CAP
LS003968,34.449902,-119.468704,Unmodified,CAP
LS003969,34.449284,-119.469070,Unmodified,CAP
LS003970,34.449203,-119.469055,Unmodified,CAP
LS003971,34.449116,-119.469086,Unmodified,CAP
LS003972,34.448704,-119.469139,Unmodified,CAP
LS003973,34.448231,-119.469704,Unmodified,CAP
LS003974,34.449181,-119.469521,Unmodified,CAP
LS003975,34.448891,-119.469650,Unmodified,CAP
LS003976,34.449108,-119.469765,Unmodified,CAP
LS003977,34.449226,-119.469925,Unmodified,CAP
LS003978,34.448814,-119.470215,Unmodified,CAP
LS003979,34.448841,-119.470322,Unmodified,CAP
LS003980,34.448471,-119.470757,Unmodified,CAP
LS003981,34.449001,-119.470413,Unmodified,CAP
LS003982,34.448708,-119.470703,Unmodified,CAP
LS003983,34.448486,-119.470650,Unmodified,CAP
LS003984,34.448402,-119.470924,Unmodified,CAP
LS003985,34.448338,-119.471153,Unmodified,CAP
LS003986,34.449028,-119.470848,Unmodified,CAP
LS003987,34.449375,-119.470001,Unmodified,CAP
LS003988,34.449425,-119.470131,Unmodified,CAP
LS003989,34.449474,-119.470314,Unmodified,CAP
LS003990,34.449463,-119.470673,Unmodified,CAP
LS003991,34.449581,-119.471008,Unmodified,CAP
LS003992,34.449600,-119.471184,Unmodified,CAP
LS003993,34.449459,-119.471794,Unmodified,CAP
LS003994,34.448986,-119.471954,Unmodified,CAP
LS003995,34.448818,-119.472443,Unmodified,CAP
LS003996,34.448738,-119.472534,Unmodified,CAP
LS003997,34.448784,-119.472672,Unmodified,CAP
LS003998,34.448647,-119.472893,Unmodified,CAP
LS003999,34.448486,-119.472672,Unmodified,CAP
LS004000,34.448380,-119.472969,Unmodified,CAP
LS004001,34.448269,-119.473053,Unmodified,CAP
LS004002,34.448437,-119.473038,Unmodified,CAP
LS004003,34.448807,-119.473000,Unmodified,CAP
LS004004,34.448750,-119.473152,Unmodified,CAP
LS004005,34.448425,-119.473381,Unmodified,CAP
LS004006,34.448120,-119.472260,Unmodified,CAP
LS004007,34.448433,-119.473473,Unmodified,CAP
LS004008,34.448612,-119.473564,Unmodified,CAP
LS004009,34.448181,-119.473686,Unmodified,CAP
LS004010,34.448208,-119.473824,Unmodified,CAP
LS004011,34.448029,-119.474220,Unmodified,CAP
LS004012,34.448387,-119.474411,Unmodified,CAP
LS004013,34.447826,-119.472878,Unmodified,CAP
LS004014,34.447834,-119.473465,Unmodified,CAP
LS004015,34.448071,-119.474747,Unmodified,CAP
LS004016,34.448200,-119.475113,Unmodified,CAP
LS004017,34.448021,-119.475166,Unmodified,CAP
LS004018,34.447628,-119.474838,Unmodified,CAP
LS004019,34.447636,-119.474571,Unmodified,CAP
LS004020,34.447716,-119.475105,Unmodified,CAP
LS004021,34.447571,-119.475792,Unmodified,CAP
LS004022,34.447720,-119.475731,Unmodified,CAP
LS004023,34.448006,-119.475594,Unmodified,CAP
LS004024,34.448055,-119.475525,Unmodified,CAP
LS004025,34.448196,-119.475426,Unmodified,CAP
LS004026,34.448112,-119.475906,Unmodified,CAP
LS004027,34.448257,-119.475838,Unmodified,CAP
LS004028,34.448658,-119.475807,Unmodified,CAP
LS004029,34.448273,-119.477043,Unmodified,CAP
LS004030,34.448486,-119.476784,Unmodified,CAP
LS004031,34.449272,-119.475563,Unmodified,CAP
LS004032,34.449059,-119.475960,Unmodified,CAP
LS004033,34.449081,-119.476479,Unmodified,CAP
LS004034,34.449478,-119.476761,Unmodified,CAP
LS004035,34.449318,-119.476311,Unmodified,CAP
LS004036,34.449429,-119.476959,Unmodified,CAP
LS004037,34.449539,-119.476410,Unmodified,CAP
LS004038,34.448944,-119.478043,Unmodified,CAP
LS004039,34.449280,-119.478523,Unmodified,CAP
LS004040,34.449635,-119.478615,Unmodified,CAP
LS004041,34.449844,-119.478615,Unmodified,CAP
LS004042,34.449879,-119.478401,Unmodified,CAP
LS004043,34.450096,-119.478729,Unmodified,CAP
LS004044,34.450371,-119.478920,Unmodified,CAP
LS004045,34.450497,-119.479652,Unmodified,CAP
LS004046,34.450615,-119.476822,Unmodified,CAP
LS004047,34.450626,-119.476501,Unmodified,CAP
LS004048,34.450710,-119.476372,Unmodified,CAP
LS004049,34.450527,-119.476135,Unmodified,CAP
LS004050,34.450657,-119.475655,Unmodified,CAP
LS004051,34.449272,-119.475761,Unmodified,CAP
LS004052,34.450405,-119.474876,Unmodified,CAP
LS004053,34.450150,-119.474121,Unmodified,CAP
LS004054,34.449978,-119.474136,Unmodified,CAP
LS004055,34.449863,-119.473732,Unmodified,CAP
LS004056,34.449791,-119.473785,Unmodified,CAP
LS004057,34.449966,-119.473259,Unmodified,CAP
LS004058,34.449669,-119.473480,Unmodified,CAP
LS004059,34.449825,-119.472984,Unmodified,CAP
LS004060,34.449646,-119.472778,Unmodified,CAP
LS004061,34.449982,-119.471886,Unmodified,CAP
LS004062,34.450405,-119.472275,Unmodified,CAP
LS004063,34.450500,-119.472923,Unmodified,CAP
LS004064,34.450142,-119.471855,Unmodified,CAP
LS004065,34.451366,-119.471565,Unmodified,CAP
LS004066,34.451485,-119.471184,Unmodified,CAP
LS004067,34.451328,-119.471649,Unmodified,CAP
LS004068,34.450840,-119.469368,Unmodified,CAP
LS004069,34.451374,-119.469551,Unmodified,CAP
LS004070,34.451534,-119.469749,Unmodified,CAP
LS004071,34.451622,-119.469696,Unmodified,CAP
LS004072,34.451775,-119.469704,Unmodified,CAP
LS004073,34.452091,-119.471115,Unmodified,CAP
LS004074,34.452168,-119.471306,Unmodified,CAP
LS004075,34.451939,-119.471367,Unmodified,CAP
LS004076,34.452194,-119.470970,Unmodified,CAP
LS004077,34.452332,-119.470932,Unmodified,CAP
LS004078,34.452427,-119.470581,Unmodified,CAP
LS004079,34.452259,-119.470100,Unmodified,CAP
LS004080,34.452217,-119.469849,Unmodified,CAP
LS004081,34.452541,-119.470116,Unmodified,CAP
LS004082,34.452419,-119.470863,Unmodified,CAP
LS004083,34.452000,-119.462410,Unmodified,CAP
LS004084,34.452660,-119.462990,Unmodified,CAP
LS004085,34.452911,-119.463127,Unmodified,CAP
LS004086,34.452946,-119.463249,Unmodified,CAP
LS004087,34.452995,-119.463768,Unmodified,CAP
LS004088,34.453091,-119.464546,Unmodified,CAP
LS004089,34.452927,-119.464325,Unmodified,CAP
LS004090,34.452969,-119.464111,Unmodified,CAP
LS004091,34.452847,-119.465591,Unmodified,CAP
LS004092,34.452984,-119.465553,Unmodified,CAP
LS004093,34.453075,-119.465424,Unmodified,CAP
LS004094,34.453068,-119.465073,Unmodified,CAP
LS004095,34.452332,-119.464958,Unmodified,CAP
LS004096,34.452316,-119.465271,Unmodified,CAP
LS004097,34.452106,-119.465523,Unmodified,CAP
LS004098,34.452362,-119.465736,Unmodified,CAP
LS004099,34.452244,-119.465950,Unmodified,CAP
LS004100,34.452244,-119.466049,Unmodified,CAP
LS004101,34.452087,-119.466179,Unmodified,CAP
LS004102,34.452061,-119.466354,Unmodified,CAP
LS004103,34.452282,-119.466202,Unmodified,CAP
LS004104,34.452408,-119.466164,Unmodified,CAP
LS004105,34.452579,-119.466278,Unmodified,CAP
LS004106,34.452515,-119.466400,Unmodified,CAP
LS004107,34.452557,-119.466415,Unmodified,CAP
LS004108,34.452347,-119.466606,Unmodified,CAP
LS004109,34.452873,-119.466232,Unmodified,CAP
LS004110,34.453075,-119.466492,Unmodified,CAP
LS004111,34.452393,-119.466904,Unmodified,CAP
LS004112,34.452724,-119.466690,Unmodified,CAP
LS004113,34.453098,-119.466705,Unmodified,CAP
LS004114,34.453323,-119.466438,Unmodified,CAP
LS004115,34.453278,-119.466843,Unmodified,CAP
LS004116,34.453827,-119.467049,Unmodified,CAP
LS004117,34.453629,-119.467529,Unmodified,CAP
LS004118,34.453476,-119.467148,Unmodified,CAP
LS004119,34.453255,-119.467773,Unmodified,CAP
LS004120,34.452835,-119.467690,Unmodified,CAP
LS004121,34.453812,-119.467789,Unmodified,CAP
LS004122,34.453766,-119.467918,Unmodified,CAP
LS004123,34.453232,-119.467957,Unmodified,CAP
LS004124,34.453121,-119.468117,Unmodified,CAP
LS004125,34.453400,-119.468285,Unmodified,CAP
LS004126,34.453808,-119.468323,Unmodified,CAP
LS004127,34.453815,-119.468216,Unmodified,CAP
LS004128,34.453781,-119.468163,Unmodified,CAP
LS004129,34.453655,-119.468002,Unmodified,CAP
LS004130,34.452999,-119.467346,Unmodified,CAP
LS004131,34.452984,-119.468300,Unmodified,CAP
LS004132,34.453236,-119.468590,Unmodified,CAP
LS004133,34.453903,-119.468552,Unmodified,CAP
LS004134,34.453701,-119.468864,Unmodified,CAP
LS004135,34.453236,-119.469261,Unmodified,CAP
LS004136,34.453999,-119.469643,Unmodified,CAP
LS004137,34.454586,-119.469788,Unmodified,CAP
LS004138,34.454475,-119.469612,Unmodified,CAP
LS004139,34.454350,-119.470284,Unmodified,CAP
LS004140,34.454426,-119.469963,Unmodified,CAP
LS004141,34.451523,-119.471710,Unmodified,CAP
LS004142,34.451744,-119.471748,Unmodified,CAP
LS004143,34.452785,-119.471344,Unmodified,CAP
LS004144,34.452538,-119.471123,Unmodified,CAP
LS004145,34.452827,-119.470947,Unmodified,CAP
LS004146,34.453056,-119.470795,Unmodified,CAP
LS004147,34.453316,-119.470497,Unmodified,CAP
LS004148,34.453426,-119.470627,Unmodified,CAP
LS004149,34.453285,-119.470413,Unmodified,CAP
LS004150,34.453228,-119.471245,Unmodified,CAP
LS004151,34.453308,-119.471375,Unmodified,CAP
LS004152,34.453312,-119.471519,Unmodified,CAP
LS004153,34.453712,-119.471146,Unmodified,CAP
LS004154,34.453663,-119.471527,Unmodified,CAP
LS004155,34.454418,-119.470917,Unmodified,CAP
LS004156,34.454521,-119.471535,Unmodified,CAP
LS004157,34.453804,-119.471947,Unmodified,CAP
LS004158,34.454002,-119.472290,Unmodified,CAP
LS004159,34.454075,-119.472153,Unmodified,CAP
LS004160,34.453632,-119.472046,Unmodified,CAP
LS004161,34.453289,-119.472198,Unmodified,CAP
LS004162,34.453728,-119.472397,Unmodified,CAP
LS004163,34.453388,-119.472458,Unmodified,CAP
LS004164,34.453247,-119.472443,Unmodified,CAP
LS004165,34.453571,-119.472565,Unmodified,CAP
LS004166,34.454082,-119.472626,Unmodified,CAP
LS004167,34.453842,-119.472549,Unmodified,CAP
LS004168,34.453979,-119.472519,Unmodified,CAP
LS004169,34.454021,-119.472748,Unmodified,CAP
LS004170,34.454021,-119.472885,Unmodified,CAP
LS004171,34.453651,-119.473015,Unmodified,CAP
LS004172,34.453487,-119.473091,Unmodified,CAP
LS004173,34.453808,-119.473564,Unmodified,CAP
LS004174,34.453743,-119.473656,Unmodified,CAP
LS004175,34.453224,-119.473175,Unmodified,CAP
LS004176,34.453041,-119.473358,Unmodified,CAP
LS004177,34.452919,-119.473366,Unmodified,CAP
LS004178,34.452751,-119.473305,Unmodified,CAP
LS004179,34.452919,-119.472664,Unmodified,CAP
LS004180,34.453037,-119.472466,Unmodified,CAP
LS004181,34.452896,-119.472481,Unmodified,CAP
LS004182,34.452801,-119.472862,Unmodified,CAP
LS004183,34.452682,-119.472717,Unmodified,CAP
LS004184,34.452438,-119.473625,Unmodified,CAP
LS004185,34.453182,-119.474068,Unmodified,CAP
LS004186,34.452820,-119.474396,Unmodified,CAP
LS004187,34.452888,-119.474266,Unmodified,CAP
LS004188,34.452934,-119.474144,Unmodified,CAP
LS004189,34.452602,-119.474808,Unmodified,CAP
LS004190,34.452168,-119.474701,Unmodified,CAP
LS004191,34.451916,-119.474724,Unmodified,CAP
LS004192,34.451813,-119.474579,Unmodified,CAP
LS004193,34.452278,-119.474998,Unmodified,CAP
LS004194,34.452553,-119.474724,Unmodified,CAP
LS004195,34.452267,-119.475143,Unmodified,CAP
LS004196,34.452240,-119.475296,Unmodified,CAP
LS004197,34.452656,-119.475235,Unmodified,CAP
LS004198,34.453064,-119.474724,Unmodified,CAP
LS004199,34.453045,-119.474998,Unmodified,CAP
LS004200,34.451572,-119.475769,Unmodified,CAP
LS004201,34.451931,-119.475914,Unmodified,CAP
LS004202,34.451653,-119.476563,Unmodified,CAP
LS004203,34.453735,-119.477631,Unmodified,CAP
LS004204,34.452820,-119.478157,Unmodified,CAP
LS004205,34.452541,-119.477745,Unmodified,CAP
LS004206,34.452129,-119.477707,Unmodified,CAP
LS004207,34.451870,-119.477638,Unmodified,CAP
LS004208,34.452030,-119.477676,Unmodified,CAP
LS004209,34.452991,-119.476303,Unmodified,CAP
LS004210,34.453434,-119.475044,Unmodified,CAP
LS004211,34.453499,-119.474762,Unmodified,CAP
LS004212,34.453457,-119.474541,Unmodified,CAP
LS004213,34.453312,-119.474480,Unmodified,CAP
LS004214,34.453182,-119.474785,Unmodified,CAP
LS004215,34.453865,-119.474281,Unmodified,CAP
LS004216,34.453804,-119.474403,Unmodified,CAP
LS004217,34.454170,-119.474480,Unmodified,CAP
LS004218,34.454178,-119.474915,Unmodified,CAP
LS004219,34.454239,-119.474998,Unmodified,CAP
LS004220,34.454327,-119.475105,Unmodified,CAP
LS004221,34.454262,-119.476288,Unmodified,CAP
LS004222,34.453407,-119.478287,Unmodified,CAP
LS004223,34.453133,-119.478539,Unmodified,CAP
LS004224,34.453239,-119.478661,Unmodified,CAP
LS004225,34.453976,-119.478325,Unmodified,CAP
LS004226,34.453884,-119.478325,Unmodified,CAP
LS004227,34.454041,-119.478104,Unmodified,CAP
LS004228,34.454021,-119.477997,Unmodified,CAP
LS004229,34.453152,-119.478928,Unmodified,CAP
LS004230,34.453255,-119.478867,Unmodified,CAP
LS004231,34.453411,-119.478882,Unmodified,CAP
LS004232,34.453823,-119.479782,Unmodified,CAP
LS004233,34.453377,-119.479477,Unmodified,CAP
LS004234,34.453262,-119.479759,Unmodified,CAP
LS004235,34.454182,-119.479820,Unmodified,CAP
LS004236,34.454208,-119.479561,Unmodified,CAP
LS004237,34.454086,-119.479782,Unmodified,CAP
LS004238,34.454224,-119.479393,Unmodified,CAP
LS004239,34.454098,-119.479965,Unmodified,CAP
LS004240,34.454147,-119.480072,Unmodified,CAP
LS004241,34.453800,-119.480247,Unmodified,CAP
LS004242,34.453690,-119.480087,Unmodified,CAP
LS004243,34.453465,-119.480255,Unmodified,CAP
LS004244,34.453640,-119.480515,Unmodified,CAP
LS004245,34.453735,-119.480637,Unmodified,CAP
LS004246,34.453190,-119.480484,Unmodified,CAP
LS004247,34.453529,-119.480576,Unmodified,CAP
LS004248,34.453392,-119.480591,Unmodified,CAP
LS004249,34.453255,-119.480736,Unmodified,CAP
LS004250,34.453850,-119.480843,Unmodified,CAP
LS004251,34.453724,-119.481071,Unmodified,CAP
LS004252,34.453869,-119.481201,Unmodified,CAP
LS004253,34.453846,-119.481529,Unmodified,CAP
LS004254,34.454533,-119.480141,Unmodified,CAP
LS004255,34.454983,-119.480835,Unmodified,CAP
LS004256,34.455009,-119.480469,Unmodified,CAP
LS004257,34.455009,-119.479546,Unmodified,CAP
LS004258,34.454563,-119.481682,Unmodified,CAP
LS004259,34.454266,-119.481491,Unmodified,CAP
LS004260,34.454212,-119.481377,Unmodified,CAP
LS004261,34.454113,-119.481316,Unmodified,CAP
LS004262,34.454910,-119.481735,Unmodified,CAP
LS004263,34.454498,-119.482025,Unmodified,CAP
LS004264,34.454540,-119.482170,Unmodified,CAP
LS004265,34.454292,-119.482346,Unmodified,CAP
LS004266,34.454308,-119.482491,Unmodified,CAP
LS004267,34.454926,-119.482559,Unmodified,CAP
LS004268,34.454933,-119.482750,Unmodified,CAP
LS004269,34.454433,-119.483109,Unmodified,CAP
LS004270,34.456215,-119.488029,Unmodified,CAP
LS004271,34.456036,-119.486603,Unmodified,CAP
LS004272,34.455715,-119.490433,Unmodified,CAP
LS004273,34.454380,-119.479462,Unmodified,CAP
LS004274,34.454823,-119.479576,Unmodified,CAP
LS004275,34.454884,-119.479446,Unmodified,CAP
LS004276,34.455006,-119.479378,Unmodified,CAP
LS004277,34.454857,-119.479294,Unmodified,CAP
LS004278,34.454998,-119.479248,Unmodified,CAP
LS004279,34.454872,-119.479050,Unmodified,CAP
LS004280,34.454201,-119.475723,Unmodified,CAP
LS004281,34.454243,-119.476570,Unmodified,CAP
LS004282,34.454227,-119.478035,Unmodified,CAP
LS004283,34.454872,-119.478783,Unmodified,CAP
LS004284,34.454842,-119.478638,Unmodified,CAP
LS004285,34.454895,-119.478615,Unmodified,CAP
LS004286,34.454964,-119.478630,Unmodified,CAP
LS004287,34.455879,-119.479385,Unmodified,CAP
LS004288,34.455769,-119.479530,Unmodified,CAP
LS004289,34.455799,-119.480804,Unmodified,CAP
LS004290,34.455135,-119.478470,Unmodified,CAP
LS004291,34.455196,-119.478615,Unmodified,CAP
LS004292,34.455444,-119.478317,Unmodified,CAP
LS004293,34.455296,-119.478043,Unmodified,CAP
LS004294,34.455311,-119.477928,Unmodified,CAP
LS004295,34.455784,-119.478546,Unmodified,CAP
LS004296,34.455978,-119.478745,Unmodified,CAP
LS004297,34.456280,-119.478584,Unmodified,CAP
LS004298,34.456051,-119.478516,Unmodified,CAP
LS004299,34.456333,-119.478439,Unmodified,CAP
LS004300,34.456268,-119.478424,Unmodified,CAP
LS004301,34.456432,-119.478767,Unmodified,CAP
LS004302,34.456638,-119.479630,Unmodified,CAP
LS004303,34.456619,-119.479103,Unmodified,CAP
LS004304,34.456493,-119.479301,Unmodified,CAP
LS004305,34.456562,-119.478462,Unmodified,CAP
LS004306,34.456871,-119.477234,Unmodified,CAP
LS004307,34.455662,-119.477257,Unmodified,CAP
LS004308,34.455692,-119.476822,Unmodified,CAP
LS004309,34.455933,-119.476730,Unmodified,CAP
LS004310,34.455132,-119.476532,Unmodified,CAP
LS004311,34.455040,-119.476471,Unmodified,CAP
LS004312,34.455242,-119.477272,Unmodified,CAP
LS004313,34.455517,-119.477478,Unmodified,CAP
LS004314,34.455029,-119.477272,Unmodified,CAP
LS004315,34.456791,-119.476646,Unmodified,CAP
LS004316,34.456730,-119.476166,Unmodified,CAP
LS004317,34.456654,-119.475952,Unmodified,CAP
LS004318,34.456367,-119.476540,Unmodified,CAP
LS004319,34.456303,-119.476097,Unmodified,CAP
LS004320,34.457214,-119.475365,Unmodified,CAP
LS004321,34.456886,-119.475319,Unmodified,CAP
LS004322,34.456516,-119.475609,Unmodified,CAP
LS004323,34.455994,-119.475632,Unmodified,CAP
LS004324,34.456116,-119.475609,Unmodified,CAP
LS004325,34.456421,-119.475471,Unmodified,CAP
LS004326,34.456661,-119.475174,Unmodified,CAP
LS004327,34.456024,-119.475075,Unmodified,CAP
LS004328,34.456661,-119.474785,Unmodified,CAP
LS004329,34.456219,-119.475006,Unmodified,CAP
LS004330,34.456909,-119.474060,Unmodified,CAP
LS004331,34.456573,-119.473969,Unmodified,CAP
LS004332,34.456371,-119.473701,Unmodified,CAP
LS004333,34.456142,-119.474136,Unmodified,CAP
LS004334,34.455982,-119.473373,Unmodified,CAP
LS004335,34.456238,-119.473419,Unmodified,CAP
LS004336,34.456310,-119.473381,Unmodified,CAP
LS004337,34.456627,-119.472694,Unmodified,CAP
LS004338,34.457115,-119.473526,Unmodified,CAP
LS004339,34.456757,-119.472488,Unmodified,CAP
LS004340,34.456173,-119.472244,Unmodified,CAP
LS004341,34.456726,-119.472343,Unmodified,CAP
LS004342,34.456875,-119.471832,Unmodified,CAP
LS004343,34.455524,-119.472351,Unmodified,CAP
LS004344,34.455433,-119.472298,Unmodified,CAP
LS004345,34.454876,-119.471642,Unmodified,CAP
LS004346,34.453918,-119.461876,Unmodified,CAP
LS004347,34.455540,-119.462852,Unmodified,CAP
LS004348,34.456017,-119.463120,Unmodified,CAP
LS004349,34.456005,-119.463211,Unmodified,CAP
LS004350,34.455738,-119.463020,Unmodified,CAP
LS004351,34.456120,-119.463943,Unmodified,CAP
LS004352,34.456280,-119.463913,Unmodified,CAP
LS004353,34.456123,-119.464195,Unmodified,CAP
LS004354,34.455849,-119.464302,Unmodified,CAP
LS004355,34.455360,-119.464005,Unmodified,CAP
LS004356,34.454464,-119.464066,Unmodified,CAP
LS004357,34.454311,-119.464645,Unmodified,CAP
LS004358,34.454285,-119.464798,Unmodified,CAP
LS004359,34.454876,-119.464630,Unmodified,CAP
LS004360,34.454922,-119.464775,Unmodified,CAP
LS004361,34.454773,-119.465012,Unmodified,CAP
LS004362,34.456097,-119.465042,Unmodified,CAP
LS004363,34.455769,-119.465050,Unmodified,CAP
LS004364,34.455185,-119.465492,Unmodified,CAP
LS004365,34.455338,-119.465553,Unmodified,CAP
LS004366,34.455994,-119.465355,Unmodified,CAP
LS004367,34.456013,-119.465454,Unmodified,CAP
LS004368,34.455971,-119.465523,Unmodified,CAP
LS004369,34.455963,-119.465576,Unmodified,CAP
LS004370,34.456028,-119.465714,Unmodified,CAP
LS004371,34.456181,-119.466034,Unmodified,CAP
LS004372,34.455849,-119.466080,Unmodified,CAP
LS004373,34.455200,-119.465942,Unmodified,CAP
LS004374,34.455299,-119.466179,Unmodified,CAP
LS004375,34.455318,-119.466309,Unmodified,CAP
LS004376,34.455341,-119.466629,Unmodified,CAP
LS004377,34.455627,-119.466354,Unmodified,CAP
LS004378,34.455914,-119.466324,Unmodified,CAP
LS004379,34.455536,-119.466766,Unmodified,CAP
LS004380,34.455776,-119.466919,Unmodified,CAP
LS004381,34.455963,-119.467010,Unmodified,CAP
LS004382,34.455963,-119.467201,Unmodified,CAP
LS004383,34.456001,-119.467476,Unmodified,CAP
LS004384,34.456024,-119.467857,Unmodified,CAP
LS004385,34.456554,-119.467171,Unmodified,CAP
LS004386,34.456470,-119.468903,Unmodified,CAP
LS004387,34.456352,-119.468071,Unmodified,CAP
LS004388,34.456154,-119.467957,Unmodified,CAP
LS004389,34.456444,-119.467957,Unmodified,CAP
LS004390,34.456959,-119.468063,Unmodified,CAP
LS004391,34.457523,-119.468224,Unmodified,CAP
LS004392,34.456734,-119.468124,Unmodified,CAP
LS004393,34.456890,-119.468330,Unmodified,CAP
LS004394,34.456791,-119.468262,Unmodified,CAP
LS004395,34.456993,-119.468422,Unmodified,CAP
LS004396,34.457443,-119.468903,Unmodified,CAP
LS004397,34.456512,-119.469139,Unmodified,CAP
LS004398,34.456642,-119.469612,Unmodified,CAP
LS004399,34.456890,-119.471107,Unmodified,CAP
LS004400,34.457405,-119.470093,Unmodified,CAP
LS004401,34.457943,-119.468384,Unmodified,CAP
LS004402,34.457714,-119.468353,Unmodified,CAP
LS004403,34.457760,-119.468437,Unmodified,CAP
LS004404,34.457783,-119.467896,Unmodified,CAP
LS004405,34.457844,-119.467850,Unmodified,CAP
LS004406,34.457806,-119.467712,Unmodified,CAP
LS004407,34.457592,-119.467697,Unmodified,CAP
LS004408,34.458031,-119.467659,Unmodified,CAP
LS004409,34.457989,-119.467308,Unmodified,CAP
LS004410,34.457539,-119.467064,Unmodified,CAP
LS004411,34.457878,-119.466881,Unmodified,CAP
LS004412,34.457863,-119.466789,Unmodified,CAP
LS004413,34.457714,-119.466599,Unmodified,CAP
LS004414,34.457184,-119.466255,Unmodified,CAP
LS004415,34.456825,-119.465935,Unmodified,CAP
LS004416,34.456879,-119.465813,Unmodified,CAP
LS004417,34.457565,-119.465363,Unmodified,CAP
LS004418,34.456768,-119.464806,Unmodified,CAP
LS004419,34.457775,-119.460472,Unmodified,CAP
LS004420,34.457336,-119.460876,Unmodified,CAP
LS004421,34.457184,-119.460785,Unmodified,CAP
LS004422,34.456303,-119.460808,Unmodified,CAP
LS004423,34.459064,-119.462067,Unmodified,CAP
LS004424,34.458843,-119.462120,Unmodified,CAP
LS004425,34.458687,-119.462105,Unmodified,CAP
LS004426,34.458824,-119.461815,Unmodified,CAP
LS004427,34.458969,-119.461708,Unmodified,CAP
LS004428,34.459137,-119.461472,Unmodified,CAP
LS004429,34.459332,-119.461388,Unmodified,CAP
LS004430,34.459362,-119.461090,Unmodified,CAP
LS004431,34.459213,-119.460884,Unmodified,CAP
LS004432,34.459469,-119.460579,Unmodified,CAP
LS004433,34.459553,-119.462334,Unmodified,CAP
LS004434,34.459087,-119.465683,Unmodified,CAP
LS004435,34.459209,-119.465370,Unmodified,CAP
LS004436,34.459423,-119.464432,Unmodified,CAP
LS004437,34.462917,-119.460587,Unmodified,CAP
LS004438,34.462936,-119.461525,Unmodified,CAP
LS004439,34.465202,-119.460663,Unmodified,CAP
LS004440,34.467731,-119.462357,Unmodified,CAP
LS004441,34.466431,-119.463066,Unmodified,CAP
LS004442,34.467796,-119.462906,Unmodified,CAP
LS004443,34.472992,-119.469467,Unmodified,CAP
LS004444,34.469872,-119.468376,Unmodified,CAP
LS004445,34.469696,-119.467903,Unmodified,CAP
LS004446,34.470787,-119.469093,Unmodified,CAP
LS004447,34.468800,-119.485565,Unmodified,CAP
LS004448,34.469818,-119.484238,Unmodified,CAP
LS004449,34.469219,-119.484535,Unmodified,CAP
LS004450,34.470051,-119.477386,Unmodified,CAP
LS004451,34.470261,-119.476967,Unmodified,CAP
LS004452,34.469028,-119.467125,Unmodified,CAP
LS004453,34.465687,-119.465057,Unmodified,CAP
LS004454,34.462044,-119.464676,Unmodified,CAP
LS004455,34.465794,-119.468651,Unmodified,CAP
LS004456,34.465965,-119.469490,Unmodified,CAP
LS004457,34.465794,-119.469398,Unmodified,CAP
LS004458,34.458748,-119.489571,Unmodified,CAP
LS004459,34.466774,-119.470345,Unmodified,CAP
LS004460,34.466263,-119.470070,Unmodified,CAP
LS004461,34.465939,-119.469933,Unmodified,CAP
LS004462,34.466755,-119.470276,Unmodified,CAP
LS004463,34.466801,-119.471123,Unmodified,CAP
LS004464,34.465439,-119.478111,Unmodified,CAP
LS004465,34.465343,-119.477867,Unmodified,CAP
LS004466,34.465508,-119.474586,Unmodified,CAP
LS004467,34.463886,-119.479591,Unmodified,CAP
LS004468,34.463951,-119.480057,Unmodified,CAP
LS004469,34.464527,-119.480713,Unmodified,CAP
LS004470,34.462440,-119.483833,Unmodified,CAP
LS004471,34.462822,-119.484146,Unmodified,CAP
LS004472,34.464951,-119.484604,Unmodified,CAP
LS004473,34.465435,-119.485634,Unmodified,CAP
LS004474,34.465679,-119.484680,Unmodified,CAP
LS004475,34.463505,-119.488678,Unmodified,CAP
LS004476,34.464226,-119.489082,Unmodified,CAP
LS004477,34.457504,-119.482742,Unmodified,CAP
LS004478,34.457298,-119.481743,Unmodified,CAP
LS004479,34.456802,-119.481262,Unmodified,CAP
LS004480,34.459087,-119.480789,Unmodified,CAP
LS004481,34.459595,-119.481361,Unmodified,CAP
LS004482,34.460068,-119.479637,Unmodified,CAP
LS004483,34.459743,-119.479836,Unmodified,CAP
LS004484,34.459209,-119.475098,Unmodified,CAP
LS004485,34.459488,-119.472603,Unmodified,CAP
LS004486,34.459381,-119.472313,Unmodified,CAP
LS004487,34.459633,-119.471512,Unmodified,CAP
LS004488,34.459545,-119.471245,Unmodified,CAP
LS004489,34.461292,-119.470535,Unmodified,CAP
LS004490,34.460907,-119.468842,Unmodified,CAP
LS004491,34.462772,-119.467468,Unmodified,CAP
LS004492,34.443623,-119.497688,Unmodified,CAP
LS004493,34.443455,-119.497566,Unmodified,CAP
LS004494,34.443417,-119.497429,Unmodified,CAP
LS004495,34.443176,-119.497231,Unmodified,CAP
LS004496,34.443127,-119.497192,Unmodified,CAP
LS004497,34.442986,-119.497208,Unmodified,CAP
LS004498,34.443035,-119.497070,Unmodified,CAP
LS004499,34.444130,-119.497139,Unmodified,CAP
LS004500,34.443672,-119.496948,Unmodified,CAP
LS004501,34.443626,-119.497116,Unmodified,CAP
LS004502,34.442989,-119.495850,Unmodified,CAP
LS004503,34.442978,-119.495529,Unmodified,CAP
LS004504,34.442966,-119.495270,Unmodified,CAP
LS004505,34.442711,-119.495384,Unmodified,CAP
LS004506,34.442657,-119.495155,Unmodified,CAP
LS004507,34.442574,-119.495193,Unmodified,CAP
LS004508,34.442848,-119.494957,Unmodified,CAP
LS004509,34.442917,-119.495026,Unmodified,CAP
LS004510,34.443565,-119.495789,Unmodified,CAP
LS004511,34.443481,-119.495445,Unmodified,CAP
LS004512,34.443417,-119.495277,Unmodified,CAP
LS004513,34.443371,-119.495132,Unmodified,CAP
LS004514,34.443310,-119.495018,Unmodified,CAP
LS004515,34.443306,-119.494881,Unmodified,CAP
LS004516,34.444023,-119.495682,Unmodified,CAP
LS004517,34.443977,-119.494888,Unmodified,CAP
LS004518,34.443886,-119.494812,Unmodified,CAP
LS004519,34.443771,-119.494705,Unmodified,CAP
LS004520,34.442616,-119.494850,Unmodified,CAP
LS004521,34.442554,-119.494797,Unmodified,CAP
LS004522,34.443245,-119.494156,Unmodified,CAP
LS004523,34.443195,-119.494095,Unmodified,CAP
LS004524,34.443680,-119.493927,Unmodified,CAP
LS004525,34.444023,-119.493179,Unmodified,CAP
LS004526,34.444038,-119.492493,Unmodified,CAP
LS004527,34.443348,-119.492973,Unmodified,CAP
LS004528,34.443386,-119.492889,Unmodified,CAP
LS004529,34.443348,-119.492683,Unmodified,CAP
LS004530,34.443268,-119.492554,Unmodified,CAP
LS004531,34.443245,-119.492462,Unmodified,CAP
LS004532,34.443108,-119.492210,Unmodified,CAP
LS004533,34.442741,-119.492126,Unmodified,CAP
LS004534,34.442741,-119.492020,Unmodified,CAP
LS004535,34.442757,-119.492340,Unmodified,CAP
LS004536,34.442780,-119.493103,Unmodified,CAP
LS004537,34.442741,-119.492996,Unmodified,CAP
LS004538,34.442532,-119.493172,Unmodified,CAP
LS004539,34.442398,-119.493378,Unmodified,CAP
LS004540,34.442589,-119.493126,Unmodified,CAP
LS004541,34.442547,-119.493477,Unmodified,CAP
LS004542,34.442543,-119.493629,Unmodified,CAP
LS004543,34.442616,-119.493690,Unmodified,CAP
LS004544,34.443344,-119.492035,Unmodified,CAP
LS004545,34.443604,-119.491714,Unmodified,CAP
LS004546,34.443737,-119.491798,Unmodified,CAP
LS004547,34.443279,-119.491425,Unmodified,CAP
LS004548,34.444313,-119.491493,Unmodified,CAP
LS004549,34.443184,-119.491096,Unmodified,CAP
LS004550,34.442665,-119.490021,Unmodified,CAP
LS004551,34.443222,-119.490654,Unmodified,CAP
LS004552,34.443352,-119.490593,Unmodified,CAP
LS004553,34.443058,-119.490257,Unmodified,CAP
LS004554,34.443295,-119.490402,Unmodified,CAP
LS004555,34.443298,-119.490761,Unmodified,CAP
LS004556,34.443035,-119.489883,Unmodified,CAP
LS004557,34.442776,-119.489449,Unmodified,CAP
LS004558,34.443184,-119.489502,Unmodified,CAP
LS004559,34.443748,-119.489754,Unmodified,CAP
LS004560,34.443638,-119.489067,Unmodified,CAP
LS004561,34.444149,-119.488190,Unmodified,CAP
LS004562,34.443928,-119.488396,Unmodified,CAP
LS004563,34.444077,-119.488190,Unmodified,CAP
LS004564,34.443691,-119.487946,Unmodified,CAP
LS004565,34.443745,-119.487801,Unmodified,CAP
LS004566,34.443626,-119.487541,Unmodified,CAP
LS004567,34.443356,-119.487701,Unmodified,CAP
LS004568,34.443424,-119.487335,Unmodified,CAP
LS004569,34.443787,-119.487183,Unmodified,CAP
LS004570,34.443748,-119.487259,Unmodified,CAP
LS004571,34.443726,-119.487282,Unmodified,CAP
LS004572,34.443111,-119.487312,Unmodified,CAP
LS004573,34.443043,-119.487297,Unmodified,CAP
LS004574,34.443008,-119.487373,Unmodified,CAP
LS004575,34.442665,-119.487320,Unmodified,CAP
LS004576,34.442646,-119.487465,Unmodified,CAP
LS004577,34.443913,-119.487076,Unmodified,CAP
LS004578,34.443913,-119.486992,Unmodified,CAP
LS004579,34.443928,-119.486916,Unmodified,CAP
LS004580,34.443790,-119.486725,Unmodified,CAP
LS004581,34.443771,-119.486565,Unmodified,CAP
LS004582,34.444122,-119.486244,Unmodified,CAP
LS004583,34.444595,-119.487549,Unmodified,CAP
LS004584,34.444595,-119.487114,Unmodified,CAP
LS004585,34.444572,-119.487030,Unmodified,CAP
LS004586,34.444405,-119.486595,Unmodified,CAP
LS004587,34.444611,-119.486717,Unmodified,CAP
LS004588,34.444324,-119.486198,Unmodified,CAP
LS004589,34.444252,-119.486153,Unmodified,CAP
LS004590,34.444668,-119.486412,Unmodified,CAP
LS004591,34.444233,-119.486076,Unmodified,CAP
LS004592,34.444164,-119.486000,Unmodified,CAP
LS004593,34.444263,-119.485916,Unmodified,CAP
LS004594,34.444370,-119.485809,Unmodified,CAP
LS004595,34.445210,-119.494049,Unmodified,CAP
LS004596,34.445171,-119.493805,Unmodified,CAP
LS004597,34.445175,-119.493645,Unmodified,CAP
LS004598,34.445053,-119.489349,Unmodified,CAP
LS004599,34.444630,-119.488960,Unmodified,CAP
LS004600,34.444683,-119.489052,Unmodified,CAP
LS004601,34.444740,-119.489220,Unmodified,CAP
LS004602,34.444801,-119.488312,Unmodified,CAP
LS004603,34.444790,-119.488144,Unmodified,CAP
LS004604,34.444920,-119.487679,Unmodified,CAP
LS004605,34.444832,-119.487656,Unmodified,CAP
LS004606,34.444832,-119.487587,Unmodified,CAP
LS004607,34.444672,-119.488037,Unmodified,CAP
LS004608,34.444664,-119.487778,Unmodified,CAP
LS004609,34.444115,-119.485786,Unmodified,CAP
LS004610,34.444130,-119.485687,Unmodified,CAP
LS004611,34.444016,-119.485771,Unmodified,CAP
LS004612,34.443867,-119.485802,Unmodified,CAP
LS004613,34.444279,-119.485199,Unmodified,CAP
LS004614,34.444351,-119.485123,Unmodified,CAP
LS004615,34.444405,-119.485138,Unmodified,CAP
LS004616,34.444447,-119.484886,Unmodified,CAP
LS004617,34.444397,-119.484642,Unmodified,CAP
LS004618,34.444767,-119.485016,Unmodified,CAP
LS004619,34.444515,-119.485039,Unmodified,CAP
LS004620,34.444870,-119.484344,Unmodified,CAP
LS004621,34.444923,-119.484291,Unmodified,CAP
LS004622,34.444988,-119.484085,Unmodified,CAP
LS004623,34.444977,-119.483437,Unmodified,CAP
LS004624,34.444557,-119.483551,Unmodified,CAP
LS004625,34.444767,-119.483170,Unmodified,CAP
LS004626,34.444756,-119.483078,Unmodified,CAP
LS004627,34.444626,-119.483170,Unmodified,CAP
LS004628,34.444508,-119.483101,Unmodified,CAP
LS004629,34.444714,-119.482948,Unmodified,CAP
LS004630,34.444603,-119.482872,Unmodified,CAP
LS004631,34.444546,-119.482788,Unmodified,CAP
LS004632,34.444485,-119.482643,Unmodified,CAP
LS004633,34.444504,-119.482544,Unmodified,CAP
LS004634,34.444298,-119.482307,Unmodified,CAP
LS004635,34.444904,-119.481606,Unmodified,CAP
LS004636,34.445255,-119.481033,Unmodified,CAP
LS004637,34.444630,-119.479477,Unmodified,CAP
LS004638,34.444523,-119.478844,Unmodified,CAP
LS004639,34.443989,-119.478096,Unmodified,CAP
LS004640,34.443981,-119.478745,Unmodified,CAP
LS004641,34.443626,-119.477509,Unmodified,CAP
LS004642,34.443413,-119.477654,Unmodified,CAP
LS004643,34.442795,-119.477859,Unmodified,CAP
LS004644,34.442841,-119.477890,Unmodified,CAP
LS004645,34.442890,-119.477463,Unmodified,CAP
LS004646,34.442162,-119.477112,Unmodified,CAP
LS004647,34.443787,-119.466362,Unmodified,CAP
LS004648,34.444611,-119.467735,Unmodified,CAP
LS004649,34.443661,-119.464699,Unmodified,CAP
LS004650,34.444229,-119.464645,Unmodified,CAP
LS004651,34.442513,-119.464386,Unmodified,CAP
LS004652,34.442287,-119.464050,Unmodified,CAP
LS004653,34.441193,-119.465691,Unmodified,CAP
LS004654,34.441238,-119.465805,Unmodified,CAP
LS004655,34.440403,-119.465363,Unmodified,CAP
LS004656,34.440865,-119.465240,Unmodified,CAP
LS004657,34.441109,-119.468353,Unmodified,CAP
LS004658,34.440193,-119.468025,Unmodified,CAP
LS004659,34.440792,-119.467262,Unmodified,CAP
LS004660,34.441978,-119.468742,Unmodified,CAP
LS004661,34.441814,-119.471222,Unmodified,CAP
LS004662,34.442535,-119.471230,Unmodified,CAP
LS004663,34.442169,-119.473358,Unmodified,CAP
LS004664,34.442204,-119.474426,Unmodified,CAP
LS004665,34.441811,-119.476265,Unmodified,CAP
LS004666,34.442436,-119.479767,Unmodified,CAP
LS004667,34.442863,-119.479652,Unmodified,CAP
LS004668,34.443245,-119.480492,Unmodified,CAP
LS004669,34.443451,-119.480644,Unmodified,CAP
LS004670,34.443371,-119.481163,Unmodified,CAP
LS004671,34.443790,-119.481255,Unmodified,CAP
LS004672,34.443707,-119.481415,Unmodified,CAP
LS004673,34.443577,-119.481590,Unmodified,CAP
LS004674,34.443153,-119.481598,Unmodified,CAP
LS004675,34.443558,-119.481758,Unmodified,CAP
LS004676,34.443851,-119.481697,Unmodified,CAP
LS004677,34.443905,-119.481789,Unmodified,CAP
LS004678,34.442657,-119.481094,Unmodified,CAP
LS004679,34.443577,-119.482056,Unmodified,CAP
LS004680,34.443424,-119.482346,Unmodified,CAP
LS004681,34.443531,-119.482414,Unmodified,CAP
LS004682,34.443592,-119.482445,Unmodified,CAP
LS004683,34.443459,-119.483101,Unmodified,CAP
LS004684,34.443634,-119.482925,Unmodified,CAP
LS004685,34.443710,-119.483368,Unmodified,CAP
LS004686,34.443851,-119.483604,Unmodified,CAP
LS004687,34.444035,-119.483765,Unmodified,CAP
LS004688,34.443493,-119.483665,Unmodified,CAP
LS004689,34.443161,-119.483566,Unmodified,CAP
LS004690,34.443077,-119.483467,Unmodified,CAP
LS004691,34.442959,-119.483452,Unmodified,CAP
LS004692,34.443035,-119.483780,Unmodified,CAP
LS004693,34.442532,-119.483521,Unmodified,CAP
LS004694,34.442329,-119.483360,Unmodified,CAP
LS004695,34.442078,-119.483437,Unmodified,CAP
LS004696,34.442081,-119.483322,Unmodified,CAP
LS004697,34.443157,-119.484070,Unmodified,CAP
LS004698,34.443428,-119.484207,Unmodified,CAP
LS004699,34.444027,-119.484741,Unmodified,CAP
LS004700,34.444019,-119.484505,Unmodified,CAP
LS004701,34.444103,-119.484230,Unmodified,CAP
LS004702,34.442112,-119.485474,Unmodified,CAP
LS004703,34.442139,-119.484924,Unmodified,CAP
LS004704,34.442154,-119.484627,Unmodified,CAP
LS004705,34.442017,-119.484718,Unmodified,CAP
LS004706,34.444508,-119.498619,Unmodified,CAP
LS004707,34.444504,-119.498505,Unmodified,CAP
LS004708,34.444447,-119.498451,Unmodified,CAP
LS004709,34.444393,-119.498062,Unmodified,CAP
LS004710,34.444061,-119.498619,Unmodified,CAP
LS004711,34.442379,-119.498970,Unmodified,CAP
LS004712,34.442093,-119.498810,Unmodified,CAP
LS004713,34.442089,-119.499084,Unmodified,CAP
LS004714,34.442162,-119.495422,Unmodified,CAP
LS004715,34.442032,-119.495171,Unmodified,CAP
LS004716,34.442146,-119.489799,Unmodified,CAP
LS004717,34.442520,-119.488045,Unmodified,CAP
LS004718,34.442368,-119.485283,Unmodified,CAP
LS004719,34.441753,-119.482033,Unmodified,CAP
LS004720,34.441868,-119.479935,Unmodified,CAP
LS004721,34.441921,-119.479607,Unmodified,CAP
LS004722,34.441727,-119.478813,Unmodified,CAP
LS004723,34.441422,-119.466789,Unmodified,CAP
LS004724,34.439781,-119.463898,Unmodified,CAP
LS004725,34.439758,-119.463753,Unmodified,CAP
LS004726,34.438648,-119.463768,Unmodified,CAP
LS004727,34.438721,-119.463425,Unmodified,CAP
LS004728,34.438866,-119.463066,Unmodified,CAP
LS004729,34.438591,-119.464920,Unmodified,CAP
LS004730,34.438683,-119.465897,Unmodified,CAP
LS004731,34.438686,-119.467377,Unmodified,CAP
LS004732,34.438011,-119.467163,Unmodified,CAP
LS004733,34.438049,-119.467270,Unmodified,CAP
LS004734,34.438236,-119.468384,Unmodified,CAP
LS004735,34.438644,-119.468315,Unmodified,CAP
LS004736,34.439426,-119.465622,Unmodified,CAP
LS004737,34.439419,-119.472336,Unmodified,CAP
LS004738,34.439159,-119.474838,Unmodified,CAP
LS004739,34.438980,-119.475220,Unmodified,CAP
LS004740,34.440681,-119.477570,Unmodified,CAP
LS004741,34.440666,-119.477081,Unmodified,CAP
LS004742,34.440079,-119.476669,Unmodified,CAP
LS004743,34.439964,-119.476921,Unmodified,CAP
LS004744,34.440208,-119.479195,Unmodified,CAP
LS004745,34.439056,-119.480942,Unmodified,CAP
LS004746,34.439304,-119.480812,Unmodified,CAP
LS004747,34.439365,-119.483330,Unmodified,CAP
LS004748,34.439438,-119.482277,Unmodified,CAP
LS004749,34.439648,-119.482620,Unmodified,CAP
LS004750,34.439342,-119.484100,Unmodified,CAP
LS004751,34.441265,-119.484451,Unmodified,CAP
LS004752,34.441162,-119.484154,Unmodified,CAP
LS004753,34.441921,-119.484917,Unmodified,CAP
LS004754,34.439384,-119.487198,Unmodified,CAP
LS004755,34.439320,-119.487038,Unmodified,CAP
LS004756,34.439091,-119.487221,Unmodified,CAP
LS004757,34.438938,-119.487320,Unmodified,CAP
LS004758,34.440502,-119.486290,Unmodified,CAP
LS004759,34.440365,-119.486366,Unmodified,CAP
LS004760,34.440247,-119.487350,Unmodified,CAP
LS004761,34.440536,-119.488014,Unmodified,CAP
LS004762,34.440022,-119.487579,Unmodified,CAP
LS004763,34.438351,-119.488312,Unmodified,CAP
LS004764,34.438110,-119.486290,Unmodified,CAP
LS004765,34.438301,-119.485535,Unmodified,CAP
LS004766,34.436092,-119.486374,Unmodified,CAP
LS004767,34.438702,-119.483742,Unmodified,CAP
LS004768,34.437664,-119.483383,Unmodified,CAP
LS004769,34.437531,-119.482452,Unmodified,CAP
LS004770,34.438053,-119.480995,Unmodified,CAP
LS004771,34.438480,-119.479408,Unmodified,CAP
LS004772,34.435886,-119.477509,Unmodified,CAP
LS004773,34.436913,-119.476669,Unmodified,CAP
LS004774,34.436825,-119.476669,Unmodified,CAP
LS004775,34.436798,-119.476624,Unmodified,CAP
LS004776,34.437668,-119.477730,Unmodified,CAP
LS004777,34.436523,-119.474915,Unmodified,CAP
LS004778,34.436520,-119.474159,Unmodified,CAP
LS004779,34.435856,-119.473137,Unmodified,CAP
LS004780,34.437675,-119.472610,Unmodified,CAP
LS004781,34.437725,-119.472717,Unmodified,CAP
LS004782,34.437634,-119.472809,Unmodified,CAP
LS004783,34.437618,-119.473022,Unmodified,CAP
LS004784,34.437996,-119.473740,Unmodified,CAP
LS004785,34.437477,-119.471909,Unmodified,CAP
LS004786,34.437931,-119.471207,Unmodified,CAP
LS004787,34.436577,-119.470558,Unmodified,CAP
LS004788,34.436367,-119.470123,Unmodified,CAP
LS004789,34.436481,-119.470047,Unmodified,CAP
LS004790,34.436073,-119.467278,Unmodified,CAP
LS004791,34.435448,-119.464867,Unmodified,CAP
LS004792,34.436668,-119.465889,Unmodified,CAP
LS004793,34.437847,-119.464455,Unmodified,CAP
LS004794,34.437569,-119.465225,Unmodified,CAP
LS004795,34.435852,-119.463066,Unmodified,CAP
LS004796,34.436821,-119.461891,Unmodified,CAP
LS004797,34.434982,-119.465446,Unmodified,CAP
LS004798,34.433670,-119.468834,Unmodified,CAP
LS004799,34.434456,-119.471939,Unmodified,CAP
LS004800,34.434872,-119.470955,Unmodified,CAP
LS004801,34.434105,-119.472717,Unmodified,CAP
LS004802,34.433983,-119.472672,Unmodified,CAP
LS004803,34.433640,-119.472595,Unmodified,CAP
LS004804,34.433559,-119.472427,Unmodified,CAP
LS004805,34.433372,-119.472855,Unmodified,CAP
LS004806,34.433247,-119.472748,Unmodified,CAP
LS004807,34.433132,-119.472832,Unmodified,CAP
LS004808,34.433895,-119.473129,Unmodified,CAP
LS004809,34.433979,-119.472939,Unmodified,CAP
LS004810,34.433609,-119.473541,Unmodified,CAP
LS004811,34.433495,-119.473564,Unmodified,CAP
LS004812,34.433357,-119.473679,Unmodified,CAP
LS004813,34.433167,-119.473709,Unmodified,CAP
LS004814,34.433102,-119.473564,Unmodified,CAP
LS004815,34.433113,-119.473877,Unmodified,CAP
LS004816,34.433048,-119.473969,Unmodified,CAP
LS004817,34.432976,-119.473320,Unmodified,CAP
LS004818,34.433582,-119.474503,Unmodified,CAP
LS004819,34.433449,-119.474388,Unmodified,CAP
LS004820,34.433388,-119.474312,Unmodified,CAP
LS004821,34.433300,-119.474205,Unmodified,CAP
LS004822,34.432770,-119.474152,Unmodified,CAP
LS004823,34.434769,-119.476402,Unmodified,CAP
LS004824,34.434536,-119.476334,Unmodified,CAP
LS004825,34.434338,-119.484505,Unmodified,CAP
LS004826,34.433609,-119.485344,Unmodified,CAP
LS004827,34.433701,-119.485825,Unmodified,CAP
LS004828,34.435280,-119.488495,Unmodified,CAP
LS004829,34.435307,-119.488388,Unmodified,CAP
LS004830,34.435341,-119.488327,Unmodified,CAP
LS004831,34.435268,-119.488190,Unmodified,CAP
LS004832,34.435341,-119.488098,Unmodified,CAP
LS004833,34.435230,-119.487900,Unmodified,CAP
LS004834,34.435207,-119.487701,Unmodified,CAP
LS004835,34.434555,-119.486313,Unmodified,CAP
LS004836,34.433987,-119.486443,Unmodified,CAP
LS004837,34.433270,-119.488220,Unmodified,CAP
LS004838,34.432949,-119.488777,Unmodified,CAP
LS004839,34.432945,-119.488205,Unmodified,CAP
LS004840,34.432846,-119.487968,Unmodified,CAP
LS004841,34.430943,-119.462914,Unmodified,CAP
LS004842,34.431519,-119.464699,Unmodified,CAP
LS004843,34.431381,-119.467278,Unmodified,CAP
LS004844,34.429417,-119.468658,Unmodified,CAP
LS004845,34.432278,-119.470093,Unmodified,CAP
LS004846,34.432281,-119.469925,Unmodified,CAP
LS004847,34.432186,-119.470543,Unmodified,CAP
LS004848,34.431404,-119.470924,Unmodified,CAP
LS004849,34.431416,-119.471130,Unmodified,CAP
LS004850,34.430283,-119.470093,Unmodified,CAP
LS004851,34.430573,-119.475464,Unmodified,CAP
LS004852,34.431259,-119.488190,Unmodified,CAP
LS004853,34.431423,-119.488312,Unmodified,CAP
LS004854,34.432224,-119.487724,Unmodified,CAP
LS004855,34.432121,-119.487671,Unmodified,CAP
LS004856,34.432171,-119.488243,Unmodified,CAP
LS004857,34.432289,-119.488319,Unmodified,CAP
LS004858,34.432377,-119.490494,Unmodified,CAP
LS004859,34.432259,-119.490730,Unmodified,CAP
LS004860,34.432018,-119.491661,Unmodified,CAP
LS004861,34.431858,-119.490990,Unmodified,CAP
LS004862,34.431751,-119.490852,Unmodified,CAP
LS004863,34.431259,-119.495018,Unmodified,CAP
LS004864,34.431900,-119.497559,Unmodified,CAP
LS004865,34.431568,-119.497902,Unmodified,CAP
LS004866,34.431118,-119.497559,Unmodified,CAP
LS004867,34.431080,-119.498535,Unmodified,CAP
LS004868,34.432266,-119.498856,Unmodified,CAP
LS004869,34.428711,-119.496994,Unmodified,CAP
LS004870,34.428886,-119.497505,Unmodified,CAP
LS004871,34.428265,-119.494904,Unmodified,CAP
LS004872,34.428177,-119.494217,Unmodified,CAP
LS004873,34.429531,-119.492554,Unmodified,CAP
LS004874,34.429558,-119.492386,Unmodified,CAP
LS004875,34.429600,-119.492317,Unmodified,CAP
LS004876,34.429436,-119.492195,Unmodified,CAP
LS004877,34.429462,-119.492020,Unmodified,CAP
LS004878,34.429531,-119.491852,Unmodified,CAP
LS004879,34.429184,-119.490700,Unmodified,CAP
LS004880,34.429653,-119.490570,Unmodified,CAP
LS004881,34.429062,-119.489464,Unmodified,CAP
LS004882,34.428467,-119.489601,Unmodified,CAP
LS004883,34.428684,-119.490646,Unmodified,CAP
LS004884,34.428143,-119.489685,Unmodified,CAP
LS004885,34.428078,-119.489166,Unmodified,CAP
LS004886,34.429691,-119.488106,Unmodified,CAP
LS004887,34.429375,-119.487442,Unmodified,CAP
LS004888,34.428696,-119.488144,Modified,CAP
LS004889,34.428719,-119.488235,Modified,CAP
LS004890,34.428524,-119.487762,Modified,CAP
LS004891,34.428417,-119.487427,Modified,CAP
LS004892,34.428238,-119.487160,Modified,CAP
LS004893,34.428082,-119.487061,Modified,CAP
LS004894,34.427998,-119.487038,Modified,CAP
LS004895,34.427792,-119.487389,Modified,CAP
LS004896,34.427704,-119.487427,Modified,CAP
LS004897,34.427647,-119.487442,Modified,CAP
LS004898,34.427589,-119.487450,Modified,CAP
LS004899,34.427834,-119.484512,Unmodified,CAP
LS004900,34.427895,-119.484108,Unmodified,CAP
LS004901,34.427979,-119.483765,Unmodified,CAP
LS004902,34.429237,-119.479568,Unmodified,CAP
LS004903,34.429134,-119.479362,Unmodified,CAP
LS004904,34.427513,-119.479477,Unmodified,CAP
LS004905,34.427448,-119.478676,Unmodified,CAP
LS004906,34.427921,-119.477486,Unmodified,CAP
LS004907,34.427624,-119.473679,Unmodified,CAP
LS004908,34.427418,-119.473656,Unmodified,CAP
LS004909,34.427822,-119.473778,Unmodified,CAP
LS004910,34.427921,-119.473892,Unmodified,CAP
LS004911,34.427910,-119.474228,Unmodified,CAP
LS004912,34.428097,-119.474281,Unmodified,CAP
LS004913,34.428265,-119.474098,Unmodified,CAP
LS004914,34.428226,-119.474586,Unmodified,CAP
LS004915,34.427464,-119.473274,Unmodified,CAP
LS004916,34.428631,-119.471748,Unmodified,CAP
LS004917,34.428711,-119.471382,Unmodified,CAP
LS004918,34.429440,-119.471893,Unmodified,CAP
LS004919,34.427509,-119.469322,Unmodified,CAP
LS004920,34.427334,-119.469154,Unmodified,CAP
LS004921,34.427219,-119.469116,Unmodified,CAP
LS004922,34.428421,-119.469345,Unmodified,CAP
LS004923,34.427864,-119.468391,Unmodified,CAP
LS004924,34.427620,-119.467651,Unmodified,CAP
LS004925,34.427574,-119.467583,Unmodified,CAP
LS004926,34.427467,-119.467148,Unmodified,CAP
LS004927,34.427219,-119.466835,Unmodified,CAP
LS004928,34.427013,-119.466438,Unmodified,CAP
LS004929,34.429039,-119.466667,Unmodified,CAP
LS004930,34.429665,-119.466904,Unmodified,CAP
LS004931,34.428455,-119.465225,Unmodified,CAP
LS004932,34.428005,-119.462685,Unmodified,CAP
LS004933,34.427971,-119.462891,Unmodified,CAP
LS004934,34.428013,-119.463493,Unmodified,CAP
LS004935,34.429131,-119.461990,Unmodified,CAP
LS004936,34.427631,-119.462196,Unmodified,CAP
LS004937,34.425861,-119.497940,-9999,CAP
LS004938,34.428524,-119.497002,Unmodified,CAP
LS004939,34.428349,-119.495834,Unmodified,CAP
LS004940,34.425793,-119.486359,Unmodified,CAP
LS004941,34.426647,-119.485909,Modified,CAP
LS004942,34.426632,-119.485756,Modified,CAP
LS004943,34.426666,-119.485565,Modified,CAP
LS004944,34.426674,-119.485428,Modified,CAP
LS004945,34.427437,-119.484879,Unmodified,CAP
LS004946,34.427471,-119.484482,Unmodified,CAP
LS004947,34.427345,-119.484543,Unmodified,CAP
LS004948,34.427517,-119.484390,Unmodified,CAP
LS004949,34.427429,-119.484245,Unmodified,CAP
LS004950,34.427254,-119.484306,Unmodified,CAP
LS004951,34.426453,-119.484756,Modified,CAP
LS004952,34.426540,-119.482544,Unmodified,CAP
LS004953,34.425533,-119.482849,Modified,CAP
LS004954,34.425442,-119.482986,Modified,CAP
LS004955,34.424652,-119.466454,Unmodified,CAP
LS004956,34.426308,-119.465256,Unmodified,CAP
LS004957,34.421902,-119.466125,Unmodified,CAP
LS004958,34.421684,-119.464851,Unmodified,CAP
LS004959,34.421490,-119.464828,Unmodified,CAP
LS004960,34.421707,-119.464401,Unmodified,CAP
LS004961,34.423019,-119.482422,Unmodified,CAP
LS004962,34.422783,-119.482109,Unmodified,CAP
LS004963,34.422615,-119.481979,Unmodified,CAP
LS004964,34.422501,-119.481987,Unmodified,CAP
LS004965,34.424286,-119.484550,Unmodified,CAP
LS004966,34.423862,-119.485497,Unmodified,CAP
LS004967,34.423370,-119.484154,Unmodified,CAP
LS004968,34.424175,-119.494606,-9999,CAP
LS004969,34.423481,-119.493820,Modified,CAP
LS004970,34.423569,-119.494339,Modified,CAP
LS004971,34.424057,-119.494820,Unmodified,CAP
LS004972,34.422592,-119.497322,Unmodified,CAP
LS004973,34.422569,-119.497375,Unmodified,CAP
LS004974,34.423050,-119.498131,Unmodified,CAP
LS004975,34.420818,-119.489906,Unmodified,CAP
LS004976,34.421173,-119.477478,Unmodified,CAP
LS004977,34.420006,-119.475182,Modified,CAP
LS004978,34.419991,-119.475090,Modified,CAP
LS004979,34.419910,-119.475243,Modified,CAP
LS004980,34.419811,-119.474915,Modified,CAP
LS004981,34.420650,-119.469727,Unmodified,CAP
LS004982,34.419792,-119.467346,Unmodified,CAP
LS004983,34.419621,-119.465454,Unmodified,CAP
LS004984,34.417809,-119.462715,Unmodified,CAP
LS004985,34.418503,-119.463196,Unmodified,CAP
LS004986,34.418457,-119.463936,Unmodified,CAP
LS004987,34.418205,-119.463036,Unmodified,CAP
LS004988,34.418152,-119.463005,Unmodified,CAP
LS004989,34.418201,-119.463966,Unmodified,CAP
LS004990,34.417862,-119.464066,Unmodified,CAP
LS004991,34.417206,-119.463585,Unmodified,CAP
LS004992,34.416939,-119.463226,Unmodified,CAP
LS004993,34.416019,-119.464981,Unmodified,CAP
LS004994,34.415894,-119.464989,Unmodified,CAP
LS004995,34.416580,-119.465790,Unmodified,CAP
LS004996,34.416855,-119.467278,Unmodified,CAP
LS004997,34.416882,-119.467796,Unmodified,CAP
LS004998,34.416492,-119.471214,-9999,CAP
LS004999,34.416271,-119.471451,Modified,CAP
LS005000,34.415752,-119.472458,Unmodified,CAP
LS005001,34.416721,-119.475090,Unmodified,CAP
LS005002,34.416897,-119.474899,Unmodified,CAP
LS005003,34.417152,-119.475487,Unmodified,CAP
LS005004,34.417107,-119.475601,Unmodified,CAP
LS005005,34.417191,-119.475853,Unmodified,CAP
LS005006,34.417030,-119.475784,Unmodified,CAP
LS005007,34.417366,-119.475975,Unmodified,CAP
LS005008,34.417316,-119.475922,Unmodified,CAP
LS005009,34.417793,-119.476349,Unmodified,CAP
LS005010,34.417484,-119.476387,Unmodified,CAP
LS005011,34.417645,-119.476524,Unmodified,CAP
LS005012,34.417606,-119.476662,Unmodified,CAP
LS005013,34.417686,-119.476807,Unmodified,CAP
LS005014,34.417763,-119.476891,Unmodified,CAP
LS005015,34.417450,-119.477203,Unmodified,CAP
LS005016,34.417732,-119.477341,Unmodified,CAP
LS005017,34.417686,-119.477631,Unmodified,CAP
LS005018,34.417961,-119.478447,Unmodified,CAP
LS005019,34.418484,-119.484375,Unmodified,CAP
LS005020,34.418476,-119.483513,Modified,CAP
LS005021,34.418701,-119.483589,-9999,CAP
LS005022,34.419445,-119.486061,Unmodified,CAP
LS005023,34.417103,-119.483643,Unmodified,CAP
LS005024,34.417248,-119.490173,Unmodified,CAP
LS005025,34.417236,-119.490242,Unmodified,CAP
LS005026,34.417267,-119.490631,Unmodified,CAP
LS005027,34.417286,-119.490738,Unmodified,CAP
LS005028,34.419376,-119.492493,Unmodified,CAP
LS005029,34.419315,-119.492386,Unmodified,CAP
LS005030,34.419304,-119.492477,Unmodified,CAP
LS005031,34.419281,-119.492126,Unmodified,CAP
LS005032,34.419701,-119.492531,Unmodified,CAP
LS005033,34.417953,-119.493797,Unmodified,CAP
LS005034,34.415215,-119.491516,Unmodified,CAP
LS005035,34.415264,-119.491325,Unmodified,CAP
LS005036,34.414814,-119.486473,Unmodified,CAP
LS005037,34.415047,-119.486397,Unmodified,CAP
LS005038,34.415188,-119.486481,Unmodified,CAP
LS005039,34.414349,-119.483887,Unmodified,CAP
LS005040,34.414249,-119.483559,Unmodified,CAP
LS005041,34.414272,-119.482315,Unmodified,CAP
LS005042,34.413643,-119.479935,Modified,CAP
LS005043,34.414722,-119.477913,Modified,CAP
LS005044,34.414639,-119.478127,Modified,CAP
LS005045,34.414928,-119.478836,Modified,CAP
LS005046,34.415787,-119.474602,Unmodified,CAP
LS005047,34.415539,-119.474678,Unmodified,CAP
LS005048,34.414818,-119.473518,Unmodified,CAP
LS005049,34.414696,-119.473518,Unmodified,CAP
LS005050,34.415211,-119.471565,Unmodified,CAP
LS005051,34.413952,-119.462746,Unmodified,CAP
LS005052,34.474842,-119.440834,Unmodified,CAP
LS005053,34.474327,-119.440407,Unmodified,CAP
LS005054,34.473663,-119.436691,Unmodified,CAP
LS005055,34.473347,-119.436264,Unmodified,CAP
LS005056,34.472614,-119.436310,Unmodified,CAP
LS005057,34.470924,-119.422409,Unmodified,CAP
LS005058,34.472443,-119.423553,Unmodified,CAP
LS005059,34.472519,-119.424080,Unmodified,CAP
LS005060,34.472351,-119.426964,Unmodified,CAP
LS005061,34.471260,-119.459000,Unmodified,CAP
LS005062,34.471249,-119.458801,Unmodified,CAP
LS005063,34.471622,-119.458870,Unmodified,CAP
LS005064,34.469746,-119.458130,Unmodified,CAP
LS005065,34.468929,-119.446022,Unmodified,CAP
LS005066,34.467976,-119.435890,Unmodified,CAP
LS005067,34.468166,-119.434105,Unmodified,CAP
LS005068,34.469913,-119.434143,Unmodified,CAP
LS005069,34.469833,-119.434006,Unmodified,CAP
LS005070,34.468185,-119.431320,Unmodified,CAP
LS005071,34.467937,-119.431557,Unmodified,CAP
LS005072,34.467606,-119.432022,Unmodified,CAP
LS005073,34.468830,-119.430389,Unmodified,CAP
LS005074,34.468853,-119.429077,Unmodified,CAP
LS005075,34.469814,-119.430939,Unmodified,CAP
LS005076,34.469879,-119.430313,Unmodified,CAP
LS005077,34.468273,-119.427910,Unmodified,CAP
LS005078,34.467438,-119.427238,Unmodified,CAP
LS005079,34.466511,-119.423988,Unmodified,CAP
LS005080,34.465240,-119.422417,Unmodified,CAP
LS005081,34.465488,-119.425514,Unmodified,CAP
LS005082,34.466652,-119.427208,Unmodified,CAP
LS005083,34.466564,-119.427605,Unmodified,CAP
LS005084,34.465702,-119.427063,Unmodified,CAP
LS005085,34.465733,-119.428070,Unmodified,CAP
LS005086,34.466877,-119.428833,Unmodified,CAP
LS005087,34.466045,-119.431892,Unmodified,CAP
LS005088,34.464439,-119.446030,Unmodified,CAP
LS005089,34.466137,-119.444267,Unmodified,CAP
LS005090,34.466415,-119.450645,Unmodified,CAP
LS005091,34.466038,-119.451118,Unmodified,CAP
LS005092,34.469456,-119.452446,Unmodified,CAP
LS005093,34.467182,-119.454010,Unmodified,CAP
LS005094,34.467300,-119.453438,Unmodified,CAP
LS005095,34.467999,-119.453682,Unmodified,CAP
LS005096,34.467903,-119.453857,Unmodified,CAP
LS005097,34.467773,-119.454315,Unmodified,CAP
LS005098,34.467281,-119.456070,Unmodified,CAP
LS005099,34.468117,-119.458984,Unmodified,CAP
LS005100,34.464798,-119.457672,Unmodified,CAP
LS005101,34.462395,-119.446289,Unmodified,CAP
LS005102,34.462189,-119.446266,Unmodified,CAP
LS005103,34.462116,-119.446365,Unmodified,CAP
LS005104,34.463772,-119.444862,Unmodified,CAP
LS005105,34.462303,-119.442604,Unmodified,CAP
LS005106,34.462265,-119.442436,Unmodified,CAP
LS005107,34.462345,-119.441025,Unmodified,CAP
LS005108,34.462936,-119.440422,Unmodified,CAP
LS005109,34.463497,-119.438477,Unmodified,CAP
LS005110,34.463280,-119.433617,Unmodified,CAP
LS005111,34.462406,-119.432663,Unmodified,CAP
LS005112,34.463360,-119.432655,Unmodified,CAP
LS005113,34.462177,-119.433701,Unmodified,CAP
LS005114,34.463028,-119.431511,Unmodified,CAP
LS005115,34.463043,-119.431366,Unmodified,CAP
LS005116,34.463383,-119.429810,Unmodified,CAP
LS005117,34.463451,-119.428963,Unmodified,CAP
LS005118,34.463936,-119.429131,Unmodified,CAP
LS005119,34.462811,-119.424294,Unmodified,CAP
LS005120,34.462578,-119.422432,Unmodified,CAP
LS005121,34.462460,-119.422546,Unmodified,CAP
LS005122,34.462391,-119.422661,Unmodified,CAP
LS005123,34.462158,-119.422661,Unmodified,CAP
LS005124,34.462383,-119.423462,Unmodified,CAP
LS005125,34.460575,-119.424156,Unmodified,CAP
LS005126,34.460114,-119.422668,Unmodified,CAP
LS005127,34.459152,-119.431038,Unmodified,CAP
LS005128,34.460564,-119.438591,Unmodified,CAP
LS005129,34.460892,-119.438599,Unmodified,CAP
LS005130,34.460869,-119.438934,Unmodified,CAP
LS005131,34.461037,-119.439255,Unmodified,CAP
LS005132,34.461239,-119.439262,Unmodified,CAP
LS005133,34.461300,-119.439339,Unmodified,CAP
LS005134,34.461357,-119.439400,Unmodified,CAP
LS005135,34.461704,-119.440041,Unmodified,CAP
LS005136,34.461525,-119.440216,Unmodified,CAP
LS005137,34.461754,-119.440468,Unmodified,CAP
LS005138,34.461842,-119.440788,Unmodified,CAP
LS005139,34.461742,-119.440910,Unmodified,CAP
LS005140,34.461147,-119.441002,Unmodified,CAP
LS005141,34.461018,-119.440811,Unmodified,CAP
LS005142,34.460960,-119.440323,Unmodified,CAP
LS005143,34.460907,-119.439865,Unmodified,CAP
LS005144,34.460789,-119.439751,Unmodified,CAP
LS005145,34.460197,-119.439835,Unmodified,CAP
LS005146,34.459454,-119.439987,Unmodified,CAP
LS005147,34.459396,-119.441582,Unmodified,CAP
LS005148,34.459499,-119.442123,Unmodified,CAP
LS005149,34.459476,-119.442345,Unmodified,CAP
LS005150,34.459309,-119.442627,Unmodified,CAP
LS005151,34.459557,-119.442795,Unmodified,CAP
LS005152,34.460110,-119.441612,Unmodified,CAP
LS005153,34.460220,-119.441643,Unmodified,CAP
LS005154,34.460304,-119.441620,Unmodified,CAP
LS005155,34.460457,-119.441757,Unmodified,CAP
LS005156,34.460556,-119.442307,Unmodified,CAP
LS005157,34.460869,-119.442558,Unmodified,CAP
LS005158,34.461056,-119.442390,Unmodified,CAP
LS005159,34.461319,-119.442574,Unmodified,CAP
LS005160,34.461437,-119.442146,Unmodified,CAP
LS005161,34.461456,-119.441963,Unmodified,CAP
LS005162,34.461536,-119.441444,Unmodified,CAP
LS005163,34.461281,-119.443314,Unmodified,CAP
LS005164,34.461262,-119.443489,Unmodified,CAP
LS005165,34.460850,-119.445152,Unmodified,CAP
LS005166,34.460846,-119.444939,Unmodified,CAP
LS005167,34.460232,-119.442696,Unmodified,CAP
LS005168,34.460644,-119.446281,Unmodified,CAP
LS005169,34.459682,-119.446007,Unmodified,CAP
LS005170,34.460449,-119.446587,Unmodified,CAP
LS005171,34.460445,-119.446709,Unmodified,CAP
LS005172,34.460377,-119.447243,Unmodified,CAP
LS005173,34.459969,-119.447495,Unmodified,CAP
LS005174,34.460342,-119.447723,Unmodified,CAP
LS005175,34.460445,-119.447662,Unmodified,CAP
LS005176,34.460541,-119.447655,Unmodified,CAP
LS005177,34.460747,-119.447662,Unmodified,CAP
LS005178,34.459949,-119.448334,Unmodified,CAP
LS005179,34.461109,-119.447617,Unmodified,CAP
LS005180,34.460945,-119.447632,Unmodified,CAP
LS005181,34.460991,-119.447845,Unmodified,CAP
LS005182,34.460983,-119.448296,Unmodified,CAP
LS005183,34.460728,-119.448204,Unmodified,CAP
LS005184,34.460621,-119.448395,Unmodified,CAP
LS005185,34.460102,-119.448601,Unmodified,CAP
LS005186,34.460426,-119.448685,Unmodified,CAP
LS005187,34.460339,-119.448708,Unmodified,CAP
LS005188,34.460629,-119.448563,Unmodified,CAP
LS005189,34.460758,-119.449265,Unmodified,CAP
LS005190,34.460892,-119.448494,Unmodified,CAP
LS005191,34.460876,-119.448563,Unmodified,CAP
LS005192,34.461220,-119.448669,Unmodified,CAP
LS005193,34.461266,-119.448753,Unmodified,CAP
LS005194,34.461502,-119.448883,Unmodified,CAP
LS005195,34.461758,-119.448364,Unmodified,CAP
LS005196,34.461452,-119.449142,Unmodified,CAP
LS005197,34.462036,-119.449738,Unmodified,CAP
LS005198,34.460346,-119.450020,Unmodified,CAP
LS005199,34.459572,-119.451492,Unmodified,CAP
LS005200,34.459469,-119.450912,Unmodified,CAP
LS005201,34.459412,-119.451759,Unmodified,CAP
LS005202,34.459057,-119.452026,Unmodified,CAP
LS005203,34.460964,-119.452934,Unmodified,CAP
LS005204,34.460876,-119.453957,Unmodified,CAP
LS005205,34.460861,-119.455254,Unmodified,CAP
LS005206,34.461105,-119.455345,Unmodified,CAP
LS005207,34.461090,-119.455467,Unmodified,CAP
LS005208,34.461025,-119.455673,Unmodified,CAP
LS005209,34.460678,-119.455780,Unmodified,CAP
LS005210,34.460461,-119.455765,Unmodified,CAP
LS005211,34.460373,-119.455307,Unmodified,CAP
LS005212,34.460320,-119.455086,Unmodified,CAP
LS005213,34.460056,-119.456070,Unmodified,CAP
LS005214,34.460335,-119.456154,Unmodified,CAP
LS005215,34.460644,-119.456055,Unmodified,CAP
LS005216,34.460381,-119.456749,Unmodified,CAP
LS005217,34.460178,-119.456932,Unmodified,CAP
LS005218,34.460114,-119.457085,Unmodified,CAP
LS005219,34.460083,-119.457123,Unmodified,CAP
LS005220,34.460083,-119.457298,Unmodified,CAP
LS005221,34.460194,-119.457382,Unmodified,CAP
LS005222,34.460426,-119.457397,Unmodified,CAP
LS005223,34.460091,-119.458496,Unmodified,CAP
LS005224,34.459938,-119.458443,Unmodified,CAP
LS005225,34.459679,-119.458092,Unmodified,CAP
LS005226,34.459740,-119.458496,Unmodified,CAP
LS005227,34.459980,-119.458839,Unmodified,CAP
LS005228,34.459644,-119.458817,Unmodified,CAP
LS005229,34.459934,-119.458961,Unmodified,CAP
LS005230,34.459618,-119.459633,Unmodified,CAP
LS005231,34.459335,-119.459839,Unmodified,CAP
LS005232,34.459278,-119.459702,Unmodified,CAP
LS005233,34.459583,-119.459991,Unmodified,CAP
LS005234,34.459347,-119.460419,Unmodified,CAP
LS005235,34.459568,-119.460350,Unmodified,CAP
LS005236,34.459469,-119.460175,Unmodified,CAP
LS005237,34.457779,-119.458687,Unmodified,CAP
LS005238,34.457211,-119.460304,Unmodified,CAP
LS005239,34.458546,-119.454758,Unmodified,CAP
LS005240,34.458420,-119.454613,Unmodified,CAP
LS005241,34.458755,-119.454803,Unmodified,CAP
LS005242,34.459438,-119.451866,Unmodified,CAP
LS005243,34.459263,-119.449417,Unmodified,CAP
LS005244,34.458916,-119.448723,Unmodified,CAP
LS005245,34.459103,-119.448395,Unmodified,CAP
LS005246,34.456898,-119.448036,Unmodified,CAP
LS005247,34.459251,-119.447922,Unmodified,CAP
LS005248,34.458843,-119.447983,Unmodified,CAP
LS005249,34.458870,-119.447723,Unmodified,CAP
LS005250,34.458828,-119.447647,Unmodified,CAP
LS005251,34.458542,-119.447525,Unmodified,CAP
LS005252,34.458744,-119.446342,Unmodified,CAP
LS005253,34.458527,-119.446381,Unmodified,CAP
LS005254,34.458576,-119.445953,Unmodified,CAP
LS005255,34.457947,-119.446793,Unmodified,CAP
LS005256,34.458275,-119.446213,Unmodified,CAP
LS005257,34.458355,-119.445892,Unmodified,CAP
LS005258,34.458336,-119.445786,Unmodified,CAP
LS005259,34.458248,-119.445747,Unmodified,CAP
LS005260,34.458191,-119.445694,Unmodified,CAP
LS005261,34.457340,-119.446503,Unmodified,CAP
LS005262,34.457314,-119.446442,Unmodified,CAP
LS005263,34.457333,-119.446396,Unmodified,CAP
LS005264,34.457561,-119.446243,Unmodified,CAP
LS005265,34.457668,-119.445526,Unmodified,CAP
LS005266,34.457108,-119.446037,Unmodified,CAP
LS005267,34.456970,-119.445251,Unmodified,CAP
LS005268,34.456696,-119.445930,Unmodified,CAP
LS005269,34.458454,-119.445099,Unmodified,CAP
LS005270,34.457314,-119.444466,Unmodified,CAP
LS005271,34.457355,-119.444260,Unmodified,CAP
LS005272,34.456852,-119.444748,Unmodified,CAP
LS005273,34.456825,-119.444832,Unmodified,CAP
LS005274,34.456589,-119.444077,Unmodified,CAP
LS005275,34.456745,-119.443329,Unmodified,CAP
LS005276,34.456673,-119.443352,Unmodified,CAP
LS005277,34.457485,-119.441864,Unmodified,CAP
LS005278,34.457455,-119.441795,Unmodified,CAP
LS005279,34.457455,-119.441750,Unmodified,CAP
LS005280,34.457985,-119.441864,Unmodified,CAP
LS005281,34.457958,-119.441765,Unmodified,CAP
LS005282,34.458305,-119.441521,Unmodified,CAP
LS005283,34.458458,-119.441811,Unmodified,CAP
LS005284,34.458813,-119.441429,Unmodified,CAP
LS005285,34.458645,-119.441292,Unmodified,CAP
LS005286,34.458652,-119.441216,Unmodified,CAP
LS005287,34.458527,-119.441154,Unmodified,CAP
LS005288,34.458649,-119.440933,Unmodified,CAP
LS005289,34.458847,-119.442406,Unmodified,CAP
LS005290,34.458786,-119.442375,Unmodified,CAP
LS005291,34.459194,-119.442123,Unmodified,CAP
LS005292,34.459217,-119.441856,Unmodified,CAP
LS005293,34.459209,-119.441597,Unmodified,CAP
LS005294,34.458950,-119.441597,Unmodified,CAP
LS005295,34.458897,-119.441566,Unmodified,CAP
LS005296,34.458904,-119.442558,Unmodified,CAP
LS005297,34.459026,-119.442627,Unmodified,CAP
LS005298,34.458099,-119.440605,Unmodified,CAP
LS005299,34.457970,-119.440819,Unmodified,CAP
LS005300,34.457684,-119.441460,Unmodified,CAP
LS005301,34.457462,-119.440956,Unmodified,CAP
LS005302,34.457401,-119.440788,Unmodified,CAP
LS005303,34.457390,-119.440681,Unmodified,CAP
LS005304,34.457321,-119.440628,Unmodified,CAP
LS005305,34.457428,-119.440414,Unmodified,CAP
LS005306,34.459415,-119.440643,Unmodified,CAP
LS005307,34.459137,-119.440842,Unmodified,CAP
LS005308,34.457539,-119.439835,Unmodified,CAP
LS005309,34.456814,-119.440010,Unmodified,CAP
LS005310,34.458633,-119.437218,Unmodified,CAP
LS005311,34.458469,-119.437309,Unmodified,CAP
LS005312,34.457874,-119.437431,Unmodified,CAP
LS005313,34.457848,-119.437317,Unmodified,CAP
LS005314,34.457764,-119.437233,Unmodified,CAP
LS005315,34.457870,-119.437019,Unmodified,CAP
LS005316,34.458786,-119.436050,Unmodified,CAP
LS005317,34.457012,-119.435608,Unmodified,CAP
LS005318,34.457260,-119.435272,Unmodified,CAP
LS005319,34.457142,-119.434692,Unmodified,CAP
LS005320,34.457272,-119.434120,Unmodified,CAP
LS005321,34.457439,-119.433495,Unmodified,CAP
LS005322,34.457649,-119.433334,Unmodified,CAP
LS005323,34.458702,-119.434555,Unmodified,CAP
LS005324,34.457573,-119.433739,Unmodified,CAP
LS005325,34.457825,-119.432076,Unmodified,CAP
LS005326,34.456429,-119.431137,Unmodified,CAP
LS005327,34.456245,-119.432030,Unmodified,CAP
LS005328,34.456657,-119.429550,Unmodified,CAP
LS005329,34.456951,-119.428963,Unmodified,CAP
LS005330,34.456833,-119.426697,Unmodified,CAP
LS005331,34.456997,-119.426201,Unmodified,CAP
LS005332,34.456772,-119.425369,Unmodified,CAP
LS005333,34.456379,-119.422867,Unmodified,CAP
LS005334,34.455570,-119.422867,Unmodified,CAP
LS005335,34.455021,-119.422844,Unmodified,CAP
LS005336,34.454151,-119.423111,Modified,CAP
LS005337,34.454811,-119.427452,Unmodified,CAP
LS005338,34.454391,-119.426804,Unmodified,CAP
LS005339,34.454288,-119.425568,Unmodified,CAP
LS005340,34.455326,-119.428894,Unmodified,CAP
LS005341,34.456116,-119.437737,Unmodified,CAP
LS005342,34.456455,-119.438210,Unmodified,CAP
LS005343,34.456440,-119.439148,Unmodified,CAP
LS005344,34.456203,-119.439606,Unmodified,CAP
LS005345,34.456158,-119.439705,Unmodified,CAP
LS005346,34.456032,-119.439949,Unmodified,CAP
LS005347,34.455936,-119.440063,Unmodified,CAP
LS005348,34.455952,-119.440697,Unmodified,CAP
LS005349,34.455868,-119.441269,Unmodified,CAP
LS005350,34.455853,-119.441467,Unmodified,CAP
LS005351,34.455612,-119.440926,Unmodified,CAP
LS005352,34.455654,-119.441544,Unmodified,CAP
LS005353,34.455460,-119.441536,Unmodified,CAP
LS005354,34.454071,-119.440689,Unmodified,CAP
LS005355,34.455143,-119.442146,Unmodified,CAP
LS005356,34.455128,-119.443443,Unmodified,CAP
LS005357,34.455513,-119.443069,Unmodified,CAP
LS005358,34.455624,-119.443031,Unmodified,CAP
LS005359,34.454895,-119.443253,Unmodified,CAP
LS005360,34.455078,-119.443520,Unmodified,CAP
LS005361,34.456264,-119.444458,Unmodified,CAP
LS005362,34.456432,-119.445419,Unmodified,CAP
LS005363,34.456467,-119.445534,Unmodified,CAP
LS005364,34.456375,-119.445351,Unmodified,CAP
LS005365,34.455719,-119.446861,Unmodified,CAP
LS005366,34.455032,-119.446938,Unmodified,CAP
LS005367,34.454266,-119.445389,Unmodified,CAP
LS005368,34.455055,-119.445282,Unmodified,CAP
LS005369,34.453899,-119.445107,Unmodified,CAP
LS005370,34.453724,-119.444969,Unmodified,CAP
LS005371,34.454464,-119.450623,Unmodified,CAP
LS005372,34.456490,-119.449593,Unmodified,CAP
LS005373,34.454880,-119.452469,Unmodified,CAP
LS005374,34.454796,-119.452225,Unmodified,CAP
LS005375,34.454636,-119.452332,Unmodified,CAP
LS005376,34.454445,-119.452812,Unmodified,CAP
LS005377,34.454197,-119.453041,Unmodified,CAP
LS005378,34.454727,-119.453224,Unmodified,CAP
LS005379,34.456528,-119.451988,Unmodified,CAP
LS005380,34.456276,-119.451981,Unmodified,CAP
LS005381,34.456146,-119.453316,Unmodified,CAP
LS005382,34.456509,-119.452805,Unmodified,CAP
LS005383,34.456707,-119.454514,Unmodified,CAP
LS005384,34.456776,-119.454048,Unmodified,CAP
LS005385,34.456299,-119.454300,Unmodified,CAP
LS005386,34.455090,-119.454704,Unmodified,CAP
LS005387,34.454628,-119.454895,Unmodified,CAP
LS005388,34.454391,-119.453705,Unmodified,CAP
LS005389,34.456249,-119.455818,Unmodified,CAP
LS005390,34.456142,-119.456177,Unmodified,CAP
LS005391,34.454670,-119.455101,Unmodified,CAP
LS005392,34.454361,-119.455185,Unmodified,CAP
LS005393,34.455185,-119.455910,Unmodified,CAP
LS005394,34.454571,-119.456398,Unmodified,CAP
LS005395,34.454590,-119.457672,Unmodified,CAP
LS005396,34.454395,-119.457596,Unmodified,CAP
LS005397,34.454334,-119.458130,Unmodified,CAP
LS005398,34.455837,-119.456573,Unmodified,CAP
LS005399,34.456783,-119.460136,Unmodified,CAP
LS005400,34.456894,-119.459473,Unmodified,CAP
LS005401,34.456799,-119.459320,Unmodified,CAP
LS005402,34.456631,-119.459129,Unmodified,CAP
LS005403,34.456406,-119.459373,Unmodified,CAP
LS005404,34.456478,-119.458595,Unmodified,CAP
LS005405,34.456657,-119.458664,Unmodified,CAP
LS005406,34.455536,-119.458755,Unmodified,CAP
LS005407,34.455189,-119.459938,Unmodified,CAP
LS005408,34.455399,-119.460373,Unmodified,CAP
LS005409,34.454971,-119.459854,Unmodified,CAP
LS005410,34.454971,-119.459435,Unmodified,CAP
LS005411,34.454956,-119.458672,Unmodified,CAP
LS005412,34.454723,-119.459084,Unmodified,CAP
LS005413,34.454922,-119.458244,Unmodified,CAP
LS005414,34.454151,-119.460266,Unmodified,CAP
LS005415,34.454155,-119.460007,Unmodified,CAP
LS005416,34.454094,-119.459831,Unmodified,CAP
LS005417,34.454258,-119.459663,Unmodified,CAP
LS005418,34.453987,-119.459259,Unmodified,CAP
LS005419,34.453873,-119.459160,Unmodified,CAP
LS005420,34.453903,-119.458946,Unmodified,CAP
LS005421,34.454041,-119.458755,Unmodified,CAP
LS005422,34.454010,-119.458611,Unmodified,CAP
LS005423,34.454033,-119.458450,Unmodified,CAP
LS005424,34.453918,-119.458481,Unmodified,CAP
LS005425,34.453892,-119.458374,Unmodified,CAP
LS005426,34.453369,-119.458412,Unmodified,CAP
LS005427,34.453060,-119.459106,Unmodified,CAP
LS005428,34.452984,-119.459076,Unmodified,CAP
LS005429,34.452942,-119.459114,Unmodified,CAP
LS005430,34.452908,-119.459091,Unmodified,CAP
LS005431,34.452854,-119.458977,Unmodified,CAP
LS005432,34.452682,-119.459557,Unmodified,CAP
LS005433,34.452190,-119.459709,Unmodified,CAP
LS005434,34.451748,-119.459320,Unmodified,CAP
LS005435,34.451618,-119.459450,Unmodified,CAP
LS005436,34.451641,-119.459068,Unmodified,CAP
LS005437,34.453976,-119.458115,Unmodified,CAP
LS005438,34.454239,-119.457581,Unmodified,CAP
LS005439,34.454212,-119.456276,Unmodified,CAP
LS005440,34.454086,-119.456108,Unmodified,CAP
LS005441,34.454124,-119.456024,Unmodified,CAP
LS005442,34.454185,-119.455818,Unmodified,CAP
LS005443,34.454350,-119.455780,Unmodified,CAP
LS005444,34.453987,-119.457100,Unmodified,CAP
LS005445,34.453671,-119.456757,Unmodified,CAP
LS005446,34.453663,-119.456818,Unmodified,CAP
LS005447,34.453556,-119.456520,Unmodified,CAP
LS005448,34.453838,-119.457275,Unmodified,CAP
LS005449,34.453827,-119.457100,Unmodified,CAP
LS005450,34.453655,-119.457268,Unmodified,CAP
LS005451,34.452984,-119.457802,Unmodified,CAP
LS005452,34.453152,-119.457748,Unmodified,CAP
LS005453,34.453091,-119.457443,Unmodified,CAP
LS005454,34.452999,-119.456848,Unmodified,CAP
LS005455,34.452656,-119.457581,Unmodified,CAP
LS005456,34.452572,-119.458145,Unmodified,CAP
LS005457,34.452614,-119.457970,Unmodified,CAP
LS005458,34.452415,-119.457787,Unmodified,CAP
LS005459,34.452351,-119.457794,Unmodified,CAP
LS005460,34.452328,-119.457726,Unmodified,CAP
LS005461,34.452457,-119.457550,Unmodified,CAP
LS005462,34.452484,-119.457451,Unmodified,CAP
LS005463,34.452415,-119.457199,Unmodified,CAP
LS005464,34.451996,-119.456932,Unmodified,CAP
LS005465,34.451725,-119.457352,Unmodified,CAP
LS005466,34.451492,-119.457352,Unmodified,CAP
LS005467,34.451382,-119.457413,Unmodified,CAP
LS005468,34.451050,-119.457275,Unmodified,CAP
LS005469,34.451027,-119.457146,Unmodified,CAP
LS005470,34.451370,-119.458458,Unmodified,CAP
LS005471,34.451229,-119.458481,Unmodified,CAP
LS005472,34.451702,-119.458237,Unmodified,CAP
LS005473,34.451534,-119.456184,Unmodified,CAP
LS005474,34.451641,-119.455017,Unmodified,CAP
LS005475,34.453190,-119.455727,Unmodified,CAP
LS005476,34.453007,-119.455437,Unmodified,CAP
LS005477,34.453175,-119.454933,Unmodified,CAP
LS005478,34.452885,-119.454834,Unmodified,CAP
LS005479,34.452831,-119.454430,Unmodified,CAP
LS005480,34.452625,-119.454964,Unmodified,CAP
LS005481,34.453579,-119.454559,Unmodified,CAP
LS005482,34.451843,-119.454422,Unmodified,CAP
LS005483,34.451878,-119.454170,Unmodified,CAP
LS005484,34.451744,-119.454041,Unmodified,CAP
LS005485,34.451942,-119.453949,Unmodified,CAP
LS005486,34.451931,-119.453743,Unmodified,CAP
LS005487,34.452312,-119.453201,Unmodified,CAP
LS005488,34.452446,-119.453125,Unmodified,CAP
LS005489,34.453457,-119.451538,Unmodified,CAP
LS005490,34.453320,-119.451569,Unmodified,CAP
LS005491,34.453144,-119.451637,Unmodified,CAP
LS005492,34.452801,-119.452225,Unmodified,CAP
LS005493,34.452484,-119.452217,Unmodified,CAP
LS005494,34.452984,-119.451324,Modified,CAP
LS005495,34.453373,-119.449821,Unmodified,CAP
LS005496,34.453411,-119.449692,Unmodified,CAP
LS005497,34.453125,-119.450005,Unmodified,CAP
LS005498,34.453049,-119.449371,Unmodified,CAP
LS005499,34.452736,-119.449211,Unmodified,CAP
LS005500,34.452457,-119.449165,Unmodified,CAP
LS005501,34.452663,-119.449280,Unmodified,CAP
LS005502,34.452343,-119.448799,Unmodified,CAP
LS005503,34.452732,-119.446983,Unmodified,CAP
LS005504,34.452549,-119.446510,Unmodified,CAP
LS005505,34.451412,-119.440468,Unmodified,CAP
LS005506,34.453247,-119.441704,Unmodified,CAP
LS005507,34.453400,-119.441467,Unmodified,CAP
LS005508,34.451271,-119.437744,Unmodified,CAP
LS005509,34.451008,-119.438240,Unmodified,CAP
LS005510,34.451591,-119.432755,Unmodified,CAP
LS005511,34.450714,-119.433311,Unmodified,CAP
LS005512,34.450581,-119.425377,Unmodified,CAP
LS005513,34.450649,-119.424118,Unmodified,CAP
LS005514,34.450310,-119.434875,Unmodified,CAP
LS005515,34.450111,-119.435440,Unmodified,CAP
LS005516,34.450146,-119.435555,Unmodified,CAP
LS005517,34.450119,-119.435661,Unmodified,CAP
LS005518,34.450005,-119.436249,Unmodified,CAP
LS005519,34.449963,-119.436371,Unmodified,CAP
LS005520,34.450207,-119.439384,Unmodified,CAP
LS005521,34.450932,-119.440186,Unmodified,CAP
LS005522,34.450817,-119.440453,Unmodified,CAP
LS005523,34.450840,-119.440651,Unmodified,CAP
LS005524,34.450451,-119.441719,Unmodified,CAP
LS005525,34.450668,-119.441772,Unmodified,CAP
LS005526,34.450527,-119.441406,Unmodified,CAP
LS005527,34.449272,-119.440132,Unmodified,CAP
LS005528,34.449192,-119.438622,Unmodified,CAP
LS005529,34.448349,-119.439331,Unmodified,CAP
LS005530,34.448200,-119.439171,Unmodified,CAP
LS005531,34.451370,-119.449677,Unmodified,CAP
LS005532,34.450607,-119.450989,Unmodified,CAP
LS005533,34.450829,-119.451469,Unmodified,CAP
LS005534,34.450768,-119.451637,Unmodified,CAP
LS005535,34.451008,-119.451538,Unmodified,CAP
LS005536,34.451328,-119.451622,Unmodified,CAP
LS005537,34.451344,-119.451485,Unmodified,CAP
LS005538,34.451202,-119.452415,Unmodified,CAP
LS005539,34.451084,-119.452599,Unmodified,CAP
LS005540,34.450897,-119.452286,Unmodified,CAP
LS005541,34.450768,-119.452156,Unmodified,CAP
LS005542,34.450413,-119.452019,Unmodified,CAP
LS005543,34.450390,-119.452171,Unmodified,CAP
LS005544,34.450638,-119.453102,Unmodified,CAP
LS005545,34.450489,-119.453148,Unmodified,CAP
LS005546,34.450008,-119.451073,Unmodified,CAP
LS005547,34.449741,-119.451118,Unmodified,CAP
LS005548,34.449062,-119.449562,Unmodified,CAP
LS005549,34.448582,-119.449814,Unmodified,CAP
LS005550,34.448566,-119.449898,Unmodified,CAP
LS005551,34.448605,-119.450027,Unmodified,CAP
LS005552,34.448750,-119.452759,Unmodified,CAP
LS005553,34.448719,-119.453400,Unmodified,CAP
LS005554,34.448994,-119.453575,Unmodified,CAP
LS005555,34.450024,-119.453514,Unmodified,CAP
LS005556,34.449722,-119.453476,Unmodified,CAP
LS005557,34.450016,-119.453606,Unmodified,CAP
LS005558,34.450035,-119.453903,Unmodified,CAP
LS005559,34.449806,-119.454079,Unmodified,CAP
LS005560,34.449848,-119.454147,Unmodified,CAP
LS005561,34.450241,-119.453926,Unmodified,CAP
LS005562,34.450050,-119.454483,Unmodified,CAP
LS005563,34.450588,-119.455147,Unmodified,CAP
LS005564,34.450665,-119.454865,Unmodified,CAP
LS005565,34.451382,-119.454857,Unmodified,CAP
LS005566,34.451447,-119.454590,Unmodified,CAP
LS005567,34.451302,-119.453255,Unmodified,CAP
LS005568,34.449711,-119.455498,Unmodified,CAP
LS005569,34.449478,-119.455345,Unmodified,CAP
LS005570,34.449158,-119.456123,Unmodified,CAP
LS005571,34.449303,-119.456116,Unmodified,CAP
LS005572,34.449364,-119.456207,Unmodified,CAP
LS005573,34.449295,-119.456284,Unmodified,CAP
LS005574,34.448868,-119.456215,Unmodified,CAP
LS005575,34.448986,-119.457054,Unmodified,CAP
LS005576,34.449139,-119.456825,Unmodified,CAP
LS005577,34.449001,-119.457245,Unmodified,CAP
LS005578,34.448631,-119.457695,Unmodified,CAP
LS005579,34.448666,-119.457573,Unmodified,CAP
LS005580,34.448513,-119.458252,Unmodified,CAP
LS005581,34.448746,-119.458466,Unmodified,CAP
LS005582,34.449005,-119.458183,Unmodified,CAP
LS005583,34.449131,-119.458076,Unmodified,CAP
LS005584,34.449562,-119.457649,Unmodified,CAP
LS005585,34.449787,-119.456253,Unmodified,CAP
LS005586,34.449680,-119.456230,Unmodified,CAP
LS005587,34.449795,-119.456474,Unmodified,CAP
LS005588,34.449959,-119.455750,Unmodified,CAP
LS005589,34.450058,-119.455757,Unmodified,CAP
LS005590,34.450394,-119.455894,Unmodified,CAP
LS005591,34.451160,-119.455429,Unmodified,CAP
LS005592,34.449490,-119.458298,Unmodified,CAP
LS005593,34.449867,-119.458351,Unmodified,CAP
LS005594,34.449890,-119.458466,Unmodified,CAP
LS005595,34.449135,-119.458450,Unmodified,CAP
LS005596,34.449665,-119.459175,Unmodified,CAP
LS005597,34.449829,-119.459137,Unmodified,CAP
LS005598,34.448860,-119.459549,Unmodified,CAP
LS005599,34.449020,-119.459526,Unmodified,CAP
LS005600,34.449162,-119.459534,Unmodified,CAP
LS005601,34.449543,-119.459419,Unmodified,CAP
LS005602,34.449322,-119.459953,Unmodified,CAP
LS005603,34.449142,-119.460258,Unmodified,CAP
LS005604,34.449055,-119.460327,Unmodified,CAP
LS005605,34.448795,-119.460350,Unmodified,CAP
LS005606,34.449028,-119.460564,Unmodified,CAP
LS005607,34.449902,-119.460411,Unmodified,CAP
LS005608,34.450012,-119.460197,Unmodified,CAP
LS005609,34.450035,-119.459579,Unmodified,CAP
LS005610,34.450630,-119.460167,Unmodified,CAP
LS005611,34.450260,-119.458183,Unmodified,CAP
LS005612,34.450214,-119.458420,Unmodified,CAP
LS005613,34.450516,-119.458473,Unmodified,CAP
LS005614,34.450470,-119.458633,Unmodified,CAP
LS005615,34.450588,-119.458618,Unmodified,CAP
LS005616,34.450375,-119.459305,Unmodified,CAP
LS005617,34.450806,-119.459808,Unmodified,CAP
LS005618,34.451408,-119.459694,Unmodified,CAP
LS005619,34.451481,-119.459511,Unmodified,CAP
LS005620,34.450169,-119.459671,Unmodified,CAP
LS005621,34.450531,-119.460770,Unmodified,CAP
LS005622,34.448444,-119.460213,Unmodified,CAP
LS005623,34.448071,-119.459946,Unmodified,CAP
LS005624,34.448147,-119.460876,Unmodified,CAP
LS005625,34.446800,-119.458008,Unmodified,CAP
LS005626,34.446716,-119.456062,Unmodified,CAP
LS005627,34.448559,-119.454498,Unmodified,CAP
LS005628,34.448494,-119.454277,Unmodified,CAP
LS005629,34.445637,-119.454613,Unmodified,CAP
LS005630,34.445446,-119.453949,Unmodified,CAP
LS005631,34.445255,-119.453064,Unmodified,CAP
LS005632,34.444729,-119.452995,Unmodified,CAP
LS005633,34.444759,-119.453156,Unmodified,CAP
LS005634,34.444550,-119.455101,Unmodified,CAP
LS005635,34.444244,-119.452324,Unmodified,CAP
LS005636,34.445019,-119.452049,Unmodified,CAP
LS005637,34.448315,-119.456673,Unmodified,CAP
LS005638,34.448410,-119.446960,Unmodified,CAP
LS005639,34.445038,-119.450455,Unmodified,CAP
LS005640,34.445053,-119.450119,Unmodified,CAP
LS005641,34.445061,-119.449959,Unmodified,CAP
LS005642,34.445465,-119.447868,Unmodified,CAP
LS005643,34.444668,-119.447357,Unmodified,CAP
LS005644,34.444656,-119.446686,Unmodified,CAP
LS005645,34.445591,-119.445709,Unmodified,CAP
LS005646,34.445602,-119.445511,Unmodified,CAP
LS005647,34.445568,-119.445007,Unmodified,CAP
LS005648,34.444916,-119.444702,Unmodified,CAP
LS005649,34.445202,-119.444366,Unmodified,CAP
LS005650,34.445217,-119.444237,Unmodified,CAP
LS005651,34.444813,-119.444420,Unmodified,CAP
LS005652,34.444618,-119.444336,Unmodified,CAP
LS005653,34.444763,-119.444229,Unmodified,CAP
LS005654,34.444775,-119.444153,Unmodified,CAP
LS005655,34.445160,-119.443916,Unmodified,CAP
LS005656,34.445038,-119.443733,Unmodified,CAP
LS005657,34.444736,-119.443970,Unmodified,CAP
LS005658,34.444775,-119.443657,Unmodified,CAP
LS005659,34.444580,-119.443550,Unmodified,CAP
LS005660,34.444374,-119.443802,Unmodified,CAP
LS005661,34.443962,-119.442596,Unmodified,CAP
LS005662,34.443806,-119.442955,Unmodified,CAP
LS005663,34.443810,-119.443199,Unmodified,CAP
LS005664,34.443878,-119.444153,Unmodified,CAP
LS005665,34.444012,-119.444359,Unmodified,CAP
LS005666,34.443714,-119.439445,Unmodified,CAP
LS005667,34.447285,-119.440491,Unmodified,CAP
LS005668,34.446728,-119.439247,Unmodified,CAP
LS005669,34.446995,-119.438889,Unmodified,CAP
LS005670,34.447601,-119.438583,Unmodified,CAP
LS005671,34.447731,-119.432129,Unmodified,CAP
LS005672,34.445995,-119.426605,Unmodified,CAP
LS005673,34.444744,-119.426735,Unmodified,CAP
LS005674,34.444248,-119.429871,Unmodified,CAP
LS005675,34.444027,-119.429413,Unmodified,CAP
LS005676,34.443470,-119.430756,Unmodified,CAP
LS005677,34.443455,-119.430687,Unmodified,CAP
LS005678,34.443485,-119.430557,Unmodified,CAP
LS005679,34.445412,-119.435806,Unmodified,CAP
LS005680,34.414486,-119.426262,Unmodified,CAP
LS005681,34.414734,-119.426201,Unmodified,CAP
LS005682,34.414806,-119.426552,Unmodified,CAP
LS005683,34.414314,-119.425125,Modified,CAP
LS005684,34.413006,-119.427467,Unmodified,CAP
LS005685,34.412895,-119.432198,Unmodified,CAP
LS005686,34.414021,-119.432076,Unmodified,CAP
LS005687,34.413643,-119.436249,Unmodified,CAP
LS005688,34.412876,-119.435707,Unmodified,CAP
LS005689,34.412800,-119.435524,Unmodified,CAP
LS005690,34.412876,-119.435539,Unmodified,CAP
LS005691,34.412952,-119.435196,Unmodified,CAP
LS005692,34.413094,-119.433594,Unmodified,CAP
LS005693,34.412975,-119.437119,Unmodified,CAP
LS005694,34.412861,-119.437683,Unmodified,CAP
LS005695,34.413639,-119.438797,Modified,CAP
LS005696,34.413498,-119.443657,Unmodified,CAP
LS005697,34.415592,-119.447540,Unmodified,CAP
LS005698,34.415474,-119.447510,Unmodified,CAP
LS005699,34.415371,-119.447594,Unmodified,CAP
LS005700,34.412907,-119.447205,Unmodified,CAP
LS005701,34.414742,-119.455765,Unmodified,CAP
LS005702,34.414661,-119.454735,-9999,CAP
LS005703,34.413368,-119.456528,Unmodified,CAP
LS005704,34.413071,-119.459900,Unmodified,CAP
LS005705,34.413078,-119.459785,Unmodified,CAP
LS005706,34.413807,-119.458229,Unmodified,CAP
LS005707,34.413208,-119.462067,Unmodified,CAP
LS005708,34.413540,-119.461899,Unmodified,CAP
LS005709,34.413868,-119.460289,Unmodified,CAP
LS005710,34.414188,-119.459991,Unmodified,CAP
LS005711,34.414291,-119.460144,Unmodified,CAP
LS005712,34.414375,-119.460098,Unmodified,CAP
LS005713,34.414562,-119.459816,Unmodified,CAP
LS005714,34.414757,-119.460365,Unmodified,CAP
LS005715,34.414448,-119.461784,Unmodified,CAP
LS005716,34.414368,-119.461151,Unmodified,CAP
LS005717,34.415024,-119.461021,Unmodified,CAP
LS005718,34.415112,-119.460915,Unmodified,CAP
LS005719,34.415203,-119.460930,Unmodified,CAP
LS005720,34.415344,-119.460762,Unmodified,CAP
LS005721,34.415543,-119.460480,Unmodified,CAP
LS005722,34.417122,-119.461853,Unmodified,CAP
LS005723,34.416870,-119.461647,Unmodified,CAP
LS005724,34.416359,-119.461533,Unmodified,CAP
LS005725,34.416729,-119.461922,Unmodified,CAP
LS005726,34.417728,-119.459763,Unmodified,CAP
LS005727,34.417412,-119.460320,Unmodified,CAP
LS005728,34.415592,-119.436966,Unmodified,CAP
LS005729,34.417549,-119.430107,Unmodified,CAP
LS005730,34.417900,-119.430107,Unmodified,CAP
LS005731,34.417877,-119.428871,Unmodified,CAP
LS005732,34.417870,-119.428741,Unmodified,CAP
LS005733,34.416191,-119.429268,Unmodified,CAP
LS005734,34.416435,-119.428810,Unmodified,CAP
LS005735,34.415230,-119.428406,Unmodified,CAP
LS005736,34.415352,-119.428345,Unmodified,CAP
LS005737,34.416912,-119.426025,Modified,CAP
LS005738,34.416279,-119.426506,Unmodified,CAP
LS005739,34.416321,-119.426086,Modified,CAP
LS005740,34.419697,-119.455353,Unmodified,CAP
LS005741,34.419456,-119.455452,Unmodified,CAP
LS005742,34.420170,-119.453384,Unmodified,CAP
LS005743,34.419300,-119.446136,Unmodified,CAP
LS005744,34.418411,-119.442345,Unmodified,CAP
LS005745,34.420269,-119.433937,Modified,CAP
LS005746,34.420330,-119.434456,Modified,CAP
LS005747,34.420067,-119.435310,Unmodified,CAP
LS005748,34.419605,-119.431297,Unmodified,CAP
LS005749,34.418457,-119.428116,Unmodified,CAP
LS005750,34.419212,-119.428780,Unmodified,CAP
LS005751,34.419556,-119.429138,Unmodified,CAP
LS005752,34.419621,-119.428787,Unmodified,CAP
LS005753,34.420212,-119.428329,Unmodified,CAP
LS005754,34.420177,-119.426346,Modified,CAP
LS005755,34.420345,-119.426422,Modified,CAP
LS005756,34.420479,-119.426071,Modified,CAP
LS005757,34.420750,-119.428696,Modified,CAP
LS005758,34.420773,-119.428795,Modified,CAP
LS005759,34.420921,-119.428970,Modified,CAP
LS005760,34.420906,-119.429253,Modified,CAP
LS005761,34.420631,-119.428513,Modified,CAP
LS005762,34.420788,-119.430511,Modified,CAP
LS005763,34.420784,-119.430275,Modified,CAP
LS005764,34.420845,-119.430138,Modified,CAP
LS005765,34.421246,-119.433014,Modified,CAP
LS005766,34.421402,-119.433052,Modified,CAP
LS005767,34.421497,-119.433090,Modified,CAP
LS005768,34.421608,-119.432144,Modified,CAP
LS005769,34.421642,-119.431915,Modified,CAP
LS005770,34.421597,-119.431602,Modified,CAP
LS005771,34.421539,-119.432503,Modified,CAP
LS005772,34.422173,-119.433632,Unmodified,CAP
LS005773,34.422089,-119.433388,Unmodified,CAP
LS005774,34.421940,-119.433296,-9999,CAP
LS005775,34.421684,-119.433647,Modified,CAP
LS005776,34.421646,-119.433922,Modified,CAP
LS005777,34.421471,-119.434097,Modified,CAP
LS005778,34.421745,-119.434196,Unmodified,CAP
LS005779,34.422283,-119.434906,Unmodified,CAP
LS005780,34.421024,-119.439247,Unmodified,CAP
LS005781,34.422482,-119.450836,Unmodified,CAP
LS005782,34.422935,-119.451401,Unmodified,CAP
LS005783,34.423901,-119.451973,Unmodified,CAP
LS005784,34.423824,-119.451599,Unmodified,CAP
LS005785,34.423737,-119.451080,Unmodified,CAP
LS005786,34.424328,-119.452438,Unmodified,CAP
LS005787,34.422527,-119.454430,Unmodified,CAP
LS005788,34.422314,-119.456001,Unmodified,CAP
LS005789,34.422173,-119.456009,Unmodified,CAP
LS005790,34.421932,-119.455704,Unmodified,CAP
LS005791,34.422829,-119.456543,Unmodified,CAP
LS005792,34.421986,-119.457359,Unmodified,CAP
LS005793,34.425331,-119.461678,Unmodified,CAP
LS005794,34.425545,-119.461159,Unmodified,CAP
LS005795,34.425438,-119.460670,Unmodified,CAP
LS005796,34.425209,-119.459793,Unmodified,CAP
LS005797,34.425274,-119.459389,Unmodified,CAP
LS005798,34.426643,-119.461220,Unmodified,CAP
LS005799,34.426731,-119.461113,Unmodified,CAP
LS005800,34.426502,-119.460655,Unmodified,CAP
LS005801,34.427059,-119.459419,Unmodified,CAP
LS005802,34.426895,-119.459312,Unmodified,CAP
LS005803,34.427174,-119.460999,Unmodified,CAP
LS005804,34.425735,-119.452934,-9999,CAP
LS005805,34.426456,-119.448143,Unmodified,CAP
LS005806,34.426342,-119.447937,Unmodified,CAP
LS005807,34.426449,-119.447693,Modified,CAP
LS005808,34.426315,-119.447426,Modified,CAP
LS005809,34.426239,-119.447296,Modified,CAP
LS005810,34.424191,-119.438667,Unmodified,CAP
LS005811,34.424168,-119.438332,Unmodified,CAP
LS005812,34.423859,-119.438393,Unmodified,CAP
LS005813,34.425011,-119.438110,Modified,CAP
LS005814,34.424782,-119.438004,Unmodified,CAP
LS005815,34.427448,-119.424660,Unmodified,CAP
LS005816,34.427319,-119.424622,Unmodified,CAP
LS005817,34.426987,-119.426353,Unmodified,CAP
LS005818,34.426971,-119.426659,Unmodified,CAP
LS005819,34.428623,-119.432480,Unmodified,CAP
LS005820,34.426796,-119.430305,Unmodified,CAP
LS005821,34.426899,-119.440063,Unmodified,CAP
LS005822,34.426777,-119.440109,Unmodified,CAP
LS005823,34.426743,-119.440056,Unmodified,CAP
LS005824,34.426708,-119.439583,Unmodified,CAP
LS005825,34.427090,-119.440559,Unmodified,CAP
LS005826,34.427116,-119.448112,Modified,CAP
LS005827,34.427357,-119.448456,-9999,CAP
LS005828,34.427288,-119.448433,-9999,CAP
LS005829,34.427235,-119.448769,Unmodified,CAP
LS005830,34.427414,-119.448631,-9999,CAP
LS005831,34.427635,-119.448784,-9999,CAP
LS005832,34.427711,-119.449028,-9999,CAP
LS005833,34.427502,-119.449203,Unmodified,CAP
LS005834,34.427357,-119.449249,Unmodified,CAP
LS005835,34.427708,-119.449249,Unmodified,CAP
LS005836,34.427811,-119.449432,-9999,CAP
LS005837,34.427490,-119.449730,Unmodified,CAP
LS005838,34.427803,-119.449707,Unmodified,CAP
LS005839,34.427994,-119.449730,-9999,CAP
LS005840,34.428131,-119.450165,Modified,CAP
LS005841,34.428040,-119.450333,Unmodified,CAP
LS005842,34.427822,-119.450356,Unmodified,CAP
LS005843,34.428146,-119.450447,Unmodified,CAP
LS005844,34.428146,-119.450661,Unmodified,CAP
LS005845,34.428265,-119.450974,Unmodified,CAP
LS005846,34.428230,-119.451248,Unmodified,CAP
LS005847,34.428619,-119.450996,Modified,CAP
LS005848,34.428349,-119.455994,Unmodified,CAP
LS005849,34.428406,-119.455353,Unmodified,CAP
LS005850,34.427620,-119.456932,Unmodified,CAP
LS005851,34.427139,-119.456985,Unmodified,CAP
LS005852,34.427895,-119.458099,Unmodified,CAP
LS005853,34.428230,-119.458618,Unmodified,CAP
LS005854,34.427811,-119.458557,Unmodified,CAP
LS005855,34.431301,-119.459160,Unmodified,CAP
LS005856,34.431561,-119.457748,Unmodified,CAP
LS005857,34.430569,-119.456291,Unmodified,CAP
LS005858,34.430412,-119.456596,Unmodified,CAP
LS005859,34.430370,-119.456673,Unmodified,CAP
LS005860,34.430630,-119.455978,Unmodified,CAP
LS005861,34.431602,-119.456322,Unmodified,CAP
LS005862,34.431488,-119.454468,Unmodified,CAP
LS005863,34.431007,-119.453835,Unmodified,CAP
LS005864,34.431042,-119.453583,Unmodified,CAP
LS005865,34.430702,-119.454247,Unmodified,CAP
LS005866,34.430519,-119.454163,Unmodified,CAP
LS005867,34.431057,-119.453125,Unmodified,CAP
LS005868,34.430237,-119.452347,Unmodified,CAP
LS005869,34.431370,-119.452133,Unmodified,CAP
LS005870,34.431446,-119.451935,Unmodified,CAP
LS005871,34.431396,-119.451660,Unmodified,CAP
LS005872,34.431091,-119.450577,Unmodified,CAP
LS005873,34.429932,-119.449860,Unmodified,CAP
LS005874,34.430435,-119.447845,Unmodified,CAP
LS005875,34.430550,-119.447624,Unmodified,CAP
LS005876,34.430676,-119.447426,Unmodified,CAP
LS005877,34.430504,-119.446320,Unmodified,CAP
LS005878,34.432007,-119.446060,Unmodified,CAP
LS005879,34.430149,-119.443138,Unmodified,CAP
LS005880,34.430305,-119.442848,Unmodified,CAP
LS005881,34.430286,-119.442459,Unmodified,CAP
LS005882,34.430107,-119.441994,Unmodified,CAP
LS005883,34.429699,-119.442001,Unmodified,CAP
LS005884,34.430061,-119.441292,Unmodified,CAP
LS005885,34.430485,-119.440758,Unmodified,CAP
LS005886,34.430305,-119.440430,Unmodified,CAP
LS005887,34.430004,-119.437759,Unmodified,CAP
LS005888,34.431683,-119.435921,Unmodified,CAP
LS005889,34.431713,-119.435585,Unmodified,CAP
LS005890,34.431656,-119.435318,Unmodified,CAP
LS005891,34.430573,-119.434822,Unmodified,CAP
LS005892,34.429253,-119.434090,Unmodified,CAP
LS005893,34.429131,-119.433937,Unmodified,CAP
LS005894,34.429165,-119.433556,Unmodified,CAP
LS005895,34.431370,-119.433830,Unmodified,CAP
LS005896,34.432205,-119.423820,Unmodified,CAP
LS005897,34.434132,-119.424843,Unmodified,CAP
LS005898,34.433685,-119.428596,Unmodified,CAP
LS005899,34.432816,-119.435318,Unmodified,CAP
LS005900,34.434200,-119.437386,Unmodified,CAP
LS005901,34.434189,-119.438309,Unmodified,CAP
LS005902,34.432499,-119.439507,Unmodified,CAP
LS005903,34.433029,-119.441742,Unmodified,CAP
LS005904,34.433346,-119.442230,Unmodified,CAP
LS005905,34.434273,-119.442276,Unmodified,CAP
LS005906,34.432892,-119.442711,Unmodified,CAP
LS005907,34.434414,-119.443939,Unmodified,CAP
LS005908,34.433853,-119.446396,Unmodified,CAP
LS005909,34.433846,-119.445671,Unmodified,CAP
LS005910,34.434692,-119.446297,Unmodified,CAP
LS005911,34.434006,-119.451378,Unmodified,CAP
LS005912,34.433475,-119.450874,Unmodified,CAP
LS005913,34.433754,-119.458298,Unmodified,CAP
LS005914,34.436207,-119.459335,Unmodified,CAP
LS005915,34.436314,-119.458138,Unmodified,CAP
LS005916,34.437431,-119.458321,Unmodified,CAP
LS005917,34.436630,-119.457184,Unmodified,CAP
LS005918,34.436096,-119.456276,Unmodified,CAP
LS005919,34.437798,-119.457039,Unmodified,CAP
LS005920,34.437019,-119.455513,Unmodified,CAP
LS005921,34.435486,-119.453857,Unmodified,CAP
LS005922,34.435364,-119.453972,Unmodified,CAP
LS005923,34.437080,-119.450249,Unmodified,CAP
LS005924,34.436394,-119.450996,Unmodified,CAP
LS005925,34.434628,-119.450333,Unmodified,CAP
LS005926,34.435162,-119.450401,Unmodified,CAP
LS005927,34.435196,-119.449623,Unmodified,CAP
LS005928,34.435627,-119.449539,Unmodified,CAP
LS005929,34.437950,-119.450172,Unmodified,CAP
LS005930,34.437458,-119.449219,Unmodified,CAP
LS005931,34.437424,-119.449074,Unmodified,CAP
LS005932,34.437092,-119.448624,Unmodified,CAP
LS005933,34.436787,-119.448799,Unmodified,CAP
LS005934,34.436432,-119.448479,Unmodified,CAP
LS005935,34.436733,-119.447411,Unmodified,CAP
LS005936,34.437401,-119.447769,Unmodified,CAP
LS005937,34.436035,-119.448212,Unmodified,CAP
LS005938,34.435806,-119.448326,Unmodified,CAP
LS005939,34.435730,-119.448425,Unmodified,CAP
LS005940,34.435791,-119.446732,Unmodified,CAP
LS005941,34.436489,-119.446861,Unmodified,CAP
LS005942,34.437531,-119.446800,Unmodified,CAP
LS005943,34.435505,-119.445595,Unmodified,CAP
LS005944,34.434986,-119.445213,Unmodified,CAP
LS005945,34.437263,-119.444672,Unmodified,CAP
LS005946,34.437500,-119.441994,Unmodified,CAP
LS005947,34.436558,-119.439491,Unmodified,CAP
LS005948,34.436485,-119.439636,Unmodified,CAP
LS005949,34.436779,-119.438469,Unmodified,CAP
LS005950,34.436947,-119.437553,Unmodified,CAP
LS005951,34.436432,-119.438141,Unmodified,CAP
LS005952,34.435314,-119.436653,Unmodified,CAP
LS005953,34.437248,-119.434097,Unmodified,CAP
LS005954,34.437153,-119.434105,Unmodified,CAP
LS005955,34.437267,-119.433937,Unmodified,CAP
LS005956,34.434784,-119.434700,Unmodified,CAP
LS005957,34.434715,-119.435486,Unmodified,CAP
LS005958,34.434490,-119.435234,Unmodified,CAP
LS005959,34.435127,-119.432739,Unmodified,CAP
LS005960,34.436550,-119.430702,Unmodified,CAP
LS005961,34.436615,-119.428360,Unmodified,CAP
LS005962,34.437214,-119.424026,Unmodified,CAP
LS005963,34.439182,-119.426727,Unmodified,CAP
LS005964,34.437435,-119.426643,Unmodified,CAP
LS005965,34.436531,-119.427330,Unmodified,CAP
LS005966,34.436954,-119.425186,Unmodified,CAP
LS005967,34.437054,-119.424835,Unmodified,CAP
LS005968,34.437336,-119.431252,Unmodified,CAP
LS005969,34.437630,-119.432594,Unmodified,CAP
LS005970,34.437565,-119.433739,Unmodified,CAP
LS005971,34.438091,-119.433655,Unmodified,CAP
LS005972,34.438198,-119.433578,Unmodified,CAP
LS005973,34.435154,-119.435753,Unmodified,CAP
LS005974,34.434704,-119.435989,Unmodified,CAP
LS005975,34.437500,-119.435745,Unmodified,CAP
LS005976,34.437458,-119.435883,Unmodified,CAP
LS005977,34.439037,-119.439445,Unmodified,CAP
LS005978,34.439503,-119.444168,Unmodified,CAP
LS005979,34.439041,-119.443848,Unmodified,CAP
LS005980,34.438530,-119.446472,Unmodified,CALOES
LS005981,34.439751,-119.446846,Unmodified,CAP
LS005982,34.439583,-119.446777,Unmodified,CAP
LS005983,34.439655,-119.446770,Unmodified,CAP
LS005984,34.439098,-119.446686,Unmodified,CAP
LS005985,34.437862,-119.448463,Unmodified,CAP
LS005986,34.438679,-119.450226,Unmodified,CAP
LS005987,34.438904,-119.450241,Unmodified,CAP
LS005988,34.438972,-119.451805,Unmodified,CAP
LS005989,34.439056,-119.451828,Unmodified,CAP
LS005990,34.439259,-119.450256,Unmodified,CAP
LS005991,34.439445,-119.458405,Unmodified,CAP
LS005992,34.440117,-119.459229,Unmodified,CAP
LS005993,34.438480,-119.459328,Unmodified,CAP
LS005994,34.441692,-119.460869,Unmodified,CAP
LS005995,34.441723,-119.460503,Unmodified,CAP
LS005996,34.441681,-119.459801,Unmodified,CAP
LS005997,34.441521,-119.460114,Unmodified,CAP
LS005998,34.441830,-119.459244,Unmodified,CAP
LS005999,34.442142,-119.459389,Unmodified,CAP
LS006000,34.441978,-119.459328,Unmodified,CAP
LS006001,34.442139,-119.459061,Unmodified,CAP
LS006002,34.442425,-119.456978,Unmodified,CAP
LS006003,34.442036,-119.454269,Unmodified,CAP
LS006004,34.441708,-119.453766,Unmodified,CAP
LS006005,34.440880,-119.453705,Unmodified,CAP
LS006006,34.443596,-119.442314,Unmodified,CAP
LS006007,34.442471,-119.441940,Unmodified,CAP
LS006008,34.442905,-119.443245,Unmodified,CAP
LS006009,34.440617,-119.443237,Unmodified,CAP
LS006010,34.440437,-119.443108,Unmodified,CAP
LS006011,34.440605,-119.442963,Unmodified,CAP
LS006012,34.442806,-119.438484,Unmodified,CAP
LS006013,34.442623,-119.438248,Unmodified,CAP
LS006014,34.442696,-119.438705,Unmodified,CAP
LS006015,34.442177,-119.434090,Unmodified,CAP
LS006016,34.442375,-119.430450,Unmodified,CAP
LS006017,34.443634,-119.442879,Unmodified,CAP
LS006018,34.443584,-119.442734,Unmodified,CAP
LS006019,34.443691,-119.450577,Unmodified,CAP
LS006020,34.443901,-119.451851,Unmodified,CAP
LS006021,34.443817,-119.454247,Unmodified,CAP
LS006022,34.443729,-119.457138,Unmodified,CAP
LS006023,34.443851,-119.459007,Unmodified,CAP
LS006024,34.443939,-119.459778,Unmodified,CAP
LS006025,34.444168,-119.459671,Unmodified,CAP
LS006026,34.443993,-119.461014,Unmodified,CAP
LS006027,34.444481,-119.460793,Unmodified,CAP
LS006028,34.471767,-119.421219,Unmodified,CAP
LS006029,34.471237,-119.420677,Unmodified,CAP
LS006030,34.471302,-119.420593,Unmodified,CAP
LS006031,34.471352,-119.420448,Unmodified,CAP
LS006032,34.470768,-119.419746,Unmodified,CAP
LS006033,34.470570,-119.418198,Unmodified,CAP
LS006034,34.468216,-119.419403,Unmodified,CAP
LS006035,34.468170,-119.419250,Unmodified,CAP
LS006036,34.468597,-119.420158,Unmodified,CAP
LS006037,34.468208,-119.417938,Unmodified,CAP
LS006038,34.466412,-119.420227,Unmodified,CAP
LS006039,34.466282,-119.419792,Unmodified,CAP
LS006040,34.466270,-119.418533,Unmodified,CAP
LS006041,34.466141,-119.418312,Unmodified,CAP
LS006042,34.465565,-119.419777,Unmodified,CAP
LS006043,34.464443,-119.420692,Unmodified,CAP
LS006044,34.463787,-119.421455,Unmodified,CAP
LS006045,34.463730,-119.421249,Unmodified,CAP
LS006046,34.463272,-119.421005,Unmodified,CAP
LS006047,34.463696,-119.420639,Unmodified,CAP
LS006048,34.463356,-119.420845,Unmodified,CAP
LS006049,34.463253,-119.420006,Unmodified,CAP
LS006050,34.463585,-119.419502,Unmodified,CAP
LS006051,34.463234,-119.422035,Unmodified,CAP
LS006052,34.463051,-119.420021,Unmodified,CAP
LS006053,34.462952,-119.419807,Unmodified,CAP
LS006054,34.462723,-119.419739,Unmodified,CAP
LS006055,34.462410,-119.420189,Unmodified,CAP
LS006056,34.462746,-119.419403,Unmodified,CAP
LS006057,34.462887,-119.419006,Unmodified,CAP
LS006058,34.463421,-119.418999,Unmodified,CAP
LS006059,34.462681,-119.418961,Unmodified,CAP
LS006060,34.462902,-119.418594,Unmodified,CAP
LS006061,34.462994,-119.418182,Unmodified,CAP
LS006062,34.462425,-119.420753,Unmodified,CAP
LS006063,34.462479,-119.420853,Unmodified,CAP
LS006064,34.462456,-119.420929,Unmodified,CAP
LS006065,34.462654,-119.421547,Unmodified,CAP
LS006066,34.462330,-119.421471,Unmodified,CAP
LS006067,34.462170,-119.421722,Unmodified,CAP
LS006068,34.462143,-119.421570,Unmodified,CAP
LS006069,34.462276,-119.421898,Unmodified,CAP
LS006070,34.462631,-119.422379,Unmodified,CAP
LS006071,34.463428,-119.418121,Unmodified,CAP
LS006072,34.463043,-119.417870,Unmodified,CAP
LS006073,34.462967,-119.417732,Unmodified,CAP
LS006074,34.462940,-119.417648,Unmodified,CAP
LS006075,34.462929,-119.417542,Unmodified,CAP
LS006076,34.463024,-119.417450,Unmodified,CAP
LS006077,34.462826,-119.417252,Unmodified,CAP
LS006078,34.462788,-119.417099,Unmodified,CAP
LS006079,34.462994,-119.416779,Unmodified,CAP
LS006080,34.463425,-119.416954,Unmodified,CAP
LS006081,34.462933,-119.416740,Unmodified,CAP
LS006082,34.462914,-119.416687,Unmodified,CAP
LS006083,34.462852,-119.416557,Unmodified,CAP
LS006084,34.462727,-119.416550,Unmodified,CAP
LS006085,34.462681,-119.416458,Unmodified,CAP
LS006086,34.462723,-119.416008,Unmodified,CAP
LS006087,34.462875,-119.415840,Unmodified,CAP
LS006088,34.462673,-119.415863,Unmodified,CAP
LS006089,34.462257,-119.415237,Unmodified,CAP
LS006090,34.462128,-119.414688,Unmodified,CAP
LS006091,34.462109,-119.414009,Unmodified,CAP
LS006092,34.461903,-119.413597,Unmodified,CAP
LS006093,34.460949,-119.414589,Unmodified,CAP
LS006094,34.460754,-119.414597,Unmodified,CAP
LS006095,34.460934,-119.414749,Unmodified,CAP
LS006096,34.460785,-119.414673,Unmodified,CAP
LS006097,34.460812,-119.415024,Unmodified,CAP
LS006098,34.460705,-119.415031,Unmodified,CAP
LS006099,34.460934,-119.415466,Unmodified,CAP
LS006100,34.460995,-119.415329,Unmodified,CAP
LS006101,34.461018,-119.415710,Unmodified,CAP
LS006102,34.461128,-119.415916,Unmodified,CAP
LS006103,34.461033,-119.416023,Unmodified,CAP
LS006104,34.461018,-119.416107,Unmodified,CAP
LS006105,34.461147,-119.416344,Unmodified,CAP
LS006106,34.461208,-119.416412,Unmodified,CAP
LS006107,34.461296,-119.416504,Unmodified,CAP
LS006108,34.461338,-119.416580,Unmodified,CAP
LS006109,34.461311,-119.416702,Unmodified,CAP
LS006110,34.461288,-119.416840,Unmodified,CAP
LS006111,34.461315,-119.417213,Unmodified,CAP
LS006112,34.461258,-119.417328,Unmodified,CAP
LS006113,34.461441,-119.418060,Unmodified,CAP
LS006114,34.461243,-119.418106,Unmodified,CAP
LS006115,34.461246,-119.418663,Unmodified,CAP
LS006116,34.461094,-119.418571,Unmodified,CAP
LS006117,34.461193,-119.419403,Unmodified,CAP
LS006118,34.460339,-119.419556,Unmodified,CAP
LS006119,34.460285,-119.419113,Unmodified,CAP
LS006120,34.460464,-119.422325,Unmodified,CAP
LS006121,34.459789,-119.418221,Unmodified,CAP
LS006122,34.460243,-119.417053,Unmodified,CAP
LS006123,34.459991,-119.415817,Unmodified,CAP
LS006124,34.459904,-119.415550,Unmodified,CAP
LS006125,34.459843,-119.415306,Unmodified,CAP
LS006126,34.459267,-119.415466,Unmodified,CAP
LS006127,34.459370,-119.415565,Unmodified,CAP
LS006128,34.459366,-119.415749,Unmodified,CAP
LS006129,34.459610,-119.419563,Unmodified,CAP
LS006130,34.458019,-119.416023,Unmodified,CAP
LS006131,34.457291,-119.420387,Unmodified,CAP
LS006132,34.456593,-119.419807,Unmodified,CAP
LS006133,34.456589,-119.418861,Unmodified,CAP
LS006134,34.456482,-119.421982,Unmodified,CAP
LS006135,34.455925,-119.416718,Unmodified,CAP
LS006136,34.455105,-119.418640,Unmodified,CAP
LS006137,34.455437,-119.420517,Unmodified,CAP
LS006138,34.454575,-119.421783,Modified,CAP
LS006139,34.453712,-119.412987,Unmodified,CAP
LS006140,34.453400,-119.410576,Unmodified,CAP
LS006141,34.453350,-119.410477,Unmodified,CAP
LS006142,34.449303,-119.417725,Modified,CAP
LS006143,34.448124,-119.419601,Unmodified,CAP
LS006144,34.448158,-119.419548,Unmodified,CAP
LS006145,34.449036,-119.421875,Unmodified,CAP
LS006146,34.448769,-119.421852,Unmodified,CAP
LS006147,34.448753,-119.421783,Unmodified,CAP
LS006148,34.448761,-119.421669,Unmodified,CAP
LS006149,34.448898,-119.420876,-9999,CAP
LS006150,34.448566,-119.421371,Unmodified,CAP
LS006151,34.449856,-119.422112,Unmodified,CAP
LS006152,34.449997,-119.422150,Unmodified,CAP
LS006153,34.450146,-119.422180,Modified,CAP
LS006154,34.450272,-119.422379,Modified,CAP
LS006155,34.450325,-119.422516,Modified,CAP
LS006156,34.450336,-119.422585,Modified,CAP
LS006157,34.449039,-119.422264,Unmodified,CAP
LS006158,34.448997,-119.422325,Unmodified,CAP
LS006159,34.448406,-119.422302,Unmodified,CAP
LS006160,34.448536,-119.422249,Unmodified,CAP
LS006161,34.448578,-119.422272,Unmodified,CAP
LS006162,34.447659,-119.421059,Modified,CAP
LS006163,34.447601,-119.421074,Modified,CAP
LS006164,34.447693,-119.418365,Unmodified,CAP
LS006165,34.445648,-119.416603,Unmodified,CAP
LS006166,34.445633,-119.416138,Unmodified,CAP
LS006167,34.445591,-119.415962,Unmodified,CAP
LS006168,34.445461,-119.415688,Unmodified,CAP
LS006169,34.443943,-119.415359,Unmodified,CAP
LS006170,34.444702,-119.416306,Unmodified,CAP
LS006171,34.444645,-119.416534,Unmodified,CAP
LS006172,34.444553,-119.420975,Unmodified,CAP
LS006173,34.443150,-119.411995,Unmodified,CAP
LS006174,34.442478,-119.413002,Unmodified,CAP
LS006175,34.442509,-119.421989,Unmodified,CAP
LS006176,34.441479,-119.411140,Unmodified,CAP
LS006177,34.441017,-119.411407,Unmodified,CAP
LS006178,34.441776,-119.411865,Unmodified,CAP
LS006179,34.441486,-119.413063,Unmodified,CAP
LS006180,34.441391,-119.413261,Unmodified,CAP
LS006181,34.441284,-119.413399,Unmodified,CAP
LS006182,34.441235,-119.413658,Unmodified,CAP
LS006183,34.441269,-119.413834,Unmodified,CAP
LS006184,34.441402,-119.414101,Unmodified,CAP
LS006185,34.441425,-119.414230,Unmodified,CAP
LS006186,34.441391,-119.418053,Unmodified,CAP
LS006187,34.440578,-119.417786,Modified,CAP
LS006188,34.441177,-119.419533,Unmodified,CAP
LS006189,34.441158,-119.419807,Unmodified,CAP
LS006190,34.441418,-119.422951,Unmodified,CAP
LS006191,34.440060,-119.420685,Unmodified,CAP
LS006192,34.440006,-119.410820,Unmodified,CAP
LS006193,34.438210,-119.416069,Unmodified,CAP
LS006194,34.439049,-119.417702,Modified,CAP
LS006195,34.438305,-119.417870,Modified,CAP
LS006196,34.438160,-119.420685,Unmodified,CAP
LS006197,34.438236,-119.420876,Unmodified,CAP
LS006198,34.438183,-119.420883,Unmodified,CAP
LS006199,34.436810,-119.422501,Unmodified,CAP
LS006200,34.436131,-119.423531,Unmodified,CAP
LS006201,34.435909,-119.423096,Unmodified,CAP
LS006202,34.435848,-119.422981,Unmodified,CAP
LS006203,34.436066,-119.422607,Unmodified,CAP
LS006204,34.436455,-119.420113,Unmodified,CAP
LS006205,34.434662,-119.423035,Unmodified,CAP
LS006206,34.434677,-119.418907,Unmodified,CAP
LS006207,34.435390,-119.417313,Unmodified,CAP
LS006208,34.435165,-119.417000,Unmodified,CAP
LS006209,34.435139,-119.414299,Unmodified,CAP
LS006210,34.435375,-119.414551,Unmodified,CAP
LS006211,34.434280,-119.412949,Unmodified,CAP
LS006212,34.434193,-119.412971,Unmodified,CAP
LS006213,34.435043,-119.412910,Unmodified,CAP
LS006214,34.433765,-119.414276,Unmodified,CAP
LS006215,34.433937,-119.413879,Unmodified,CAP
LS006216,34.433670,-119.413635,Unmodified,CAP
LS006217,34.433968,-119.413017,Unmodified,CAP
LS006218,34.434002,-119.412804,Unmodified,CAP
LS006219,34.434105,-119.412750,Unmodified,CAP
LS006220,34.434299,-119.412689,Unmodified,CAP
LS006221,34.434208,-119.412689,Unmodified,CAP
LS006222,34.436039,-119.410957,Unmodified,CAP
LS006223,34.433434,-119.412399,Unmodified,CAP
LS006224,34.433151,-119.412392,Unmodified,CAP
LS006225,34.433098,-119.412361,Unmodified,CAP
LS006226,34.433743,-119.412384,Unmodified,CAP
LS006227,34.432926,-119.412796,Unmodified,CAP
LS006228,34.432770,-119.412689,Unmodified,CAP
LS006229,34.432346,-119.412125,Unmodified,CAP
LS006230,34.433403,-119.413246,Unmodified,CAP
LS006231,34.433567,-119.413055,Unmodified,CAP
LS006232,34.433750,-119.413261,Unmodified,CAP
LS006233,34.433689,-119.413254,Unmodified,CAP
LS006234,34.433872,-119.413200,Unmodified,CAP
LS006235,34.433712,-119.413101,Unmodified,CAP
LS006236,34.432102,-119.419838,Unmodified,CAP
LS006237,34.432484,-119.420212,Unmodified,CAP
LS006238,34.433220,-119.419724,Unmodified,CAP
LS006239,34.433582,-119.423439,Unmodified,CAP
LS006240,34.431610,-119.423553,Unmodified,CAP
LS006241,34.431633,-119.423668,Unmodified,CAP
LS006242,34.431618,-119.423836,Unmodified,CAP
LS006243,34.428345,-119.415428,Unmodified,CAP
LS006244,34.429806,-119.415421,Modified,CAP
LS006245,34.430283,-119.416718,Modified,CAP
LS006246,34.429996,-119.417488,Unmodified,CAP
LS006247,34.427101,-119.423615,Unmodified,CAP
LS006248,34.427929,-119.420502,Unmodified,CAP
LS006249,34.426933,-119.420830,Unmodified,CAP
LS006250,34.426102,-119.422516,Unmodified,CAP
LS006251,34.426754,-119.419083,Unmodified,CAP
LS006252,34.426903,-119.416443,Unmodified,CAP
LS006253,34.427021,-119.416573,Unmodified,CAP
LS006254,34.426460,-119.416275,Unmodified,CAP
LS006255,34.426571,-119.415230,Unmodified,CAP
LS006256,34.426193,-119.413597,Unmodified,CAP
LS006257,34.425632,-119.413994,Unmodified,CAP
LS006258,34.425591,-119.414185,Unmodified,CAP
LS006259,34.424561,-119.414360,Unmodified,CAP
LS006260,34.425343,-119.417198,Unmodified,CAP
LS006261,34.424450,-119.418022,Unmodified,CAP
LS006262,34.424099,-119.419151,Unmodified,CAP
LS006263,34.424034,-119.420113,Unmodified,CAP
LS006264,34.424477,-119.420776,Unmodified,CAP
LS006265,34.424557,-119.420799,Unmodified,CAP
LS006266,34.425049,-119.421158,Unmodified,CAP
LS006267,34.425594,-119.421860,Unmodified,CAP
LS006268,34.422180,-119.419731,Unmodified,CAP
LS006269,34.422901,-119.417694,Unmodified,CAP
LS006270,34.420059,-119.419174,Unmodified,CAP
LS006271,34.419865,-119.416199,Unmodified,CALOES
LS006272,34.419170,-119.423531,Modified,CAP
LS006273,34.419144,-119.423500,Modified,CAP
LS006274,34.419125,-119.423447,Modified,CAP
LS006275,34.418983,-119.423409,Modified,CAP
LS006276,34.418896,-119.423302,Modified,CAP
LS006277,34.419151,-119.422531,-9999,CAP
LS006278,34.418358,-119.421074,Unmodified,CAP
LS006279,34.418716,-119.418770,Unmodified,CAP
LS006280,34.416401,-119.419800,Unmodified,CAP
LS006281,34.413689,-119.417564,Unmodified,CAP
LS006282,34.475307,-119.441193,Unmodified,CAP
LS006283,34.477165,-119.429810,-9999,CAP
LS006284,34.481133,-119.453957,Unmodified,CAP
LS006285,34.481190,-119.458710,Unmodified,CAP
LS006286,34.481068,-119.458252,Unmodified,CAP
LS006287,34.480553,-119.457962,Unmodified,CAP
LS006288,34.482246,-119.459389,Unmodified,CAP
LS006289,34.482044,-119.459167,Unmodified,CAP
LS006290,34.483318,-119.448875,Unmodified,CAP
LS006291,34.483456,-119.448761,Unmodified,CAP
LS006292,34.483280,-119.445084,Unmodified,CAP
LS006293,34.489437,-119.455589,Unmodified,CAP
LS006294,34.411804,-119.489700,Modified,CAP
LS006295,34.412476,-119.481003,Unmodified,CAP
LS006296,34.411964,-119.479523,Modified,CAP
LS006297,34.412247,-119.462547,Unmodified,CAP
LS006298,34.412247,-119.462456,Unmodified,CAP
LS006299,34.410027,-119.463501,Modified,CAP
LS006300,34.409882,-119.463326,Modified,CAP
LS006301,34.409775,-119.463043,Modified,CAP
LS006302,34.408607,-119.469170,Modified,CAP
LS006303,34.412373,-119.462158,Unmodified,CAP
LS006304,34.412273,-119.462242,Unmodified,CAP
LS006305,34.412205,-119.462326,Unmodified,CAP
LS006306,34.411682,-119.461502,Unmodified,CAP
LS006307,34.411160,-119.461464,Unmodified,CAP
LS006308,34.411327,-119.460693,Unmodified,CAP
LS006309,34.411648,-119.460854,Unmodified,CAP
LS006310,34.410885,-119.460114,Unmodified,CAP
LS006311,34.411720,-119.459793,Unmodified,CAP
LS006312,34.410915,-119.459312,Unmodified,CAP
LS006313,34.412682,-119.458710,Unmodified,CAP
LS006314,34.412708,-119.458206,Unmodified,CAP
LS006315,34.412720,-119.457726,Unmodified,CAP
LS006316,34.412758,-119.457588,Unmodified,CAP
LS006317,34.412727,-119.457382,Unmodified,CAP
LS006318,34.411209,-119.456963,Unmodified,CAP
LS006319,34.410179,-119.455742,Unmodified,CAP
LS006320,34.410225,-119.456284,Unmodified,CAP
LS006321,34.410816,-119.456413,Unmodified,CAP
LS006322,34.410877,-119.456284,Unmodified,CAP
LS006323,34.410736,-119.456131,Unmodified,CAP
LS006324,34.411915,-119.456398,Unmodified,CAP
LS006325,34.411934,-119.455688,Unmodified,CAP
LS006326,34.411636,-119.455261,Unmodified,CAP
LS006327,34.411449,-119.455078,Unmodified,CAP
LS006328,34.412151,-119.455193,Unmodified,CAP
LS006329,34.412300,-119.454781,Unmodified,CAP
LS006330,34.412586,-119.454369,Unmodified,CAP
LS006331,34.412498,-119.454338,Unmodified,CAP
LS006332,34.411728,-119.454666,Unmodified,CAP
LS006333,34.411472,-119.454430,Unmodified,CAP
LS006334,34.411423,-119.454422,Unmodified,CAP
LS006335,34.411427,-119.453903,Unmodified,CAP
LS006336,34.411514,-119.453674,Unmodified,CAP
LS006337,34.411404,-119.453667,Unmodified,CAP
LS006338,34.411278,-119.453346,Unmodified,CAP
LS006339,34.410988,-119.453117,Unmodified,CAP
LS006340,34.411152,-119.453239,Unmodified,CAP
LS006341,34.410507,-119.446625,Unmodified,CAP
LS006342,34.410484,-119.446251,Unmodified,CAP
LS006343,34.410099,-119.446442,Unmodified,CAP
LS006344,34.410023,-119.446564,Unmodified,CAP
LS006345,34.409992,-119.446396,Unmodified,CAP
LS006346,34.409916,-119.446190,Unmodified,CAP
LS006347,34.409908,-119.446007,Unmodified,CAP
LS006348,34.410267,-119.445847,Unmodified,CAP
LS006349,34.411129,-119.445786,Unmodified,CAP
LS006350,34.410992,-119.445671,Unmodified,CAP
LS006351,34.412056,-119.445816,Unmodified,CAP
LS006352,34.412346,-119.446098,Unmodified,CAP
LS006353,34.410637,-119.441788,Unmodified,CAP
LS006354,34.411205,-119.442261,Unmodified,CAP
LS006355,34.411057,-119.426628,Unmodified,CAP
LS006356,34.410965,-119.426598,Unmodified,CAP
LS006357,34.407887,-119.430283,Unmodified,CAP
LS006358,34.407654,-119.432602,Unmodified,CAP
LS006359,34.407852,-119.431664,Unmodified,CAP
LS006360,34.408524,-119.436508,Unmodified,CAP
LS006361,34.408798,-119.435837,Unmodified,CAP
LS006362,34.407623,-119.436813,Unmodified,CAP
LS006363,34.408157,-119.436943,Unmodified,CAP
LS006364,34.407726,-119.439133,Unmodified,CAP
LS006365,34.407188,-119.439728,Unmodified,CAP
LS006366,34.407398,-119.442360,-9999,CAP
LS006367,34.407227,-119.442055,Unmodified,CAP
LS006368,34.407207,-119.441704,Unmodified,CAP
LS006369,34.407173,-119.441658,Unmodified,CAP
LS006370,34.407425,-119.441879,Modified,CAP
LS006371,34.407574,-119.441727,Modified,CAP
LS006372,34.407417,-119.441376,Modified,CAP
LS006373,34.407097,-119.441185,Unmodified,CAP
LS006374,34.407085,-119.441086,Unmodified,CAP
LS006375,34.407181,-119.441032,Unmodified,CAP
LS006376,34.407421,-119.442757,Modified,CAP
LS006377,34.409534,-119.443245,Unmodified,CALOES
LS006378,34.409214,-119.443283,Unmodified,CAP
LS006379,34.409058,-119.443268,Unmodified,CAP
LS006380,34.408813,-119.442848,Unmodified,CAP
LS006381,34.408707,-119.443077,Unmodified,CAP
LS006382,34.408657,-119.443108,Unmodified,CAP
LS006383,34.408600,-119.443108,Unmodified,CAP
LS006384,34.408459,-119.443321,Unmodified,CAP
LS006385,34.408905,-119.444077,Modified,CAP
LS006386,34.408211,-119.443649,-9999,CAP
LS006387,34.408047,-119.443832,Modified,CAP
LS006388,34.407837,-119.443840,Modified,CAP
LS006389,34.407772,-119.449699,Unmodified,CAP
LS006390,34.407768,-119.452232,Unmodified,CAP
LS006391,34.408939,-119.452156,Unmodified,CAP
LS006392,34.409081,-119.454231,Unmodified,CAP
LS006393,34.410355,-119.459061,Unmodified,CAP
LS006394,34.410061,-119.458878,Unmodified,CAP
LS006395,34.406651,-119.455666,Modified,CAP
LS006396,34.407391,-119.455963,-9999,CAP
LS006397,34.407524,-119.455498,-9999,CAP
LS006398,34.407356,-119.455406,-9999,CAP
LS006399,34.407291,-119.455360,-9999,CAP
LS006400,34.407112,-119.455307,-9999,CAP
LS006401,34.407089,-119.455055,Unmodified,CAP
LS006402,34.406975,-119.454475,Unmodified,CAP
LS006403,34.406738,-119.454102,Unmodified,CAP
LS006404,34.404793,-119.454239,-9999,CAP
LS006405,34.405556,-119.452393,Unmodified,CAP
LS006406,34.405590,-119.452133,Unmodified,CAP
LS006407,34.406376,-119.452652,Unmodified,CAP
LS006408,34.406708,-119.451820,Unmodified,CAP
LS006409,34.405807,-119.451439,Unmodified,CAP
LS006410,34.405586,-119.451012,Unmodified,CAP
LS006411,34.405605,-119.451157,Unmodified,CAP
LS006412,34.404842,-119.450966,Unmodified,CAP
LS006413,34.404751,-119.450890,Unmodified,CAP
LS006414,34.404640,-119.450722,Unmodified,CAP
LS006415,34.404480,-119.450882,Unmodified,CAP
LS006416,34.404346,-119.450844,Unmodified,CAP
LS006417,34.404213,-119.451118,Unmodified,CAP
LS006418,34.404144,-119.451271,Unmodified,CAP
LS006419,34.407173,-119.449249,Unmodified,CAP
LS006420,34.406464,-119.448601,Unmodified,CAP
LS006421,34.406380,-119.448807,Unmodified,CAP
LS006422,34.405888,-119.449066,Unmodified,CAP
LS006423,34.405739,-119.448631,Unmodified,CAP
LS006424,34.405460,-119.448524,Unmodified,CAP
LS006425,34.405373,-119.448532,Unmodified,CAP
LS006426,34.405331,-119.448273,Unmodified,CAP
LS006427,34.405144,-119.448143,Unmodified,CAP
LS006428,34.405048,-119.448448,Unmodified,CAP
LS006429,34.404926,-119.448296,Unmodified,CAP
LS006430,34.404865,-119.448235,Unmodified,CAP
LS006431,34.404526,-119.448044,Unmodified,CAP
LS006432,34.405003,-119.447502,Unmodified,CAP
LS006433,34.404953,-119.447418,Unmodified,CAP
LS006434,34.404984,-119.443916,Modified,CAP
LS006435,34.406860,-119.441589,Unmodified,CAP
LS006436,34.406822,-119.437538,Unmodified,CAP
LS006437,34.406036,-119.436806,Unmodified,CAP
LS006438,34.403622,-119.430519,Unmodified,CAP
LS006439,34.401672,-119.433434,Unmodified,CAP
LS006440,34.403908,-119.433235,Unmodified,CAP
LS006441,34.401855,-119.435974,Unmodified,CAP
LS006442,34.404015,-119.443527,Modified,CAP
LS006443,34.404160,-119.444534,-9999,CAP
LS006444,34.403404,-119.442009,-9999,CAP
LS006445,34.403328,-119.441895,-9999,CAP
LS006446,34.402908,-119.441391,Unmodified,CAP
LS006447,34.402065,-119.441902,-9999,CAP
LS006448,34.402355,-119.442810,Modified,CAP
LS006449,34.402363,-119.443085,Modified,CAP
LS006450,34.402420,-119.443306,-9999,CAP
LS006451,34.402092,-119.442596,Modified,CAP
LS006452,34.401958,-119.442490,Modified,CAP
LS006453,34.402603,-119.443581,-9999,CAP
LS006454,34.402382,-119.443848,Unmodified,CAP
LS006455,34.402454,-119.444031,Unmodified,CAP
LS006456,34.402630,-119.444168,Unmodified,CAP
LS006457,34.402897,-119.444679,Unmodified,CAP
LS006458,34.402962,-119.444763,Unmodified,CAP
LS006459,34.403046,-119.444954,Unmodified,CAP
LS006460,34.402431,-119.450653,Modified,CAP
LS006461,34.402496,-119.450722,Modified,CAP
LS006462,34.402607,-119.450813,Modified,CAP
LS006463,34.402966,-119.450912,Modified,CAP
LS006464,34.403187,-119.451035,Modified,CAP
LS006465,34.403381,-119.451157,-9999,CAP
LS006466,34.403477,-119.450905,Unmodified,CAP
LS006467,34.403629,-119.450859,Unmodified,CAP
LS006468,34.403809,-119.450844,Unmodified,CAP
LS006469,34.403999,-119.451126,Unmodified,CAP
LS006470,34.404060,-119.451187,Unmodified,CAP
LS006471,34.403919,-119.450974,Unmodified,CAP
LS006472,34.403957,-119.451035,Unmodified,CAP
LS006473,34.399635,-119.459305,Modified,CAP
LS006474,34.400150,-119.445755,Modified,CAP
LS006475,34.400265,-119.445831,Modified,CAP
LS006476,34.400093,-119.445480,Modified,CAP
LS006477,34.399902,-119.444756,Modified,CAP
LS006478,34.399799,-119.444328,Modified,CAP
LS006479,34.399769,-119.444199,Modified,CAP
LS006480,34.399490,-119.444229,Modified,CAP
LS006481,34.399616,-119.444382,Modified,CAP
LS006482,34.400314,-119.444168,Modified,CAP
LS006483,34.400169,-119.444305,Modified,CAP
LS006484,34.400345,-119.443703,Unmodified,CAP
LS006485,34.400921,-119.443550,Modified,CAP
LS006486,34.400791,-119.443459,Modified,CAP
LS006487,34.400661,-119.443657,Unmodified,CAP
LS006488,34.399818,-119.444054,Modified,CAP
LS006489,34.399700,-119.443848,Modified,CAP
LS006490,34.399746,-119.443726,Modified,CAP
LS006491,34.399868,-119.443634,Modified,CAP
LS006492,34.399578,-119.443840,Modified,CAP
LS006493,34.399570,-119.443016,Unmodified,CAP
LS006494,34.400372,-119.443542,Unmodified,CAP
LS006495,34.400185,-119.443558,-9999,CAP
LS006496,34.399940,-119.443436,Modified,CAP
LS006497,34.399994,-119.443069,-9999,CAP
LS006498,34.400196,-119.443275,-9999,CAP
LS006499,34.400406,-119.443375,Unmodified,CAP
LS006500,34.400558,-119.442917,Modified,CAP
LS006501,34.400097,-119.442657,Modified,CAP
LS006502,34.400242,-119.442726,Modified,CAP
LS006503,34.400337,-119.442749,Modified,CAP
LS006504,34.399326,-119.442886,Modified,CAP
LS006505,34.399185,-119.442307,Unmodified,CAP
LS006506,34.399082,-119.442390,Unmodified,CAP
LS006507,34.399460,-119.441429,Unmodified,CAP
LS006508,34.398689,-119.442322,Unmodified,CAP
LS006509,34.399433,-119.441849,Unmodified,CAP
LS006510,34.399273,-119.441940,Unmodified,CAP
LS006511,34.399769,-119.441727,Unmodified,CAP
LS006512,34.399700,-119.441795,Unmodified,CAP
LS006513,34.399216,-119.441406,Unmodified,CAP
LS006514,34.399078,-119.441360,Unmodified,CAP
LS006515,34.401115,-119.438957,Unmodified,CAP
LS006516,34.401054,-119.438828,Unmodified,CAP
LS006517,34.400703,-119.438522,Unmodified,CAP
LS006518,34.400581,-119.438232,Unmodified,CAP
LS006519,34.401749,-119.438248,Modified,CAP
LS006520,34.399738,-119.436348,Unmodified,CAP
LS006521,34.399788,-119.436249,Unmodified,CAP
LS006522,34.399525,-119.435959,Unmodified,CAP
LS006523,34.399521,-119.435776,Unmodified,CAP
LS006524,34.399326,-119.435471,Unmodified,CAP
LS006525,34.399288,-119.435242,Unmodified,CAP
LS006526,34.399326,-119.435112,Unmodified,CAP
LS006527,34.399349,-119.434509,Unmodified,CAP
LS006528,34.398685,-119.434967,Unmodified,CAP
LS006529,34.399475,-119.434296,Unmodified,CAP
LS006530,34.399426,-119.434578,Unmodified,CAP
LS006531,34.400269,-119.434486,Unmodified,CAP
LS006532,34.399879,-119.433891,Unmodified,CAP
LS006533,34.399887,-119.433533,Unmodified,CAP
LS006534,34.399395,-119.433975,Unmodified,CAP
LS006535,34.399376,-119.433891,Unmodified,CAP
LS006536,34.399315,-119.433868,Unmodified,CAP
LS006537,34.399235,-119.433792,Unmodified,CAP
LS006538,34.399170,-119.433556,Unmodified,CAP
LS006539,34.399174,-119.433388,Unmodified,CAP
LS006540,34.400440,-119.429390,Unmodified,CAP
LS006541,34.399807,-119.428810,Unmodified,CAP
LS006542,34.399944,-119.428139,Unmodified,CAP
LS006543,34.400082,-119.428024,Unmodified,CAP
LS006544,34.399448,-119.429932,Unmodified,CAP
LS006545,34.399475,-119.428894,Unmodified,CAP
LS006546,34.399391,-119.428772,Unmodified,CAP
LS006547,34.399193,-119.429626,Unmodified,CAP
LS006548,34.399109,-119.429131,Unmodified,CAP
LS006549,34.398853,-119.429436,Unmodified,CAP
LS006550,34.398754,-119.429680,Unmodified,CAP
LS006551,34.398628,-119.429924,Unmodified,CAP
LS006552,34.398689,-119.430374,Unmodified,CAP
LS006553,34.398529,-119.430099,Unmodified,CAP
LS006554,34.398457,-119.428802,Unmodified,CAP
LS006555,34.398438,-119.430008,Unmodified,CAP
LS006556,34.398296,-119.430275,Unmodified,CAP
LS006557,34.397476,-119.429787,Unmodified,CAP
LS006558,34.398350,-119.433243,Unmodified,CAP
LS006559,34.398266,-119.433090,Unmodified,CAP
LS006560,34.398113,-119.433044,Unmodified,CAP
LS006561,34.397751,-119.432938,Unmodified,CAP
LS006562,34.398754,-119.432762,Unmodified,CAP
LS006563,34.398746,-119.432434,Unmodified,CAP
LS006564,34.398773,-119.432129,Unmodified,CAP
LS006565,34.398212,-119.432457,Unmodified,CAP
LS006566,34.398392,-119.431770,Unmodified,CAP
LS006567,34.398327,-119.431602,Unmodified,CAP
LS006568,34.398415,-119.431465,Unmodified,CAP
LS006569,34.398567,-119.431068,Unmodified,CAP
LS006570,34.398010,-119.435822,Unmodified,CAP
LS006571,34.398338,-119.437103,Unmodified,CAP
LS006572,34.398090,-119.436699,Unmodified,CAP
LS006573,34.397587,-119.436615,Unmodified,CAP
LS006574,34.397530,-119.437233,Unmodified,CAP
LS006575,34.396824,-119.438080,Unmodified,CAP
LS006576,34.396889,-119.438484,Unmodified,CAP
LS006577,34.396835,-119.439285,Unmodified,CAP
LS006578,34.396950,-119.439766,Unmodified,CAP
LS006579,34.397247,-119.439751,Unmodified,CAP
LS006580,34.398823,-119.440872,Unmodified,CAP
LS006581,34.398346,-119.440689,Unmodified,CAP
LS006582,34.398193,-119.440758,Unmodified,CAP
LS006583,34.397503,-119.441109,Modified,CAP
LS006584,34.397240,-119.441185,Modified,CAP
LS006585,34.397610,-119.442886,Unmodified,CAP
LS006586,34.397133,-119.443634,Modified,CAP
LS006587,34.398388,-119.442345,Unmodified,CAP
LS006588,34.398075,-119.442787,Unmodified,CAP
LS006589,34.398167,-119.443138,Unmodified,CAP
LS006590,34.397625,-119.443611,Unmodified,CAP
LS006591,34.397469,-119.444382,-9999,CAP
LS006592,34.397274,-119.443626,Modified,CAP
LS006593,34.396477,-119.444374,Modified,CAP
LS006594,34.397068,-119.445068,Modified,CAP
LS006595,34.396877,-119.445267,Modified,CAP
LS006596,34.397797,-119.444969,-9999,CAP
LS006597,34.397171,-119.445633,Modified,CAP
LS006598,34.397022,-119.446220,Modified,CAP
LS006599,34.398823,-119.461838,Modified,CAP
LS006600,34.410027,-119.461266,Unmodified,CAP
LS006601,34.394741,-119.425697,Modified,CAP
LS006602,34.394478,-119.425453,Modified,CAP
LS006603,34.395737,-119.426872,Modified,CAP
LS006604,34.393730,-119.427567,Modified,CAP
LS006605,34.393921,-119.427620,Modified,CAP
LS006606,34.394276,-119.427742,Modified,CAP
LS006607,34.394833,-119.427757,Modified,CAP
LS006608,34.394958,-119.427811,Modified,CAP
LS006609,34.395325,-119.428940,Unmodified,CAP
LS006610,34.395264,-119.428192,Modified,CAP
LS006611,34.394138,-119.430840,Unmodified,CAP
LS006612,34.394245,-119.429413,Unmodified,CAP
LS006613,34.395882,-119.430298,Unmodified,CAP
LS006614,34.395721,-119.432480,Unmodified,CAP
LS006615,34.395103,-119.432716,Unmodified,CAP
LS006616,34.395294,-119.431335,Unmodified,CAP
LS006617,34.394501,-119.432571,Unmodified,CAP
LS006618,34.394669,-119.432724,Unmodified,CAP
LS006619,34.394581,-119.432808,Unmodified,CAP
LS006620,34.394470,-119.432907,Unmodified,CAP
LS006621,34.394043,-119.432083,Unmodified,CAP
LS006622,34.394478,-119.431290,Unmodified,CAP
LS006623,34.394524,-119.433197,Unmodified,CAP
LS006624,34.394650,-119.433098,Unmodified,CAP
LS006625,34.394897,-119.433327,Unmodified,CAP
LS006626,34.395306,-119.434082,Unmodified,CAP
LS006627,34.394096,-119.436378,-9999,CAP
LS006628,34.394524,-119.436920,Unmodified,CAP
LS006629,34.394642,-119.436859,Unmodified,CAP
LS006630,34.394714,-119.436676,Unmodified,CAP
LS006631,34.394917,-119.436943,Unmodified,CAP
LS006632,34.394928,-119.437630,Unmodified,CAP
LS006633,34.394199,-119.439323,Modified,CAP
LS006634,34.394199,-119.439461,Modified,CAP
LS006635,34.394684,-119.438568,-9999,CAP
LS006636,34.396343,-119.447670,Modified,CAP
LS006637,34.396210,-119.460510,Modified,CAP
LS006638,34.395954,-119.459839,Modified,CAP
LS006639,34.396061,-119.460602,Modified,CAP
LS006640,34.391891,-119.455635,Modified,CAP
LS006641,34.391747,-119.455460,Modified,CAP
LS006642,34.391716,-119.455414,Modified,CAP
LS006643,34.391727,-119.454742,-9999,CAP
LS006644,34.392700,-119.454628,Unmodified,CAP
LS006645,34.393311,-119.449814,Modified,CAP
LS006646,34.393276,-119.449265,Modified,CAP
LS006647,34.392025,-119.447632,Modified,CAP
LS006648,34.391697,-119.447380,Modified,CAP
LS006649,34.388035,-119.436859,Modified,CAP
LS006650,34.387856,-119.436737,Modified,CAP
LS006651,34.386211,-119.442780,Modified,CAP
LS006652,34.385796,-119.442719,Modified,CAP
LS006653,34.385670,-119.442650,Modified,CAP
LS006654,34.385544,-119.442680,Modified,CAP
LS006655,34.385391,-119.442482,Modified,CAP
LS006656,34.385323,-119.442421,Modified,CAP
LS006657,34.385010,-119.443336,Modified,CAP
LS006658,34.387363,-119.443153,Modified,CAP
LS006659,34.387524,-119.443245,Modified,CAP
LS006660,34.387619,-119.443314,Modified,CAP
LS006661,34.387718,-119.443359,Modified,CAP
LS006662,34.387806,-119.443642,Modified,CAP
LS006663,34.387825,-119.443695,Modified,CAP
LS006664,34.387844,-119.443718,Modified,CAP
LS006665,34.388027,-119.450089,Modified,CAP
LS006666,34.388245,-119.455025,Modified,CAP
LS006667,34.383293,-119.451897,Unmodified,CAP
LS006668,34.383366,-119.451668,Unmodified,CAP
LS006669,34.383308,-119.450500,Unmodified,CAP
LS006670,34.383354,-119.450523,Unmodified,CAP
LS006671,34.382496,-119.450493,Unmodified,CAP
LS006672,34.382202,-119.450455,Unmodified,CAP
LS006673,34.382042,-119.450371,Unmodified,CAP
LS006674,34.381611,-119.456108,Modified,CAP
LS006675,34.381496,-119.456123,Modified,CAP
LS006676,34.381367,-119.455643,Modified,CAP
LS006677,34.406597,-119.421883,Modified,CALOES
LS006678,34.405548,-119.424271,Modified,CAP
LS006679,34.405544,-119.424202,Modified,CAP
LS006680,34.405476,-119.424126,Modified,CAP
LS006681,34.405727,-119.423576,Modified,CAP
LS006682,34.405674,-119.423401,Modified,CAP
LS006683,34.401863,-119.423309,Unmodified,CAP
LS006684,34.510933,-119.807472,Modified,CALOES
LS006685,34.499641,-119.806625,-9999,CALOES
LS006686,34.482525,-119.808975,Unmodified,CALOES
LS006687,34.481476,-119.811699,Unmodified,CALOES
LS006688,34.484646,-119.808632,Modified,CALOES
LS006689,34.476795,-119.811646,Modified,CALOES
LS006690,34.477360,-119.811020,Modified,CALOES
LS006691,34.477150,-119.812263,Modified,CALOES
LS006692,34.476818,-119.809776,Modified,CALOES
LS006693,34.476273,-119.810143,Modified,CALOES
LS006694,34.475468,-119.807945,Modified,CALOES
LS006695,34.475525,-119.807831,Modified,CALOES
LS006696,34.475552,-119.807739,Modified,CALOES
LS006697,34.475655,-119.807526,Modified,CALOES
LS006698,34.472374,-119.808960,Modified,CALOES
LS006699,34.477627,-119.812004,Modified,CALOES
LS006700,34.477215,-119.812485,Modified,CALOES
LS006701,34.476181,-119.807907,Modified,CALOES
LS006702,34.470131,-119.808167,-9999,CALOES
LS006703,34.521725,-119.804535,Unmodified,CALOES
LS006704,34.522099,-119.804649,Unmodified,CALOES
LS006705,34.519711,-119.805786,Unmodified,CALOES
LS006706,34.517513,-119.795982,Modified,CALOES
LS006707,34.515877,-119.803398,Unmodified,CALOES
LS006708,34.514385,-119.804695,Unmodified,CALOES
LS006709,34.514259,-119.797882,Modified,CALOES
LS006710,34.514427,-119.798531,Modified,CALOES
LS006711,34.513790,-119.802116,Modified,CALOES
LS006712,34.511673,-119.805214,Modified,CALOES
LS006713,34.512123,-119.804901,Modified,CALOES
LS006714,34.512016,-119.803596,Unmodified,CALOES
LS006715,34.512589,-119.804268,Modified,CALOES
LS006716,34.512547,-119.801941,Unmodified,CALOES
LS006717,34.512905,-119.802139,Unmodified,CALOES
LS006718,34.508793,-119.801018,Unmodified,CALOES
LS006719,34.507107,-119.802826,Unmodified,CALOES
LS006720,34.506981,-119.799553,Unmodified,CALOES
LS006721,34.505512,-119.797112,Unmodified,CALOES
LS006722,34.505741,-119.796936,Unmodified,CALOES
LS006723,34.505669,-119.795959,-9999,CALOES
LS006724,34.505802,-119.795776,Modified,CALOES
LS006725,34.504196,-119.798744,Unmodified,CALOES
LS006726,34.503696,-119.798698,Unmodified,CALOES
LS006727,34.504414,-119.798035,Unmodified,CALOES
LS006728,34.504520,-119.797562,Unmodified,CALOES
LS006729,34.503796,-119.797409,Unmodified,CALOES
LS006730,34.504353,-119.803360,Unmodified,CALOES
LS006731,34.501507,-119.803658,Modified,CALOES
LS006732,34.490128,-119.797150,Modified,CALOES
LS006733,34.487888,-119.798210,Unmodified,CALOES
LS006734,34.485767,-119.805153,-9999,CALOES
LS006735,34.484444,-119.798157,Modified,CALOES
LS006736,34.484318,-119.798157,Modified,CALOES
LS006737,34.482838,-119.794937,Modified,CALOES
LS006738,34.481339,-119.796379,Modified,CALOES
LS006739,34.481461,-119.796471,Modified,CALOES
LS006740,34.479359,-119.805428,Modified,CALOES
LS006741,34.476997,-119.800804,Unmodified,CALOES
LS006742,34.474857,-119.795876,Modified,CALOES
LS006743,34.475166,-119.795944,Modified,CALOES
LS006744,34.475266,-119.796043,Modified,CALOES
LS006745,34.474998,-119.796341,Modified,CALOES
LS006746,34.475201,-119.799454,Modified,CALOES
LS006747,34.473480,-119.803749,Modified,CALOES
LS006748,34.473526,-119.803627,Modified,CALOES
LS006749,34.473675,-119.803352,Modified,CALOES
LS006750,34.473545,-119.803146,Modified,CALOES
LS006751,34.473503,-119.802711,Modified,CALOES
LS006752,34.473824,-119.795258,Modified,CALOES
LS006753,34.473560,-119.796638,Modified,CALOES
LS006754,34.473587,-119.796417,Modified,CALOES
LS006755,34.473068,-119.793030,Modified,CALOES
LS006756,34.474468,-119.799446,Modified,CALOES
LS006757,34.474411,-119.799507,Modified,CALOES
LS006758,34.472805,-119.797249,Modified,CALOES
LS006759,34.472412,-119.797401,Modified,CALOES
LS006760,34.472530,-119.801506,Modified,CALOES
LS006761,34.471695,-119.802460,Modified,CALOES
LS006762,34.470646,-119.801643,Modified,CALOES
LS006763,34.470654,-119.800331,Modified,CALOES
LS006764,34.470505,-119.798981,-9999,CALOES
LS006765,34.468983,-119.800835,Modified,CALOES
LS006766,34.469646,-119.800705,Modified,CALOES
LS006767,34.470242,-119.800888,Modified,CALOES
LS006768,34.470146,-119.800850,Modified,CALOES
LS006769,34.461235,-119.796471,Modified,CALOES
LS006770,34.461430,-119.796547,Modified,CALOES
LS006771,34.462112,-119.796532,Modified,CALOES
LS006772,34.519028,-119.789734,Modified,CALOES
LS006773,34.518871,-119.792625,Modified,CALOES
LS006774,34.517063,-119.795120,-9999,CALOES
LS006775,34.518166,-119.786690,Unmodified,CALOES
LS006776,34.515945,-119.795731,Modified,CALOES
LS006777,34.515778,-119.795593,Modified,CALOES
LS006778,34.515392,-119.794731,Modified,CALOES
LS006779,34.515106,-119.794708,Modified,CALOES
LS006780,34.514992,-119.792191,Modified,CALOES
LS006781,34.514545,-119.789909,Unmodified,CALOES
LS006782,34.514374,-119.789764,Unmodified,CALOES
LS006783,34.512020,-119.789452,Unmodified,CALOES
LS006784,34.511894,-119.789406,Unmodified,CALOES
LS006785,34.511864,-119.789230,Unmodified,CALOES
LS006786,34.511936,-119.788795,Unmodified,CALOES
LS006787,34.508350,-119.795090,Modified,CALOES
LS006788,34.505764,-119.795174,Modified,CALOES
LS006789,34.505512,-119.794937,Modified,CALOES
LS006790,34.503555,-119.795403,Unmodified,CALOES
LS006791,34.503506,-119.795357,Unmodified,CALOES
LS006792,34.503334,-119.795242,Unmodified,CALOES
LS006793,34.503925,-119.793991,Unmodified,CALOES
LS006794,34.503395,-119.792938,Modified,CALOES
LS006795,34.503143,-119.785744,Unmodified,CALOES
LS006796,34.502052,-119.789024,Modified,CALOES
LS006797,34.501526,-119.785995,Unmodified,CALOES
LS006798,34.496994,-119.794518,Unmodified,CALOES
LS006799,34.494713,-119.787514,Modified,CALOES
LS006800,34.490902,-119.795227,Modified,CALOES
LS006801,34.490921,-119.795105,Modified,CALOES
LS006802,34.492207,-119.793594,Modified,CALOES
LS006803,34.488773,-119.790710,Unmodified,CALOES
LS006804,34.487343,-119.791481,Modified,CALOES
LS006805,34.478436,-119.785233,Modified,CALOES
LS006806,34.478519,-119.785019,Modified,CALOES
LS006807,34.478592,-119.784897,Modified,CALOES
LS006808,34.478718,-119.784767,Modified,CALOES
LS006809,34.475899,-119.787643,Modified,CALOES
LS006810,34.475922,-119.787537,Modified,CALOES
LS006811,34.475964,-119.787407,Modified,CALOES
LS006812,34.475395,-119.787094,Modified,CALOES
LS006813,34.475368,-119.788452,Unmodified,CALOES
LS006814,34.474861,-119.792686,Modified,CALOES
LS006815,34.475010,-119.792763,Modified,CALOES
LS006816,34.475079,-119.794205,Modified,CALOES
LS006817,34.474247,-119.793243,Modified,CALOES
LS006818,34.474041,-119.794495,Modified,CALOES
LS006819,34.472893,-119.793945,Modified,CALOES
LS006820,34.476303,-119.786003,Modified,CALOES
LS006821,34.476212,-119.785530,Modified,CALOES
LS006822,34.463509,-119.785995,Modified,CALOES
LS006823,34.463680,-119.786079,Modified,CALOES
LS006824,34.463718,-119.786041,Modified,CALOES
LS006825,34.503941,-119.774933,Unmodified,CALOES
LS006826,34.504055,-119.775063,Unmodified,CALOES
LS006827,34.503876,-119.775368,Unmodified,CALOES
LS006828,34.502224,-119.783661,Unmodified,CALOES
LS006829,34.502327,-119.783531,Unmodified,CALOES
LS006830,34.501545,-119.782341,Unmodified,CALOES
LS006831,34.501179,-119.780663,Unmodified,CALOES
LS006832,34.501205,-119.777946,Unmodified,CALOES
LS006833,34.501358,-119.777977,Unmodified,CALOES
LS006834,34.500862,-119.776222,Unmodified,CALOES
LS006835,34.499947,-119.774216,Unmodified,CALOES
LS006836,34.499767,-119.778206,Unmodified,CALOES
LS006837,34.499676,-119.777901,Unmodified,CALOES
LS006838,34.499474,-119.778160,Unmodified,CALOES
LS006839,34.499954,-119.780357,Unmodified,CALOES
LS006840,34.499516,-119.780190,Unmodified,CALOES
LS006841,34.500099,-119.780220,Unmodified,CALOES
LS006842,34.499363,-119.780304,Unmodified,CALOES
LS006843,34.500015,-119.780983,Unmodified,CALOES
LS006844,34.500008,-119.781433,Unmodified,CALOES
LS006845,34.499371,-119.781273,Unmodified,CALOES
LS006846,34.499168,-119.780991,Unmodified,CALOES
LS006847,34.499340,-119.782394,Unmodified,CALOES
LS006848,34.499737,-119.782104,Unmodified,CALOES
LS006849,34.499908,-119.782074,Unmodified,CALOES
LS006850,34.499943,-119.781998,Unmodified,CALOES
LS006851,34.499977,-119.783417,Unmodified,CALOES
LS006852,34.500549,-119.784195,Unmodified,CALOES
LS006853,34.500916,-119.784500,Unmodified,CALOES
LS006854,34.500092,-119.784355,-9999,CALOES
LS006855,34.501144,-119.785469,Unmodified,CALOES
LS006856,34.500988,-119.785080,Unmodified,CALOES
LS006857,34.500877,-119.784081,Unmodified,CALOES
LS006858,34.498890,-119.782112,Unmodified,CALOES
LS006859,34.498707,-119.781746,Unmodified,CALOES
LS006860,34.498863,-119.776352,Unmodified,CALOES
LS006861,34.498852,-119.776131,Unmodified,CALOES
LS006862,34.498741,-119.774620,Unmodified,CALOES
LS006863,34.498508,-119.774422,Unmodified,CALOES
LS006864,34.498756,-119.774490,Unmodified,CALOES
LS006865,34.483700,-119.782639,Modified,CALOES
LS006866,34.483753,-119.782440,Modified,CALOES
LS006867,34.483856,-119.781387,Modified,CALOES
LS006868,34.483837,-119.781960,Modified,CALOES
LS006869,34.483829,-119.782227,Modified,CALOES
LS006870,34.483829,-119.781670,Modified,CALOES
LS006871,34.483852,-119.781540,Modified,CALOES
LS006872,34.483715,-119.782570,Modified,CALOES
LS006873,34.481041,-119.775681,Unmodified,CALOES
LS006874,34.479568,-119.774040,Modified,CALOES
LS006875,34.479046,-119.773979,Unmodified,CALOES
LS006876,34.478905,-119.773735,Unmodified,CALOES
LS006877,34.476017,-119.777740,Modified,CALOES
LS006878,34.475880,-119.776855,Modified,CALOES
LS006879,34.475727,-119.776573,Modified,CALOES
LS006880,34.475403,-119.773666,Modified,CALOES
LS006881,34.475067,-119.773346,Modified,CALOES
LS006882,34.475212,-119.772942,Modified,CALOES
LS006883,34.475021,-119.774338,Modified,CALOES
LS006884,34.474453,-119.773819,Modified,CALOES
LS006885,34.474621,-119.773178,Modified,CALOES
LS006886,34.474953,-119.772789,Modified,CALOES
LS006887,34.477718,-119.777046,Modified,CALOES
LS006888,34.477814,-119.777077,Modified,CALOES
LS006889,34.477390,-119.777222,Modified,CALOES
LS006890,34.477917,-119.777985,Modified,CALOES
LS006891,34.478672,-119.774277,Unmodified,CALOES
LS006892,34.472252,-119.775200,Modified,CALOES
LS006893,34.471283,-119.777664,Modified,CALOES
LS006894,34.468536,-119.773758,Modified,CALOES
LS006895,34.468601,-119.773750,Modified,CALOES
LS006896,34.466099,-119.782463,Modified,CALOES
LS006897,34.466011,-119.782341,Modified,CALOES
LS006898,34.466118,-119.781898,Modified,CALOES
LS006899,34.471931,-119.772736,Modified,CALOES
LS006900,34.472012,-119.772842,Modified,CALOES
LS006901,34.467018,-119.774109,Modified,CALOES
LS006902,34.443211,-119.777802,Modified,CAP
LS006903,34.442532,-119.777321,Modified,CAP
LS006904,34.442532,-119.777237,Modified,CAP
LS006905,34.442524,-119.776474,Modified,CAP
LS006906,34.442509,-119.776512,Modified,CAP
LS006907,34.442104,-119.772720,Modified,CAP
LS006908,34.442089,-119.772606,Modified,CAP
LS006909,34.505623,-119.766983,Unmodified,CALOES
LS006910,34.507412,-119.766739,Modified,CALOES
LS006911,34.507427,-119.766670,Modified,CALOES
LS006912,34.507324,-119.766205,Modified,CALOES
LS006913,34.507507,-119.766159,Modified,CALOES
LS006914,34.507290,-119.766037,Modified,CALOES
LS006915,34.507259,-119.765900,Modified,CALOES
LS006916,34.507530,-119.765938,Modified,CALOES
LS006917,34.507504,-119.765785,Modified,CALOES
LS006918,34.507004,-119.766151,Modified,CALOES
LS006919,34.507084,-119.765701,Modified,CALOES
LS006920,34.507084,-119.765450,Modified,CALOES
LS006921,34.507092,-119.765388,Modified,CALOES
LS006922,34.507057,-119.765198,Modified,CALOES
LS006923,34.506638,-119.764053,-9999,CALOES
LS006924,34.506012,-119.766861,Modified,CALOES
LS006925,34.506359,-119.765602,Unmodified,CALOES
LS006926,34.505802,-119.765381,Unmodified,CALOES
LS006927,34.505714,-119.765221,Unmodified,CALOES
LS006928,34.505680,-119.765373,Unmodified,CALOES
LS006929,34.505825,-119.764641,Unmodified,CALOES
LS006930,34.505463,-119.765266,Unmodified,CALOES
LS006931,34.505489,-119.764496,Unmodified,CALOES
LS006932,34.505543,-119.766487,Unmodified,CALOES
LS006933,34.505398,-119.766159,Unmodified,CALOES
LS006934,34.505169,-119.765030,Unmodified,CALOES
LS006935,34.505203,-119.764954,Unmodified,CALOES
LS006936,34.504471,-119.765259,Unmodified,CALOES
LS006937,34.505539,-119.765526,Unmodified,CALOES
LS006938,34.504696,-119.766182,Unmodified,CALOES
LS006939,34.504501,-119.766258,Unmodified,CALOES
LS006940,34.500511,-119.769409,Modified,CALOES
LS006941,34.500587,-119.769615,Modified,CALOES
LS006942,34.500622,-119.773407,Unmodified,CALOES
LS006943,34.501293,-119.772346,Unmodified,CALOES
LS006944,34.501461,-119.770752,Unmodified,CALOES
LS006945,34.501659,-119.767654,Unmodified,CALOES
LS006946,34.501316,-119.766075,Unmodified,CALOES
LS006947,34.501976,-119.765533,Unmodified,CALOES
LS006948,34.502178,-119.764778,Unmodified,CALOES
LS006949,34.501850,-119.764313,Unmodified,CALOES
LS006950,34.500431,-119.765381,Unmodified,CALOES
LS006951,34.499878,-119.765205,Unmodified,CALOES
LS006952,34.500248,-119.764587,Unmodified,CALOES
LS006953,34.500214,-119.764633,Unmodified,CALOES
LS006954,34.499954,-119.764603,Unmodified,CALOES
LS006955,34.500008,-119.764359,Unmodified,CALOES
LS006956,34.499817,-119.764565,Unmodified,CALOES
LS006957,34.499775,-119.764435,Unmodified,CALOES
LS006958,34.499470,-119.764488,Unmodified,CALOES
LS006959,34.499939,-119.767670,Unmodified,CALOES
LS006960,34.499912,-119.768028,Unmodified,CALOES
LS006961,34.500374,-119.768349,Unmodified,CALOES
LS006962,34.500198,-119.768166,Unmodified,CALOES
LS006963,34.500412,-119.768089,Unmodified,CALOES
LS006964,34.501045,-119.767021,Unmodified,CALOES
LS006965,34.500423,-119.766327,Unmodified,CALOES
LS006966,34.501148,-119.763924,Unmodified,CALOES
LS006967,34.500793,-119.763641,Unmodified,CALOES
LS006968,34.499142,-119.770950,Unmodified,CALOES
LS006969,34.498692,-119.770729,Unmodified,CALOES
LS006970,34.498726,-119.770393,Unmodified,CALOES
LS006971,34.498989,-119.762978,Unmodified,CALOES
LS006972,34.498772,-119.763397,Unmodified,CALOES
LS006973,34.499073,-119.767372,Unmodified,CALOES
LS006974,34.498520,-119.767570,Unmodified,CALOES
LS006975,34.498943,-119.768158,Unmodified,CALOES
LS006976,34.499363,-119.767586,Unmodified,CALOES
LS006977,34.496243,-119.763420,Unmodified,CALOES
LS006978,34.496078,-119.762672,Unmodified,CALOES
LS006979,34.497704,-119.765305,Unmodified,CALOES
LS006980,34.497803,-119.765388,Unmodified,CALOES
LS006981,34.497601,-119.763870,Unmodified,CALOES
LS006982,34.497452,-119.765182,Unmodified,CALOES
LS006983,34.496723,-119.763908,Unmodified,CALOES
LS006984,34.496468,-119.763779,Unmodified,CALOES
LS006985,34.496746,-119.766541,Unmodified,CALOES
LS006986,34.496483,-119.766960,Unmodified,CALOES
LS006987,34.496418,-119.767029,Unmodified,CALOES
LS006988,34.496803,-119.767715,Unmodified,CALOES
LS006989,34.496552,-119.767662,Unmodified,CALOES
LS006990,34.496288,-119.767624,Unmodified,CALOES
LS006991,34.491974,-119.764648,Unmodified,CALOES
LS006992,34.491779,-119.764664,Unmodified,CALOES
LS006993,34.491230,-119.764580,Unmodified,CALOES
LS006994,34.491333,-119.764732,Unmodified,CALOES
LS006995,34.491070,-119.764725,Unmodified,CALOES
LS006996,34.494034,-119.763313,Unmodified,CALOES
LS006997,34.494495,-119.762978,Unmodified,CALOES
LS006998,34.495506,-119.762833,Unmodified,CALOES
LS006999,34.495274,-119.762802,Unmodified,CALOES
LS007000,34.495037,-119.762581,Unmodified,CALOES
LS007001,34.490463,-119.762566,Unmodified,CALOES
LS007002,34.482731,-119.763496,-9999,CALOES
LS007003,34.482540,-119.763664,-9999,CALOES
LS007004,34.482712,-119.763000,-9999,CALOES
LS007005,34.482849,-119.762772,Modified,CALOES
LS007006,34.481712,-119.765457,Modified,CALOES
LS007007,34.481644,-119.765450,Modified,CALOES
LS007008,34.481415,-119.765572,Modified,CALOES
LS007009,34.482857,-119.765129,Modified,CALOES
LS007010,34.482368,-119.764320,Modified,CALOES
LS007011,34.482334,-119.764252,Modified,CALOES
LS007012,34.482338,-119.764137,Modified,CALOES
LS007013,34.482422,-119.764069,Modified,CALOES
LS007014,34.482563,-119.764038,Modified,CALOES
LS007015,34.482647,-119.763916,Modified,CALOES
LS007016,34.482731,-119.763771,Modified,CALOES
LS007017,34.482815,-119.762657,Modified,CALOES
LS007018,34.482742,-119.762360,Modified,CALOES
LS007019,34.482727,-119.762253,Modified,CALOES
LS007020,34.482681,-119.762169,Modified,CALOES
LS007021,34.489380,-119.765297,Unmodified,CALOES
LS007022,34.489502,-119.765701,Unmodified,CALOES
LS007023,34.489471,-119.765137,Unmodified,CALOES
LS007024,34.489002,-119.765968,Unmodified,CALOES
LS007025,34.489788,-119.764236,Unmodified,CALOES
LS007026,34.487885,-119.766197,Unmodified,CALOES
LS007027,34.487595,-119.767487,Unmodified,CALOES
LS007028,34.487934,-119.767242,Unmodified,CALOES
LS007029,34.488934,-119.768822,Unmodified,CALOES
LS007030,34.487778,-119.764404,Unmodified,CALOES
LS007031,34.487366,-119.763596,Unmodified,CALOES
LS007032,34.486034,-119.769432,Unmodified,CALOES
LS007033,34.484863,-119.768684,Unmodified,CALOES
LS007034,34.484947,-119.767548,Unmodified,CALOES
LS007035,34.483742,-119.768105,Unmodified,CALOES
LS007036,34.482567,-119.769257,Unmodified,CALOES
LS007037,34.482647,-119.768127,Unmodified,CALOES
LS007038,34.482193,-119.766518,Unmodified,CALOES
LS007039,34.482628,-119.769417,Unmodified,CALOES
LS007040,34.481281,-119.771065,Unmodified,CALOES
LS007041,34.481354,-119.770935,Unmodified,CALOES
LS007042,34.481647,-119.769234,Unmodified,CALOES
LS007043,34.481396,-119.764397,Unmodified,CALOES
LS007044,34.481243,-119.764267,Unmodified,CALOES
LS007045,34.481731,-119.761902,Unmodified,CALOES
LS007046,34.481918,-119.761726,Unmodified,CALOES
LS007047,34.482010,-119.761658,Unmodified,CALOES
LS007048,34.481758,-119.763680,Unmodified,CALOES
LS007049,34.489658,-119.762634,Unmodified,CALOES
LS007050,34.481087,-119.769241,Unmodified,CALOES
LS007051,34.480206,-119.765633,Modified,CALOES
LS007052,34.480301,-119.764984,Unmodified,CALOES
LS007053,34.480659,-119.763245,Unmodified,CALOES
LS007054,34.480354,-119.762764,Unmodified,CALOES
LS007055,34.480637,-119.764374,Unmodified,CALOES
LS007056,34.480492,-119.764191,Unmodified,CALOES
LS007057,34.480434,-119.764679,Unmodified,CALOES
LS007058,34.480484,-119.764915,Unmodified,CALOES
LS007059,34.479919,-119.764320,Unmodified,CALOES
LS007060,34.480663,-119.765091,Unmodified,CALOES
LS007061,34.480804,-119.765053,Unmodified,CALOES
LS007062,34.480888,-119.764969,Unmodified,CALOES
LS007063,34.480888,-119.764893,-9999,CALOES
LS007064,34.480972,-119.764847,-9999,CALOES
LS007065,34.480999,-119.764786,-9999,CALOES
LS007066,34.480068,-119.763733,Unmodified,CALOES
LS007067,34.480011,-119.763542,Unmodified,CALOES
LS007068,34.480110,-119.763840,Unmodified,CALOES
LS007069,34.479889,-119.763077,Unmodified,CALOES
LS007070,34.479942,-119.763062,Unmodified,CALOES
LS007071,34.480106,-119.762383,Unmodified,CALOES
LS007072,34.479588,-119.763702,Unmodified,CALOES
LS007073,34.480671,-119.763107,Unmodified,CALOES
LS007074,34.480762,-119.762810,Unmodified,CALOES
LS007075,34.480892,-119.762939,Unmodified,CALOES
LS007076,34.480438,-119.762657,Unmodified,CALOES
LS007077,34.480709,-119.762543,Unmodified,CALOES
LS007078,34.481033,-119.762764,Unmodified,CALOES
LS007079,34.481083,-119.762764,Unmodified,CALOES
LS007080,34.481152,-119.762825,Unmodified,CALOES
LS007081,34.480896,-119.765228,Modified,CALOES
LS007082,34.481018,-119.765976,Modified,CALOES
LS007083,34.481075,-119.765533,Modified,CALOES
LS007084,34.479897,-119.765419,Unmodified,CALOES
LS007085,34.479076,-119.769554,Modified,CALOES
LS007086,34.479038,-119.769478,Modified,CALOES
LS007087,34.478970,-119.769310,Modified,CALOES
LS007088,34.478779,-119.768875,Modified,CALOES
LS007089,34.478596,-119.768814,Modified,CALOES
LS007090,34.478653,-119.766289,Unmodified,CALOES
LS007091,34.479240,-119.764900,Unmodified,CALOES
LS007092,34.479156,-119.764824,Unmodified,CALOES
LS007093,34.479359,-119.764313,Unmodified,CALOES
LS007094,34.479431,-119.764252,Unmodified,CALOES
LS007095,34.479256,-119.763618,Unmodified,CALOES
LS007096,34.479511,-119.763481,Unmodified,CALOES
LS007097,34.479214,-119.763908,Unmodified,CALOES
LS007098,34.479351,-119.764832,Unmodified,CALOES
LS007099,34.479328,-119.762657,Unmodified,CALOES
LS007100,34.479053,-119.762360,Unmodified,CALOES
LS007101,34.479141,-119.762825,Unmodified,CALOES
LS007102,34.478630,-119.764397,Unmodified,CALOES
LS007103,34.478405,-119.763748,Unmodified,CALOES
LS007104,34.478432,-119.764389,Unmodified,CALOES
LS007105,34.478367,-119.763237,Unmodified,CALOES
LS007106,34.478291,-119.763374,Unmodified,CALOES
LS007107,34.477497,-119.763969,Unmodified,CALOES
LS007108,34.477280,-119.764565,Unmodified,CALOES
LS007109,34.475040,-119.767761,Modified,CALOES
LS007110,34.473381,-119.768646,Modified,CALOES
LS007111,34.474236,-119.768074,Modified,CALOES
LS007112,34.474178,-119.767860,Modified,CALOES
LS007113,34.480190,-119.766464,Modified,CALOES
LS007114,34.480129,-119.766502,Modified,CALOES
LS007115,34.480080,-119.766548,Modified,CALOES
LS007116,34.479977,-119.766602,Modified,CALOES
LS007117,34.479778,-119.766579,Modified,CALOES
LS007118,34.479221,-119.769348,Unmodified,CALOES
LS007119,34.479225,-119.769234,Unmodified,CALOES
LS007120,34.479259,-119.768997,Unmodified,CALOES
LS007121,34.479198,-119.768845,Unmodified,CALOES
LS007122,34.477715,-119.767410,-9999,CALOES
LS007123,34.477577,-119.767876,Unmodified,CALOES
LS007124,34.477547,-119.767395,-9999,CALOES
LS007125,34.477440,-119.767441,-9999,CALOES
LS007126,34.477379,-119.767433,-9999,CALOES
LS007127,34.477325,-119.767433,-9999,CALOES
LS007128,34.477245,-119.767517,-9999,CALOES
LS007129,34.477249,-119.768021,Unmodified,CALOES
LS007130,34.477352,-119.766418,Unmodified,CALOES
LS007131,34.477100,-119.766220,Unmodified,CALOES
LS007132,34.476841,-119.764908,Unmodified,CALOES
LS007133,34.476803,-119.762764,Unmodified,CALOES
LS007134,34.474697,-119.765656,Modified,CALOES
LS007135,34.474964,-119.765678,Modified,CALOES
LS007136,34.474194,-119.766914,Modified,CALOES
LS007137,34.474316,-119.766884,Modified,CALOES
LS007138,34.474731,-119.765350,Modified,CALOES
LS007139,34.473282,-119.764046,Modified,CALOES
LS007140,34.473495,-119.763885,Modified,CALOES
LS007141,34.473286,-119.763306,Modified,CALOES
LS007142,34.473598,-119.763412,Modified,CALOES
LS007143,34.473408,-119.763634,Modified,CALOES
LS007144,34.473167,-119.764519,Modified,CALOES
LS007145,34.472195,-119.770973,Modified,CALOES
LS007146,34.472275,-119.770927,Modified,CALOES
LS007147,34.472363,-119.770813,Modified,CALOES
LS007148,34.472404,-119.770775,Modified,CALOES
LS007149,34.472439,-119.770699,Modified,CALOES
LS007150,34.472546,-119.770493,Modified,CALOES
LS007151,34.473614,-119.769775,Modified,CALOES
LS007152,34.473858,-119.769730,Modified,CALOES
LS007153,34.476517,-119.769798,Modified,CALOES
LS007154,34.475700,-119.771591,Modified,CALOES
LS007155,34.475838,-119.771255,Modified,CALOES
LS007156,34.475929,-119.770958,Modified,CALOES
LS007157,34.475960,-119.770767,Modified,CALOES
LS007158,34.475971,-119.770523,Modified,CALOES
LS007159,34.476051,-119.770256,Modified,CALOES
LS007160,34.476051,-119.770142,Modified,CALOES
LS007161,34.476101,-119.769920,Modified,CALOES
LS007162,34.476479,-119.767464,Modified,CALOES
LS007163,34.479488,-119.767067,Modified,CALOES
LS007164,34.478172,-119.767456,Unmodified,CALOES
LS007165,34.478172,-119.767349,Unmodified,CALOES
LS007166,34.474041,-119.766106,-9999,CALOES
LS007167,34.473309,-119.762161,-9999,CALOES
LS007168,34.473545,-119.762001,-9999,CALOES
LS007169,34.472374,-119.767616,Unmodified,CALOES
LS007170,34.472397,-119.767853,Unmodified,CALOES
LS007171,34.474693,-119.772667,Modified,CALOES
LS007172,34.474850,-119.772499,Modified,CALOES
LS007173,34.473614,-119.773735,Modified,CALOES
LS007174,34.473473,-119.773872,Modified,CALOES
LS007175,34.471592,-119.771187,Modified,CALOES
LS007176,34.471302,-119.771187,Modified,CALOES
LS007177,34.471294,-119.771111,Modified,CALOES
LS007178,34.471352,-119.765503,Modified,CALOES
LS007179,34.470757,-119.763153,Modified,CALOES
LS007180,34.469479,-119.764519,Modified,CALOES
LS007181,34.469547,-119.764320,Modified,CALOES
LS007182,34.469498,-119.763824,Modified,CALOES
LS007183,34.469368,-119.762917,Modified,CALOES
LS007184,34.470097,-119.759857,Modified,CALOES
LS007185,34.469887,-119.759880,Modified,CALOES
LS007186,34.469780,-119.759499,Modified,CALOES
LS007187,34.465778,-119.763046,Modified,CALOES
LS007188,34.465584,-119.762909,Modified,CALOES
LS007189,34.465721,-119.762093,Modified,CALOES
LS007190,34.466076,-119.762260,Modified,CALOES
LS007191,34.465210,-119.762306,Modified,CALOES
LS007192,34.465134,-119.762444,Modified,CALOES
LS007193,34.465214,-119.762451,Modified,CALOES
LS007194,34.464565,-119.764519,Modified,CALOES
LS007195,34.464512,-119.764915,Modified,CALOES
LS007196,34.464512,-119.764992,Modified,CALOES
LS007197,34.464539,-119.765045,Modified,CALOES
LS007198,34.464600,-119.764465,Modified,CALOES
LS007199,34.464485,-119.764503,Modified,CALOES
LS007200,34.464424,-119.764099,Modified,CALOES
LS007201,34.471684,-119.769150,-9999,CALOES
LS007202,34.471699,-119.769051,-9999,CALOES
LS007203,34.471592,-119.769058,-9999,CALOES
LS007204,34.469292,-119.763161,Modified,CALOES
LS007205,34.468987,-119.762939,Modified,CALOES
LS007206,34.468239,-119.765350,Modified,CALOES
LS007207,34.468430,-119.764763,Modified,CALOES
LS007208,34.467777,-119.761787,Modified,CALOES
LS007209,34.466930,-119.763138,Modified,CALOES
LS007210,34.459206,-119.762665,Modified,CAP
LS007211,34.510426,-119.752640,Modified,CALOES
LS007212,34.506733,-119.762497,Modified,CALOES
LS007213,34.507034,-119.762650,Modified,CALOES
LS007214,34.503822,-119.756065,-9999,CALOES
LS007215,34.501740,-119.758034,Unmodified,CALOES
LS007216,34.501812,-119.757889,Unmodified,CALOES
LS007217,34.502445,-119.756859,Unmodified,CALOES
LS007218,34.501648,-119.757675,Unmodified,CALOES
LS007219,34.502419,-119.761154,Unmodified,CALOES
LS007220,34.501518,-119.762428,Unmodified,CALOES
LS007221,34.501617,-119.762329,Unmodified,CALOES
LS007222,34.501785,-119.760452,Unmodified,CALOES
LS007223,34.503849,-119.755692,-9999,CALOES
LS007224,34.500107,-119.758415,Unmodified,CALOES
LS007225,34.498627,-119.762367,Unmodified,CALOES
LS007226,34.498478,-119.762276,Unmodified,CALOES
LS007227,34.498451,-119.761963,Unmodified,CALOES
LS007228,34.498314,-119.761902,Unmodified,CALOES
LS007229,34.498657,-119.761299,Unmodified,CALOES
LS007230,34.498169,-119.761551,Unmodified,CALOES
LS007231,34.498611,-119.759933,Unmodified,CALOES
LS007232,34.495392,-119.761559,Unmodified,CALOES
LS007233,34.495239,-119.761436,Unmodified,CALOES
LS007234,34.495518,-119.760590,Unmodified,CALOES
LS007235,34.495213,-119.760696,Unmodified,CALOES
LS007236,34.494987,-119.761948,Unmodified,CALOES
LS007237,34.495010,-119.761200,Unmodified,CALOES
LS007238,34.495098,-119.761093,Unmodified,CALOES
LS007239,34.493961,-119.762459,Unmodified,CALOES
LS007240,34.494034,-119.762062,Unmodified,CALOES
LS007241,34.494392,-119.760803,Unmodified,CALOES
LS007242,34.494556,-119.760628,Unmodified,CALOES
LS007243,34.495392,-119.758469,Unmodified,CALOES
LS007244,34.495438,-119.757751,Unmodified,CALOES
LS007245,34.495510,-119.757431,Unmodified,CALOES
LS007246,34.495480,-119.757393,Unmodified,CALOES
LS007247,34.495407,-119.757271,Unmodified,CALOES
LS007248,34.495384,-119.757225,Unmodified,CALOES
LS007249,34.495384,-119.756996,Unmodified,CALOES
LS007250,34.495548,-119.757889,Unmodified,CALOES
LS007251,34.493134,-119.761719,Unmodified,CALOES
LS007252,34.493690,-119.756424,Unmodified,CALOES
LS007253,34.493919,-119.756378,Unmodified,CALOES
LS007254,34.493938,-119.756310,Unmodified,CALOES
LS007255,34.493839,-119.755859,Unmodified,CALOES
LS007256,34.493607,-119.755615,Unmodified,CALOES
LS007257,34.492012,-119.751907,Unmodified,CALOES
LS007258,34.492054,-119.751892,Unmodified,CALOES
LS007259,34.492355,-119.751923,Unmodified,CALOES
LS007260,34.492474,-119.752388,Unmodified,CALOES
LS007261,34.492588,-119.752693,Unmodified,CALOES
LS007262,34.492168,-119.752380,Unmodified,CALOES
LS007263,34.492306,-119.752838,Unmodified,CALOES
LS007264,34.492237,-119.752975,Unmodified,CALOES
LS007265,34.492329,-119.753181,Unmodified,CALOES
LS007266,34.491989,-119.753548,Unmodified,CALOES
LS007267,34.491783,-119.753075,Unmodified,CALOES
LS007268,34.490952,-119.752693,Unmodified,CALOES
LS007269,34.491299,-119.753754,Unmodified,CALOES
LS007270,34.491394,-119.753609,Unmodified,CALOES
LS007271,34.491154,-119.753616,Unmodified,CALOES
LS007272,34.490978,-119.753273,Unmodified,CALOES
LS007273,34.490814,-119.754021,Unmodified,CALOES
LS007274,34.491062,-119.754211,Unmodified,CALOES
LS007275,34.491722,-119.754616,Unmodified,CALOES
LS007276,34.492714,-119.755676,Unmodified,CALOES
LS007277,34.492378,-119.755539,Unmodified,CALOES
LS007278,34.492207,-119.756332,Unmodified,CALOES
LS007279,34.491199,-119.756470,Unmodified,CALOES
LS007280,34.491795,-119.756523,Unmodified,CALOES
LS007281,34.491695,-119.756393,Unmodified,CALOES
LS007282,34.491093,-119.755814,Unmodified,CALOES
LS007283,34.491589,-119.755653,Unmodified,CALOES
LS007284,34.491169,-119.756927,Unmodified,CALOES
LS007285,34.491253,-119.756973,Unmodified,CALOES
LS007286,34.491436,-119.757126,Unmodified,CALOES
LS007287,34.491344,-119.757248,Unmodified,CALOES
LS007288,34.490696,-119.758255,Unmodified,CALOES
LS007289,34.491219,-119.757271,Unmodified,CALOES
LS007290,34.491341,-119.757561,Unmodified,CALOES
LS007291,34.491058,-119.758163,Unmodified,CALOES
LS007292,34.490948,-119.757950,Unmodified,CALOES
LS007293,34.490929,-119.758759,Unmodified,CALOES
LS007294,34.491188,-119.758720,Unmodified,CALOES
LS007295,34.491554,-119.758316,Unmodified,CALOES
LS007296,34.491657,-119.758278,Unmodified,CALOES
LS007297,34.491726,-119.758263,Unmodified,CALOES
LS007298,34.492111,-119.757896,Unmodified,CALOES
LS007299,34.492126,-119.758057,Unmodified,CALOES
LS007300,34.492252,-119.757774,Unmodified,CALOES
LS007301,34.492344,-119.757736,Unmodified,CALOES
LS007302,34.492630,-119.757721,Unmodified,CALOES
LS007303,34.492630,-119.757904,Unmodified,CALOES
LS007304,34.492615,-119.758064,Unmodified,CALOES
LS007305,34.492329,-119.758469,Unmodified,CALOES
LS007306,34.492203,-119.758553,Unmodified,CALOES
LS007307,34.492069,-119.758598,Unmodified,CALOES
LS007308,34.491970,-119.759178,Unmodified,CALOES
LS007309,34.491428,-119.759544,Unmodified,CALOES
LS007310,34.491127,-119.760307,Unmodified,CALOES
LS007311,34.490871,-119.760391,Unmodified,CALOES
LS007312,34.490696,-119.760658,Unmodified,CALOES
LS007313,34.491257,-119.760254,Unmodified,CALOES
LS007314,34.490471,-119.762131,Unmodified,CALOES
LS007315,34.490459,-119.761948,Unmodified,CALOES
LS007316,34.490681,-119.753670,Unmodified,CALOES
LS007317,34.489689,-119.761253,Unmodified,CALOES
LS007318,34.489914,-119.761002,Unmodified,CALOES
LS007319,34.490067,-119.760704,Unmodified,CALOES
LS007320,34.490177,-119.760513,Unmodified,CALOES
LS007321,34.490433,-119.759888,Unmodified,CALOES
LS007322,34.490238,-119.758095,Unmodified,CALOES
LS007323,34.490128,-119.757919,Unmodified,CALOES
LS007324,34.489769,-119.757919,Unmodified,CALOES
LS007325,34.489681,-119.756714,Unmodified,CALOES
LS007326,34.490105,-119.756393,Unmodified,CALOES
LS007327,34.490360,-119.754875,Unmodified,CALOES
LS007328,34.490124,-119.754860,Unmodified,CALOES
LS007329,34.489983,-119.755241,Unmodified,CALOES
LS007330,34.490021,-119.755524,Unmodified,CALOES
LS007331,34.489754,-119.755531,Unmodified,CALOES
LS007332,34.489727,-119.755226,Unmodified,CALOES
LS007333,34.489864,-119.755020,Unmodified,CALOES
LS007334,34.489845,-119.754913,Unmodified,CALOES
LS007335,34.489475,-119.754593,Unmodified,CALOES
LS007336,34.489380,-119.754440,Unmodified,CALOES
LS007337,34.490421,-119.752892,Unmodified,CALOES
LS007338,34.490025,-119.752403,Unmodified,CALOES
LS007339,34.489956,-119.752327,Unmodified,CALOES
LS007340,34.490002,-119.753639,Unmodified,CALOES
LS007341,34.490040,-119.753883,Unmodified,CALOES
LS007342,34.489887,-119.753983,Unmodified,CALOES
LS007343,34.489658,-119.753891,Unmodified,CALOES
LS007344,34.489349,-119.754219,Unmodified,CALOES
LS007345,34.489155,-119.754364,Unmodified,CALOES
LS007346,34.488888,-119.754471,Unmodified,CALOES
LS007347,34.488697,-119.754555,Unmodified,CALOES
LS007348,34.488533,-119.754395,Unmodified,CALOES
LS007349,34.488625,-119.752884,Unmodified,CALOES
LS007350,34.489479,-119.752884,Unmodified,CALOES
LS007351,34.489223,-119.752335,Unmodified,CALOES
LS007352,34.489269,-119.752281,Unmodified,CALOES
LS007353,34.488804,-119.753654,Unmodified,CALOES
LS007354,34.488503,-119.753479,Unmodified,CALOES
LS007355,34.489216,-119.752937,Unmodified,CALOES
LS007356,34.489700,-119.754730,Unmodified,CALOES
LS007357,34.490135,-119.752716,Unmodified,CALOES
LS007358,34.488262,-119.754257,Unmodified,CALOES
LS007359,34.488209,-119.754349,Unmodified,CALOES
LS007360,34.488064,-119.754532,Unmodified,CALOES
LS007361,34.487862,-119.754745,Unmodified,CALOES
LS007362,34.487354,-119.754517,Unmodified,CALOES
LS007363,34.487305,-119.753471,Unmodified,CALOES
LS007364,34.487110,-119.753410,Unmodified,CALOES
LS007365,34.487045,-119.753197,Unmodified,CALOES
LS007366,34.487385,-119.755814,Unmodified,CALOES
LS007367,34.487377,-119.756172,Unmodified,CALOES
LS007368,34.487358,-119.756439,Unmodified,CALOES
LS007369,34.488869,-119.757996,Unmodified,CALOES
LS007370,34.488140,-119.757698,Unmodified,CALOES
LS007371,34.488041,-119.757759,Unmodified,CALOES
LS007372,34.488243,-119.758423,Unmodified,CALOES
LS007373,34.488239,-119.758919,Unmodified,CALOES
LS007374,34.487930,-119.759453,Unmodified,CALOES
LS007375,34.487438,-119.758385,Unmodified,CALOES
LS007376,34.487923,-119.759995,Unmodified,CALOES
LS007377,34.486191,-119.755852,Unmodified,CALOES
LS007378,34.486557,-119.756325,Unmodified,CALOES
LS007379,34.486675,-119.754684,Unmodified,CALOES
LS007380,34.486134,-119.754471,Unmodified,CALOES
LS007381,34.486526,-119.754219,Unmodified,CALOES
LS007382,34.486549,-119.754074,Unmodified,CALOES
LS007383,34.486149,-119.754013,Unmodified,CALOES
LS007384,34.486191,-119.753517,Unmodified,CALOES
LS007385,34.486259,-119.753632,Unmodified,CALOES
LS007386,34.486027,-119.752831,Unmodified,CALOES
LS007387,34.486504,-119.752968,Unmodified,CALOES
LS007388,34.486774,-119.754150,Unmodified,CALOES
LS007389,34.486839,-119.753822,Unmodified,CALOES
LS007390,34.485775,-119.753944,Unmodified,CALOES
LS007391,34.485622,-119.754051,Unmodified,CALOES
LS007392,34.485973,-119.754898,Unmodified,CALOES
LS007393,34.485085,-119.755089,Unmodified,CALOES
LS007394,34.485302,-119.759407,Unmodified,CALOES
LS007395,34.484390,-119.758194,Unmodified,CALOES
LS007396,34.484108,-119.758705,Unmodified,CALOES
LS007397,34.484219,-119.761848,Unmodified,CALOES
LS007398,34.484730,-119.761017,Unmodified,CALOES
LS007399,34.484383,-119.761528,Unmodified,CALOES
LS007400,34.483250,-119.762146,Unmodified,CALOES
LS007401,34.483528,-119.760475,Modified,CALOES
LS007402,34.483250,-119.760117,Modified,CALOES
LS007403,34.483521,-119.759834,Modified,CALOES
LS007404,34.483543,-119.759712,Modified,CALOES
LS007405,34.483501,-119.759468,Modified,CALOES
LS007406,34.483307,-119.759987,Modified,CALOES
LS007407,34.483116,-119.760704,Modified,CALOES
LS007408,34.483475,-119.761086,Unmodified,CALOES
LS007409,34.482880,-119.759338,Modified,CALOES
LS007410,34.482979,-119.759285,Modified,CALOES
LS007411,34.483173,-119.758583,Unmodified,CALOES
LS007412,34.483028,-119.757713,Modified,CALOES
LS007413,34.482819,-119.757217,Modified,CALOES
LS007414,34.482899,-119.757088,Modified,CALOES
LS007415,34.482708,-119.754395,Modified,CALOES
LS007416,34.483368,-119.751472,Unmodified,CALOES
LS007417,34.482189,-119.757423,Modified,CALOES
LS007418,34.481983,-119.757622,Modified,CALOES
LS007419,34.482479,-119.754166,-9999,CALOES
LS007420,34.481571,-119.759491,Modified,CALOES
LS007421,34.481361,-119.759544,Modified,CALOES
LS007422,34.482208,-119.761292,Unmodified,CALOES
LS007423,34.482273,-119.761185,Unmodified,CALOES
LS007424,34.482399,-119.761124,Modified,CALOES
LS007425,34.481647,-119.760925,Unmodified,CALOES
LS007426,34.482449,-119.760239,Unmodified,CALOES
LS007427,34.483246,-119.760246,Modified,CALOES
LS007428,34.482491,-119.761948,Modified,CALOES
LS007429,34.482422,-119.761887,Modified,CALOES
LS007430,34.482346,-119.761803,Modified,CALOES
LS007431,34.482292,-119.761673,Modified,CALOES
LS007432,34.490219,-119.755104,Unmodified,CALOES
LS007433,34.489185,-119.752853,Unmodified,CALOES
LS007434,34.484646,-119.754341,Modified,CALOES
LS007435,34.484360,-119.753731,Modified,CALOES
LS007436,34.484325,-119.753601,Modified,CALOES
LS007437,34.484295,-119.753479,Modified,CALOES
LS007438,34.484600,-119.755653,Unmodified,CALOES
LS007439,34.485046,-119.753494,Unmodified,CALOES
LS007440,34.482559,-119.756767,Modified,CALOES
LS007441,34.480770,-119.762047,Unmodified,CALOES
LS007442,34.480751,-119.761642,Unmodified,CALOES
LS007443,34.480804,-119.761574,Unmodified,CALOES
LS007444,34.480328,-119.760406,Unmodified,CALOES
LS007445,34.480667,-119.760818,Unmodified,CALOES
LS007446,34.480957,-119.760300,Unmodified,CALOES
LS007447,34.480381,-119.761948,Unmodified,CALOES
LS007448,34.480225,-119.762032,Unmodified,CALOES
LS007449,34.480114,-119.762047,Unmodified,CALOES
LS007450,34.480583,-119.761841,Unmodified,CALOES
LS007451,34.481270,-119.760872,Unmodified,CALOES
LS007452,34.481133,-119.759689,Modified,CALOES
LS007453,34.480476,-119.760117,Modified,CALOES
LS007454,34.480789,-119.759331,Modified,CALOES
LS007455,34.480949,-119.759270,Modified,CALOES
LS007456,34.481018,-119.758919,Modified,CALOES
LS007457,34.481045,-119.758850,Modified,CALOES
LS007458,34.481133,-119.758636,Modified,CALOES
LS007459,34.481182,-119.758575,Modified,CALOES
LS007460,34.481075,-119.758224,Modified,CALOES
LS007461,34.480938,-119.758293,Modified,CALOES
LS007462,34.480831,-119.758316,Modified,CALOES
LS007463,34.480713,-119.758430,Modified,CALOES
LS007464,34.480568,-119.758232,Modified,CALOES
LS007465,34.480709,-119.757805,Unmodified,CALOES
LS007466,34.480362,-119.758102,Modified,CALOES
LS007467,34.480175,-119.758270,Modified,CALOES
LS007468,34.480095,-119.758270,Modified,CALOES
LS007469,34.479927,-119.758347,Modified,CALOES
LS007470,34.479755,-119.758514,Modified,CALOES
LS007471,34.479877,-119.758675,-9999,CALOES
LS007472,34.480206,-119.759361,Unmodified,CALOES
LS007473,34.480278,-119.759300,Unmodified,CALOES
LS007474,34.480862,-119.757439,Unmodified,CALOES
LS007475,34.481232,-119.757484,Unmodified,CALOES
LS007476,34.480854,-119.756844,Modified,CALOES
LS007477,34.480930,-119.756409,Modified,CALOES
LS007478,34.481068,-119.756096,Modified,CALOES
LS007479,34.481155,-119.755936,Modified,CALOES
LS007480,34.481266,-119.755905,Modified,CALOES
LS007481,34.481327,-119.755898,Modified,CALOES
LS007482,34.480637,-119.756668,Modified,CALOES
LS007483,34.480705,-119.756630,Modified,CALOES
LS007484,34.480682,-119.756485,Modified,CALOES
LS007485,34.480610,-119.756355,Modified,CALOES
LS007486,34.480553,-119.756264,Modified,CALOES
LS007487,34.480457,-119.756248,Modified,CALOES
LS007488,34.480434,-119.756142,Modified,CALOES
LS007489,34.480564,-119.755844,Modified,CALOES
LS007490,34.480614,-119.755600,Modified,CALOES
LS007491,34.480621,-119.755249,Modified,CALOES
LS007492,34.480236,-119.755257,Unmodified,CALOES
LS007493,34.480236,-119.754921,Unmodified,CALOES
LS007494,34.479900,-119.754723,Modified,CALOES
LS007495,34.480068,-119.754608,Modified,CALOES
LS007496,34.479683,-119.754845,Modified,CALOES
LS007497,34.479580,-119.755035,Modified,CALOES
LS007498,34.479576,-119.755257,Modified,CALOES
LS007499,34.479431,-119.755234,Modified,CALOES
LS007500,34.479477,-119.754692,Modified,CALOES
LS007501,34.479309,-119.754753,Modified,CALOES
LS007502,34.479378,-119.754707,Modified,CALOES
LS007503,34.479248,-119.754875,Modified,CALOES
LS007504,34.479221,-119.755074,Modified,CALOES
LS007505,34.479176,-119.755219,Modified,CALOES
LS007506,34.478745,-119.754593,Unmodified,CALOES
LS007507,34.478645,-119.754242,Unmodified,CALOES
LS007508,34.480137,-119.756897,Unmodified,CALOES
LS007509,34.480049,-119.756920,Unmodified,CALOES
LS007510,34.479977,-119.756905,Unmodified,CALOES
LS007511,34.479805,-119.756844,Unmodified,CALOES
LS007512,34.479912,-119.756294,Unmodified,CALOES
LS007513,34.479767,-119.756294,Unmodified,CALOES
LS007514,34.479748,-119.757111,Unmodified,CALOES
LS007515,34.480019,-119.757256,Unmodified,CALOES
LS007516,34.480011,-119.757370,Unmodified,CALOES
LS007517,34.480160,-119.757439,Unmodified,CALOES
LS007518,34.479530,-119.758400,Modified,CALOES
LS007519,34.479546,-119.758240,Modified,CALOES
LS007520,34.479511,-119.758110,Modified,CALOES
LS007521,34.479481,-119.758034,Modified,CALOES
LS007522,34.479477,-119.757965,Modified,CALOES
LS007523,34.479481,-119.757759,Modified,CALOES
LS007524,34.479378,-119.757507,Modified,CALOES
LS007525,34.479332,-119.757332,Modified,CALOES
LS007526,34.478882,-119.756592,Modified,CALOES
LS007527,34.478771,-119.756714,Modified,CALOES
LS007528,34.478664,-119.756905,Modified,CALOES
LS007529,34.478386,-119.757309,Modified,CALOES
LS007530,34.479420,-119.757004,Modified,CALOES
LS007531,34.479404,-119.756836,Modified,CALOES
LS007532,34.479218,-119.755859,Unmodified,CALOES
LS007533,34.478237,-119.751884,Modified,CALOES
LS007534,34.478214,-119.752289,Modified,CALOES
LS007535,34.478146,-119.752167,Modified,CALOES
LS007536,34.475967,-119.752716,Modified,CALOES
LS007537,34.475872,-119.752541,Modified,CALOES
LS007538,34.475815,-119.752296,Modified,CALOES
LS007539,34.476410,-119.757828,Modified,CALOES
LS007540,34.475880,-119.758026,Modified,CALOES
LS007541,34.475498,-119.759964,Modified,CALOES
LS007542,34.475170,-119.760330,Modified,CALOES
LS007543,34.475079,-119.761063,Modified,CALOES
LS007544,34.474476,-119.761925,Modified,CALOES
LS007545,34.472424,-119.753365,Modified,CALOES
LS007546,34.480217,-119.760132,-9999,CALOES
LS007547,34.480473,-119.754341,Unmodified,CALOES
LS007548,34.481426,-119.754608,Unmodified,CALOES
LS007549,34.476776,-119.759354,Modified,CALOES
LS007550,34.476856,-119.759254,Modified,CALOES
LS007551,34.476852,-119.753197,Modified,CALOES
LS007552,34.473156,-119.759689,Modified,CALOES
LS007553,34.473053,-119.759453,-9999,CALOES
LS007554,34.472794,-119.758186,Modified,CALOES
LS007555,34.472881,-119.758003,Modified,CALOES
LS007556,34.472717,-119.755478,Modified,CALOES
LS007557,34.471748,-119.756180,Modified,CALOES
LS007558,34.468918,-119.757515,Modified,CALOES
LS007559,34.469040,-119.757652,Modified,CALOES
LS007560,34.469017,-119.757324,Modified,CALOES
LS007561,34.469173,-119.757233,Modified,CALOES
LS007562,34.469238,-119.757195,Modified,CALOES
LS007563,34.469330,-119.757126,Modified,CALOES
LS007564,34.468895,-119.754677,Modified,CALOES
LS007565,34.469162,-119.753723,Modified,CALOES
LS007566,34.468712,-119.753540,Modified,CALOES
LS007567,34.468040,-119.753044,Modified,CALOES
LS007568,34.467918,-119.752548,Modified,CALOES
LS007569,34.467804,-119.753548,Unmodified,CALOES
LS007570,34.467804,-119.753456,Unmodified,CALOES
LS007571,34.467739,-119.754395,Unmodified,CALOES
LS007572,34.468468,-119.757416,Modified,CALOES
LS007573,34.468422,-119.757118,Modified,CALOES
LS007574,34.468391,-119.757034,Modified,CALOES
LS007575,34.468044,-119.760483,Modified,CALOES
LS007576,34.467041,-119.758301,Modified,CALOES
LS007577,34.467251,-119.757706,Modified,CALOES
LS007578,34.467289,-119.757355,Modified,CALOES
LS007579,34.467407,-119.757057,Modified,CALOES
LS007580,34.467384,-119.756905,Modified,CALOES
LS007581,34.467365,-119.756592,Modified,CALOES
LS007582,34.467354,-119.756531,Modified,CALOES
LS007583,34.467289,-119.757614,Modified,CALOES
LS007584,34.466286,-119.750847,Modified,CALOES
LS007585,34.465202,-119.758102,Unmodified,CALOES
LS007586,34.464863,-119.751625,Modified,CALOES
LS007587,34.464935,-119.751175,Modified,CALOES
LS007588,34.463951,-119.758995,-9999,CALOES
LS007589,34.463596,-119.759392,-9999,CALOES
LS007590,34.471664,-119.753494,Modified,CALOES
LS007591,34.470760,-119.759941,Modified,CALOES
LS007592,34.470383,-119.759796,Modified,CALOES
LS007593,34.464928,-119.760544,Unmodified,CALOES
LS007594,34.463139,-119.759628,-9999,CALOES
LS007595,34.463207,-119.759605,-9999,CALOES
LS007596,34.462738,-119.752304,-9999,CALOES
LS007597,34.462833,-119.752228,-9999,CALOES
LS007598,34.495201,-119.748512,Unmodified,CALOES
LS007599,34.493050,-119.748405,Unmodified,CALOES
LS007600,34.493023,-119.747841,Unmodified,CALOES
LS007601,34.493130,-119.747528,Unmodified,CALOES
LS007602,34.493774,-119.750389,Unmodified,CALOES
LS007603,34.493423,-119.750145,Unmodified,CALOES
LS007604,34.491695,-119.743195,Unmodified,CALOES
LS007605,34.490074,-119.751419,Unmodified,CALOES
LS007606,34.490139,-119.751328,Unmodified,CALOES
LS007607,34.490486,-119.751137,Unmodified,CALOES
LS007608,34.490101,-119.751045,Unmodified,CALOES
LS007609,34.489159,-119.750343,Unmodified,CALOES
LS007610,34.489677,-119.750214,Unmodified,CALOES
LS007611,34.489326,-119.750061,Unmodified,CALOES
LS007612,34.489185,-119.749527,Unmodified,CALOES
LS007613,34.489269,-119.749496,Unmodified,CALOES
LS007614,34.488853,-119.750435,Unmodified,CALOES
LS007615,34.490318,-119.745964,Unmodified,CALOES
LS007616,34.485149,-119.749420,Unmodified,CALOES
LS007617,34.484882,-119.749771,Unmodified,CALOES
LS007618,34.484730,-119.749596,Unmodified,CALOES
LS007619,34.484844,-119.749710,Unmodified,CALOES
LS007620,34.484589,-119.749573,Unmodified,CALOES
LS007621,34.484631,-119.749146,Unmodified,CALOES
LS007622,34.484581,-119.749146,Unmodified,CALOES
LS007623,34.484848,-119.749146,Unmodified,CALOES
LS007624,34.484848,-119.747543,Unmodified,CALOES
LS007625,34.484276,-119.748650,Unmodified,CALOES
LS007626,34.484684,-119.746811,Unmodified,CALOES
LS007627,34.484711,-119.746056,Unmodified,CALOES
LS007628,34.484070,-119.747383,Unmodified,CALOES
LS007629,34.484173,-119.746986,Unmodified,CALOES
LS007630,34.483578,-119.748291,Unmodified,CALOES
LS007631,34.483284,-119.749092,Unmodified,CALOES
LS007632,34.483093,-119.750435,Unmodified,CALOES
LS007633,34.482533,-119.750282,Unmodified,CALOES
LS007634,34.482502,-119.750381,Unmodified,CALOES
LS007635,34.482769,-119.750160,Unmodified,CALOES
LS007636,34.482662,-119.750374,Unmodified,CALOES
LS007637,34.481766,-119.750885,Unmodified,CALOES
LS007638,34.483006,-119.748032,Unmodified,CALOES
LS007639,34.488976,-119.749786,Unmodified,CALOES
LS007640,34.486416,-119.749718,Unmodified,CALOES
LS007641,34.484718,-119.746223,Unmodified,CALOES
LS007642,34.484646,-119.746422,Unmodified,CALOES
LS007643,34.481186,-119.751740,Unmodified,CALOES
LS007644,34.480816,-119.750900,Unmodified,CALOES
LS007645,34.479912,-119.748901,Modified,CALOES
LS007646,34.480053,-119.748734,Modified,CALOES
LS007647,34.480179,-119.748589,Modified,CALOES
LS007648,34.480213,-119.748405,Modified,CALOES
LS007649,34.480370,-119.748260,Modified,CALOES
LS007650,34.480503,-119.748047,Modified,CALOES
LS007651,34.480679,-119.747917,Modified,CALOES
LS007652,34.480698,-119.747559,Modified,CALOES
LS007653,34.480286,-119.747154,Modified,CALOES
LS007654,34.480457,-119.748154,Modified,CALOES
LS007655,34.478218,-119.750076,Modified,CALOES
LS007656,34.478844,-119.749939,Modified,CALOES
LS007657,34.478477,-119.751007,Unmodified,CALOES
LS007658,34.478283,-119.751160,Unmodified,CALOES
LS007659,34.478127,-119.748383,Unmodified,CALOES
LS007660,34.479328,-119.749184,Modified,CALOES
LS007661,34.479488,-119.749596,Modified,CALOES
LS007662,34.479801,-119.749184,Modified,CALOES
LS007663,34.479328,-119.746574,Unmodified,CALOES
LS007664,34.479866,-119.745972,Unmodified,CALOES
LS007665,34.479355,-119.744270,Unmodified,CALOES
LS007666,34.478664,-119.746147,Unmodified,CALOES
LS007667,34.479488,-119.743156,Unmodified,CALOES
LS007668,34.478596,-119.743332,Unmodified,CALOES
LS007669,34.478573,-119.742912,Unmodified,CALOES
LS007670,34.478401,-119.743729,Unmodified,CALOES
LS007671,34.478443,-119.743118,Unmodified,CALOES
LS007672,34.478439,-119.740814,Unmodified,CALOES
LS007673,34.477024,-119.744102,Unmodified,CALOES
LS007674,34.477177,-119.747726,Unmodified,CALOES
LS007675,34.476250,-119.744217,Unmodified,CALOES
LS007676,34.474724,-119.744797,Unmodified,CALOES
LS007677,34.474384,-119.743752,Unmodified,CALOES
LS007678,34.474697,-119.743774,Unmodified,CALOES
LS007679,34.474545,-119.743080,Unmodified,CALOES
LS007680,34.474751,-119.742584,Unmodified,CALOES
LS007681,34.474224,-119.741943,Unmodified,CALOES
LS007682,34.475677,-119.742531,Unmodified,CALOES
LS007683,34.474937,-119.740616,Unmodified,CALOES
LS007684,34.472225,-119.744888,Unmodified,CALOES
LS007685,34.471241,-119.743156,Unmodified,CALOES
LS007686,34.471333,-119.744202,Unmodified,CALOES
LS007687,34.470715,-119.746758,Modified,CALOES
LS007688,34.467686,-119.750725,Modified,CALOES
LS007689,34.468098,-119.742134,Modified,CALOES
LS007690,34.467995,-119.741730,Modified,CALOES
LS007691,34.467865,-119.741753,Modified,CALOES
LS007692,34.467659,-119.741684,Modified,CALOES
LS007693,34.468281,-119.741814,Modified,CALOES
LS007694,34.468311,-119.741806,Modified,CALOES
LS007695,34.466690,-119.742538,Modified,CALOES
LS007696,34.467003,-119.745201,Modified,CALOES
LS007697,34.467213,-119.745041,Modified,CALOES
LS007698,34.467239,-119.745239,Modified,CALOES
LS007699,34.466721,-119.745422,Modified,CALOES
LS007700,34.466747,-119.745354,Modified,CALOES
LS007701,34.466045,-119.743561,Modified,CALOES
LS007702,34.464413,-119.746857,Modified,CALOES
LS007703,34.464218,-119.746117,Modified,CALOES
LS007704,34.464573,-119.745712,Modified,CALOES
LS007705,34.464596,-119.745644,Modified,CALOES
LS007706,34.472210,-119.759445,Modified,CALOES
LS007707,34.472027,-119.759033,Modified,CALOES
LS007708,34.471718,-119.761223,Modified,CALOES
LS007709,34.472019,-119.760757,Modified,CALOES
LS007710,34.472221,-119.760384,Modified,CALOES
LS007711,34.472328,-119.759705,Modified,CALOES
LS007712,34.472069,-119.760719,Modified,CALOES
LS007713,34.472126,-119.760643,Modified,CALOES
LS007714,34.472431,-119.758926,Modified,CALOES
LS007715,34.472328,-119.759132,Modified,CALOES
LS007716,34.471569,-119.752693,Modified,CALOES
LS007717,34.465084,-119.745354,Modified,CALOES
LS007718,34.464222,-119.748238,Modified,CALOES
LS007719,34.463314,-119.749893,Modified,CALOES
LS007720,34.463348,-119.750145,Modified,CALOES
LS007721,34.463272,-119.750168,Modified,CALOES
LS007722,34.463638,-119.748291,Modified,CALOES
LS007723,34.463692,-119.748283,Modified,CALOES
LS007724,34.463581,-119.748268,Modified,CALOES
LS007725,34.463707,-119.747803,Modified,CALOES
LS007726,34.463043,-119.747818,Modified,CALOES
LS007727,34.462891,-119.747849,Modified,CALOES
LS007728,34.462822,-119.747643,Modified,CALOES
LS007729,34.462719,-119.748726,Modified,CALOES
LS007730,34.462456,-119.748726,Modified,CALOES
LS007731,34.462433,-119.748451,Modified,CALOES
LS007732,34.462288,-119.748398,Modified,CALOES
LS007733,34.462387,-119.748055,Modified,CALOES
LS007734,34.462479,-119.748138,Modified,CALOES
LS007735,34.462662,-119.748093,Modified,CALOES
LS007736,34.462616,-119.748215,Modified,CALOES
LS007737,34.462761,-119.748436,Modified,CALOES
LS007738,34.462299,-119.747749,Modified,CALOES
LS007739,34.461578,-119.741684,Modified,CALOES
LS007740,34.461330,-119.742096,Modified,CALOES
LS007741,34.461891,-119.748222,Modified,CALOES
LS007742,34.462894,-119.748657,Modified,CALOES
LS007743,34.463627,-119.745094,Modified,CALOES
LS007744,34.463055,-119.747345,Modified,CALOES
LS007745,34.463306,-119.747360,Modified,CALOES
LS007746,34.461910,-119.741951,Modified,CALOES
LS007747,34.461330,-119.750343,Modified,CALOES
LS007748,34.460716,-119.745232,Modified,CALOES
LS007749,34.458858,-119.745567,Modified,CAP
LS007750,34.458805,-119.745544,Modified,CAP
LS007751,34.454716,-119.744080,Modified,CAP
LS007752,34.404766,-119.744576,Modified,CAP
LS007753,34.505737,-119.739258,Modified,CALOES
LS007754,34.498863,-119.733261,Unmodified,CALOES
LS007755,34.498913,-119.733086,Unmodified,CALOES
LS007756,34.498894,-119.737717,Unmodified,CALOES
LS007757,34.495457,-119.740005,Unmodified,CALOES
LS007758,34.492214,-119.729935,Unmodified,CALOES
LS007759,34.488522,-119.731140,Unmodified,CALOES
LS007760,34.485352,-119.740044,Unmodified,CALOES
LS007761,34.485123,-119.730087,Unmodified,CALOES
LS007762,34.486168,-119.731537,Unmodified,CALOES
LS007763,34.486885,-119.732552,Unmodified,CALOES
LS007764,34.481159,-119.734261,Unmodified,CALOES
LS007765,34.481449,-119.733185,Unmodified,CALOES
LS007766,34.480087,-119.738914,Unmodified,CALOES
LS007767,34.479515,-119.734833,Unmodified,CALOES
LS007768,34.479008,-119.732986,Unmodified,CALOES
LS007769,34.478096,-119.737312,Unmodified,CALOES
LS007770,34.477364,-119.729950,Unmodified,CALOES
LS007771,34.477219,-119.735489,Unmodified,CALOES
LS007772,34.476387,-119.736359,Unmodified,CALOES
LS007773,34.475971,-119.737671,Unmodified,CALOES
LS007774,34.474434,-119.733452,Modified,CALOES
LS007775,34.473934,-119.733513,Modified,CALOES
LS007776,34.473930,-119.733116,Modified,CALOES
LS007777,34.473396,-119.733978,Modified,CALOES
LS007778,34.475597,-119.731392,Modified,CALOES
LS007779,34.475552,-119.731216,Modified,CALOES
LS007780,34.475498,-119.730499,Unmodified,CALOES
LS007781,34.475887,-119.730110,Unmodified,CALOES
LS007782,34.475674,-119.729774,Unmodified,CALOES
LS007783,34.474316,-119.730751,Modified,CALOES
LS007784,34.474236,-119.730446,Modified,CALOES
LS007785,34.474163,-119.730438,Modified,CALOES
LS007786,34.473843,-119.730591,Modified,CALOES
LS007787,34.474079,-119.730240,Modified,CALOES
LS007788,34.473137,-119.739380,Modified,CALOES
LS007789,34.473373,-119.738823,Modified,CALOES
LS007790,34.477619,-119.738892,Unmodified,CALOES
LS007791,34.477001,-119.729492,Modified,CALOES
LS007792,34.476563,-119.729652,Modified,CALOES
LS007793,34.475639,-119.733826,Unmodified,CALOES
LS007794,34.475582,-119.733444,Unmodified,CALOES
LS007795,34.475613,-119.732285,Modified,CALOES
LS007796,34.473759,-119.729370,Unmodified,CALOES
LS007797,34.472523,-119.738914,Modified,CALOES
LS007798,34.472569,-119.736572,Modified,CALOES
LS007799,34.472542,-119.736038,Modified,CALOES
LS007800,34.472435,-119.735947,Modified,CALOES
LS007801,34.472256,-119.735886,Modified,CALOES
LS007802,34.472321,-119.735985,Modified,CALOES
LS007803,34.472298,-119.735184,Modified,CALOES
LS007804,34.472084,-119.730675,Modified,CALOES
LS007805,34.471672,-119.730507,Modified,CALOES
LS007806,34.471554,-119.730453,Modified,CALOES
LS007807,34.470997,-119.729988,Modified,CALOES
LS007808,34.470924,-119.730019,Modified,CALOES
LS007809,34.470890,-119.731400,Modified,CALOES
LS007810,34.471104,-119.731178,Modified,CALOES
LS007811,34.471066,-119.731567,Modified,CALOES
LS007812,34.470776,-119.730865,Modified,CALOES
LS007813,34.470520,-119.730843,Modified,CALOES
LS007814,34.470070,-119.731339,Modified,CALOES
LS007815,34.470032,-119.730957,Modified,CALOES
LS007816,34.470062,-119.730896,Modified,CALOES
LS007817,34.469849,-119.731316,Modified,CALOES
LS007818,34.469398,-119.731544,Modified,CALOES
LS007819,34.469471,-119.731606,Modified,CALOES
LS007820,34.469906,-119.731392,Modified,CALOES
LS007821,34.468483,-119.740219,Unmodified,CALOES
LS007822,34.467953,-119.736069,Modified,CALOES
LS007823,34.467670,-119.736496,Modified,CALOES
LS007824,34.467663,-119.736275,Modified,CALOES
LS007825,34.467777,-119.736008,Modified,CALOES
LS007826,34.467579,-119.735741,Modified,CALOES
LS007827,34.467468,-119.733528,Modified,CALOES
LS007828,34.465382,-119.737190,Modified,CALOES
LS007829,34.465748,-119.734612,Modified,CALOES
LS007830,34.465252,-119.734062,-9999,CALOES
LS007831,34.465134,-119.733887,-9999,CALOES
LS007832,34.465641,-119.733414,Modified,CALOES
LS007833,34.464722,-119.732262,Modified,CALOES
LS007834,34.471500,-119.735809,Modified,CALOES
LS007835,34.471466,-119.732674,Unmodified,CALOES
LS007836,34.470078,-119.737839,Modified,CALOES
LS007837,34.464279,-119.739555,Modified,CALOES
LS007838,34.464153,-119.739540,Modified,CALOES
LS007839,34.464081,-119.739388,Modified,CALOES
LS007840,34.464043,-119.739334,Modified,CALOES
LS007841,34.463982,-119.739204,Modified,CALOES
LS007842,34.464428,-119.739006,Modified,CALOES
LS007843,34.464375,-119.738739,Modified,CALOES
LS007844,34.464401,-119.738571,Modified,CALOES
LS007845,34.464130,-119.738602,Modified,CALOES
LS007846,34.464146,-119.738876,Modified,CALOES
LS007847,34.464054,-119.739052,Modified,CALOES
LS007848,34.464527,-119.738548,Modified,CALOES
LS007849,34.464470,-119.738289,Modified,CALOES
LS007850,34.464516,-119.738197,Modified,CALOES
LS007851,34.464478,-119.738060,Modified,CALOES
LS007852,34.464241,-119.738243,Modified,CALOES
LS007853,34.464310,-119.737816,Modified,CALOES
LS007854,34.464539,-119.737740,Modified,CALOES
LS007855,34.464096,-119.738167,Modified,CALOES
LS007856,34.464115,-119.738007,Modified,CALOES
LS007857,34.464058,-119.737930,Modified,CALOES
LS007858,34.464062,-119.737770,Modified,CALOES
LS007859,34.464008,-119.737709,Modified,CALOES
LS007860,34.464046,-119.737610,Modified,CALOES
LS007861,34.464077,-119.737343,Modified,CALOES
LS007862,34.463947,-119.737373,Modified,CALOES
LS007863,34.464218,-119.737091,Modified,CALOES
LS007864,34.464325,-119.736961,Modified,CALOES
LS007865,34.464558,-119.737228,Modified,CALOES
LS007866,34.464943,-119.737434,Modified,CALOES
LS007867,34.464886,-119.737350,Modified,CALOES
LS007868,34.464863,-119.736961,Modified,CALOES
LS007869,34.464951,-119.736763,Modified,CALOES
LS007870,34.465012,-119.736656,Modified,CALOES
LS007871,34.465141,-119.736565,Modified,CALOES
LS007872,34.463444,-119.738976,Unmodified,CALOES
LS007873,34.463013,-119.737587,Modified,CALOES
LS007874,34.463497,-119.737869,Modified,CALOES
LS007875,34.462692,-119.737961,Modified,CALOES
LS007876,34.462715,-119.737595,Modified,CALOES
LS007877,34.462521,-119.737625,Modified,CALOES
LS007878,34.462849,-119.737923,Modified,CALOES
LS007879,34.463139,-119.737839,Modified,CALOES
LS007880,34.463577,-119.735832,Unmodified,CALOES
LS007881,34.462482,-119.737251,Unmodified,CALOES
LS007882,34.463043,-119.734062,Modified,CALOES
LS007883,34.463291,-119.732605,Modified,CALOES
LS007884,34.463486,-119.732513,Modified,CALOES
LS007885,34.463764,-119.732285,Modified,CALOES
LS007886,34.463161,-119.732811,Modified,CALOES
LS007887,34.462410,-119.732918,Modified,CALOES
LS007888,34.463524,-119.732872,Modified,CALOES
LS007889,34.463646,-119.730255,Modified,CALOES
LS007890,34.462368,-119.731918,Modified,CALOES
LS007891,34.462250,-119.731903,Modified,CALOES
LS007892,34.461597,-119.732605,Modified,CALOES
LS007893,34.461830,-119.733170,Modified,CALOES
LS007894,34.452759,-119.734451,Modified,CAP
LS007895,34.451748,-119.734856,Modified,CAP
LS007896,34.451859,-119.734818,Modified,CAP
LS007897,34.451878,-119.734558,Modified,CAP
LS007898,34.451569,-119.734932,Modified,CAP
LS007899,34.450275,-119.735703,Modified,CAP
LS007900,34.493732,-119.728165,Unmodified,CALOES
LS007901,34.493973,-119.727936,Unmodified,CALOES
LS007902,34.494610,-119.725861,Unmodified,CALOES
LS007903,34.479065,-119.727524,Unmodified,CALOES
LS007904,34.478092,-119.719284,Unmodified,CALOES
LS007905,34.477840,-119.727097,Unmodified,CALOES
LS007906,34.477978,-119.726204,Unmodified,CALOES
LS007907,34.477566,-119.725990,Unmodified,CALOES
LS007908,34.476494,-119.725563,Unmodified,CALOES
LS007909,34.476768,-119.725723,Unmodified,CALOES
LS007910,34.475880,-119.727287,Unmodified,CALOES
LS007911,34.475975,-119.729118,Unmodified,CALOES
LS007912,34.475906,-119.729050,Unmodified,CALOES
LS007913,34.475365,-119.726555,Unmodified,CALOES
LS007914,34.476967,-119.719971,Unmodified,CALOES
LS007915,34.475506,-119.722099,Modified,CALOES
LS007916,34.475494,-119.722206,Modified,CALOES
LS007917,34.473804,-119.728844,Unmodified,CALOES
LS007918,34.474930,-119.725525,Modified,CALOES
LS007919,34.475170,-119.725266,Modified,CALOES
LS007920,34.475048,-119.725128,Modified,CALOES
LS007921,34.474773,-119.724480,Unmodified,CALOES
LS007922,34.474182,-119.724266,Unmodified,CALOES
LS007923,34.474277,-119.723976,Unmodified,CALOES
LS007924,34.481403,-119.723900,Unmodified,CALOES
LS007925,34.479843,-119.719582,Unmodified,CALOES
LS007926,34.473965,-119.726158,Unmodified,CALOES
LS007927,34.474220,-119.725502,Modified,CALOES
LS007928,34.472527,-119.727348,-9999,CALOES
LS007929,34.472679,-119.726982,-9999,CALOES
LS007930,34.473156,-119.725327,Modified,CALOES
LS007931,34.472317,-119.725815,Unmodified,CALOES
LS007932,34.472317,-119.725319,Modified,CALOES
LS007933,34.472919,-119.723442,Unmodified,CALOES
LS007934,34.472576,-119.722984,Modified,CALOES
LS007935,34.472565,-119.722626,Modified,CALOES
LS007936,34.472576,-119.722504,Modified,CALOES
LS007937,34.472954,-119.721588,Modified,CALOES
LS007938,34.473011,-119.721512,Modified,CALOES
LS007939,34.472149,-119.721603,Unmodified,CALOES
LS007940,34.471359,-119.722565,Modified,CALOES
LS007941,34.471157,-119.722664,Modified,CALOES
LS007942,34.471050,-119.722694,Modified,CALOES
LS007943,34.471504,-119.723091,Modified,CALOES
LS007944,34.471462,-119.723312,Modified,CALOES
LS007945,34.471786,-119.723854,Modified,CALOES
LS007946,34.471863,-119.723915,Modified,CALOES
LS007947,34.471958,-119.723999,Modified,CALOES
LS007948,34.471981,-119.724190,Modified,CALOES
LS007949,34.471664,-119.723732,Modified,CALOES
LS007950,34.471970,-119.723801,Modified,CALOES
LS007951,34.471420,-119.724854,Modified,CALOES
LS007952,34.470959,-119.724129,Unmodified,CALOES
LS007953,34.471325,-119.724342,Unmodified,CALOES
LS007954,34.471420,-119.724419,Unmodified,CALOES
LS007955,34.470776,-119.723358,Unmodified,CALOES
LS007956,34.469967,-119.725227,Unmodified,CALOES
LS007957,34.470734,-119.720947,Modified,CALOES
LS007958,34.470604,-119.721115,Modified,CALOES
LS007959,34.470577,-119.721268,Modified,CALOES
LS007960,34.469227,-119.720284,Modified,CALOES
LS007961,34.468372,-119.718353,Modified,CALOES
LS007962,34.468189,-119.718864,Modified,CALOES
LS007963,34.468334,-119.719116,Modified,CALOES
LS007964,34.468323,-119.719368,Modified,CALOES
LS007965,34.468277,-119.719543,Modified,CALOES
LS007966,34.468082,-119.724518,Modified,CALOES
LS007967,34.468483,-119.724586,Modified,CALOES
LS007968,34.467636,-119.724930,Modified,CALOES
LS007969,34.467037,-119.724953,Modified,CALOES
LS007970,34.466839,-119.724991,Modified,CALOES
LS007971,34.467587,-119.725113,Modified,CALOES
LS007972,34.466488,-119.726753,Modified,CALOES
LS007973,34.465778,-119.725174,Modified,CALOES
LS007974,34.465450,-119.725914,Modified,CALOES
LS007975,34.465511,-119.726028,Modified,CALOES
LS007976,34.465580,-119.724495,Modified,CALOES
LS007977,34.466156,-119.726463,Modified,CALOES
LS007978,34.466118,-119.726440,Modified,CALOES
LS007979,34.466160,-119.726303,Modified,CALOES
LS007980,34.466022,-119.726372,Modified,CALOES
LS007981,34.466259,-119.723640,Modified,CALOES
LS007982,34.466400,-119.723503,Modified,CALOES
LS007983,34.466412,-119.723213,Modified,CALOES
LS007984,34.464867,-119.718193,Modified,CALOES
LS007985,34.465321,-119.718468,Modified,CALOES
LS007986,34.464718,-119.718857,Modified,CALOES
LS007987,34.464756,-119.720337,Modified,CALOES
LS007988,34.464802,-119.720230,Modified,CALOES
LS007989,34.464844,-119.720154,Modified,CALOES
LS007990,34.464687,-119.720016,Modified,CALOES
LS007991,34.464684,-119.719948,Modified,CALOES
LS007992,34.464615,-119.719505,Modified,CALOES
LS007993,34.464859,-119.720657,Modified,CALOES
LS007994,34.464752,-119.720825,Modified,CALOES
LS007995,34.464699,-119.721283,Modified,CALOES
LS007996,34.464558,-119.721588,Modified,CALOES
LS007997,34.464394,-119.721695,Modified,CALOES
LS007998,34.464771,-119.727013,Modified,CALOES
LS007999,34.464893,-119.726135,Modified,CALOES
LS008000,34.465008,-119.726006,Modified,CALOES
LS008001,34.464870,-119.725571,Modified,CALOES
LS008002,34.464855,-119.725494,Modified,CALOES
LS008003,34.464989,-119.725502,Modified,CALOES
LS008004,34.465111,-119.725304,Modified,CALOES
LS008005,34.465179,-119.725288,Modified,CALOES
LS008006,34.465309,-119.725220,Modified,CALOES
LS008007,34.465370,-119.725098,Modified,CALOES
LS008008,34.464218,-119.727440,Modified,CALOES
LS008009,34.464314,-119.727417,Modified,CALOES
LS008010,34.464470,-119.727249,Modified,CALOES
LS008011,34.464607,-119.727119,Modified,CALOES
LS008012,34.464378,-119.726563,Modified,CALOES
LS008013,34.464287,-119.726639,Modified,CALOES
LS008014,34.464367,-119.726303,Modified,CALOES
LS008015,34.465683,-119.722572,Unmodified,CALOES
LS008016,34.464104,-119.727394,Modified,CALOES
LS008017,34.464043,-119.727669,Modified,CALOES
LS008018,34.464203,-119.719765,Unmodified,CALOES
LS008019,34.464100,-119.719666,Unmodified,CALOES
LS008020,34.463509,-119.719955,Modified,CALOES
LS008021,34.462982,-119.723419,Modified,CALOES
LS008022,34.463112,-119.723373,Modified,CALOES
LS008023,34.463184,-119.724609,Modified,CALOES
LS008024,34.463375,-119.724350,Modified,CALOES
LS008025,34.463490,-119.724358,Modified,CALOES
LS008026,34.463600,-119.724373,Modified,CALOES
LS008027,34.463211,-119.724197,Modified,CALOES
LS008028,34.463345,-119.725449,Modified,CALOES
LS008029,34.462772,-119.725639,Modified,CALOES
LS008030,34.462719,-119.725616,Modified,CALOES
LS008031,34.463417,-119.726997,Modified,CALOES
LS008032,34.462791,-119.727119,Unmodified,CALOES
LS008033,34.462532,-119.725464,Modified,CALOES
LS008034,34.462440,-119.725471,Modified,CALOES
LS008035,34.462376,-119.725357,Modified,CALOES
LS008036,34.462444,-119.725388,Modified,CALOES
LS008037,34.462307,-119.724770,Modified,CALOES
LS008038,34.462177,-119.724724,Modified,CALOES
LS008039,34.461990,-119.722229,Modified,CALOES
LS008040,34.461876,-119.721924,Modified,CALOES
LS008041,34.461460,-119.723038,Unmodified,CALOES
LS008042,34.461346,-119.725227,Modified,CALOES
LS008043,34.458961,-119.719215,Modified,CAP
LS008044,34.457844,-119.725624,Modified,CAP
LS008045,34.454651,-119.719841,Modified,CAP
LS008046,34.454029,-119.718529,Modified,CAP
LS008047,34.453835,-119.719353,Modified,CAP
LS008048,34.453735,-119.719315,Modified,CAP
LS008049,34.453648,-119.719276,Modified,CAP
LS008050,34.453609,-119.719254,Modified,CAP
LS008051,34.453808,-119.724007,Modified,CAP
LS008052,34.450260,-119.724243,Modified,CAP
LS008053,34.409164,-119.716743,Modified,CAP
LS008054,34.408295,-119.721420,Modified,CAP
LS008055,34.408340,-119.721420,Modified,CAP
LS008056,34.408413,-119.721344,Modified,CAP
LS008057,34.502911,-119.718895,Unmodified,CALOES
LS008058,34.502148,-119.718025,Unmodified,CALOES
LS008059,34.496017,-119.712379,Unmodified,CALOES
LS008060,34.494064,-119.715164,Unmodified,CALOES
LS008061,34.489346,-119.714081,Unmodified,CALOES
LS008062,34.489918,-119.714607,Unmodified,CALOES
LS008063,34.489902,-119.713440,Unmodified,CALOES
LS008064,34.487530,-119.711037,Unmodified,CALOES
LS008065,34.486629,-119.717621,Unmodified,CALOES
LS008066,34.485268,-119.708710,Unmodified,CALOES
LS008067,34.490704,-119.714767,Unmodified,CALOES
LS008068,34.481171,-119.711494,Unmodified,CALOES
LS008069,34.479012,-119.718185,Unmodified,CALOES
LS008070,34.478550,-119.718094,Unmodified,CALOES
LS008071,34.478252,-119.711929,Unmodified,CALOES
LS008072,34.473709,-119.714005,Unmodified,CALOES
LS008073,34.473766,-119.714401,Unmodified,CALOES
LS008074,34.469856,-119.714417,Unmodified,CALOES
LS008075,34.470104,-119.713852,Unmodified,CALOES
LS008076,34.469685,-119.715515,Unmodified,CALOES
LS008077,34.469173,-119.716354,Unmodified,CALOES
LS008078,34.468445,-119.715263,Unmodified,CALOES
LS008079,34.467934,-119.714752,Modified,CALOES
LS008080,34.466984,-119.716499,Modified,CALOES
LS008081,34.467136,-119.716469,Modified,CALOES
LS008082,34.467487,-119.715813,Modified,CALOES
LS008083,34.467110,-119.710800,Modified,CALOES
LS008084,34.466995,-119.710953,Modified,CALOES
LS008085,34.466892,-119.710808,Modified,CALOES
LS008086,34.466980,-119.711136,Modified,CALOES
LS008087,34.467022,-119.709564,Modified,CALOES
LS008088,34.466885,-119.709679,Modified,CALOES
LS008089,34.467522,-119.709709,Modified,CALOES
LS008090,34.468128,-119.708229,Modified,USGS
LS008091,34.466465,-119.709625,Unmodified,CALOES
LS008092,34.466415,-119.714844,Modified,CALOES
LS008093,34.466175,-119.714836,Modified,CALOES
LS008094,34.466461,-119.714607,Modified,CALOES
LS008095,34.466316,-119.714447,Modified,CALOES
LS008096,34.465919,-119.717712,Modified,CALOES
LS008097,34.465824,-119.717842,Modified,CALOES
LS008098,34.465565,-119.714424,Modified,CALOES
LS008099,34.464622,-119.715584,Modified,CALOES
LS008100,34.465015,-119.716499,Modified,CALOES
LS008101,34.466076,-119.714928,Modified,CALOES
LS008102,34.472931,-119.707840,Unmodified,USGS
LS008103,34.466396,-119.716675,Modified,CALOES
LS008104,34.463718,-119.717148,Unmodified,CALOES
LS008105,34.463608,-119.716965,Unmodified,CALOES
LS008106,34.463650,-119.716354,Unmodified,CALOES
LS008107,34.464355,-119.715973,Modified,CALOES
LS008108,34.464355,-119.715851,Modified,CALOES
LS008109,34.461544,-119.714821,Modified,CALOES
LS008110,34.461555,-119.714668,Modified,CALOES
LS008111,34.461720,-119.714493,Modified,CALOES
LS008112,34.462078,-119.714371,Modified,CALOES
LS008113,34.460361,-119.715958,Modified,CAP
LS008114,34.460297,-119.715706,Modified,CAP
LS008115,34.458660,-119.715607,Modified,CAP
LS008116,34.458450,-119.715736,Modified,CAP
LS008117,34.457237,-119.715652,Modified,CAP
LS008118,34.457199,-119.715973,Modified,CAP
LS008119,34.456123,-119.713478,Modified,CAP
LS008120,34.411846,-119.718636,Modified,CAP
LS008121,34.488922,-119.703758,Unmodified,CALOES
LS008122,34.481178,-119.707016,Unmodified,CALOES
LS008123,34.477676,-119.703590,Unmodified,USGS
LS008124,34.474388,-119.697998,Unmodified,USGS
LS008125,34.474224,-119.699944,Unmodified,USGS
LS008126,34.474083,-119.705109,Unmodified,USGS
LS008127,34.473915,-119.704857,Unmodified,USGS
LS008128,34.472614,-119.705933,Modified,USGS
LS008129,34.472649,-119.705780,Modified,USGS
LS008130,34.472473,-119.702133,Modified,USGS
LS008131,34.470905,-119.699440,Modified,USGS
LS008132,34.470997,-119.699089,Modified,USGS
LS008133,34.470997,-119.698967,Modified,USGS
LS008134,34.471161,-119.698181,Modified,USGS
LS008135,34.471107,-119.702042,Modified,USGS
LS008136,34.471050,-119.702095,Modified,USGS
LS008137,34.470997,-119.702179,Modified,USGS
LS008138,34.470772,-119.703865,Modified,USGS
LS008139,34.467766,-119.700798,Unmodified,USGS
LS008140,34.467251,-119.696259,Unmodified,USGS
LS008141,34.465336,-119.701477,Unmodified,USGS
LS008142,34.472191,-119.706512,Modified,USGS
LS008143,34.467979,-119.695107,Unmodified,USGS
LS008144,34.462521,-119.698181,Modified,USGS
LS008145,34.462570,-119.698112,Modified,USGS
LS008146,34.462467,-119.698410,Modified,USGS
LS008147,34.462082,-119.697746,Modified,USGS
LS008148,34.462013,-119.697792,Modified,USGS
LS008149,34.461876,-119.697906,Modified,USGS
LS008150,34.462776,-119.702065,Unmodified,USGS
LS008151,34.461163,-119.697189,-9999,USGS
LS008152,34.460861,-119.700157,Unmodified,USGS
LS008153,34.460468,-119.702095,Modified,USGS
LS008154,34.460110,-119.702087,Modified,USGS
LS008155,34.460007,-119.701996,Modified,USGS
LS008156,34.459877,-119.702316,Modified,USGS
LS008157,34.459160,-119.704834,Modified,USGS
LS008158,34.459061,-119.705177,Modified,USGS
LS008159,34.459023,-119.705025,Modified,USGS
LS008160,34.456139,-119.703407,Modified,CAP
LS008161,34.455875,-119.703209,Modified,CAP
LS008162,34.459522,-119.700134,Modified,USGS
LS008163,34.452175,-119.700996,Modified,CALOES
LS008164,34.452087,-119.701279,Modified,CALOES
LS008165,34.436104,-119.696915,Modified,CAP
LS008166,34.436016,-119.696808,Modified,CAP
LS008167,34.436047,-119.696823,Modified,CAP
LS008168,34.435993,-119.696800,Modified,CAP
LS008169,34.501400,-119.693230,Modified,CALOES
LS008170,34.501175,-119.693169,Modified,CALOES
LS008171,34.501041,-119.693016,Modified,CALOES
LS008172,34.500458,-119.692963,Modified,CALOES
LS008173,34.487255,-119.695679,Unmodified,USGS
LS008174,34.484474,-119.696426,Unmodified,USGS
LS008175,34.483665,-119.691849,Unmodified,USGS
LS008176,34.476315,-119.691483,Unmodified,USGS
LS008177,34.474583,-119.692421,Unmodified,USGS
LS008178,34.471539,-119.695206,Modified,USGS
LS008179,34.471291,-119.694923,Modified,USGS
LS008180,34.471115,-119.694809,Modified,USGS
LS008181,34.470688,-119.694450,Modified,USGS
LS008182,34.464642,-119.693947,Unmodified,USGS
LS008183,34.461685,-119.687759,Modified,USGS
LS008184,34.461681,-119.686111,Modified,USGS
LS008185,34.461845,-119.686241,Modified,USGS
LS008186,34.461048,-119.685257,Modified,USGS
LS008187,34.459949,-119.695076,Modified,USGS
LS008188,34.460098,-119.694771,Modified,USGS
LS008189,34.460239,-119.694702,Modified,USGS
LS008190,34.460472,-119.694923,Modified,USGS
LS008191,34.457382,-119.687874,Modified,USGS
LS008192,34.457253,-119.688080,Modified,USGS
LS008193,34.456894,-119.688614,Modified,USGS
LS008194,34.456589,-119.688850,Modified,USGS
LS008195,34.460407,-119.694954,Modified,USGS
LS008196,34.453651,-119.685745,Modified,USGS
LS008197,34.451626,-119.687996,Modified,CAP
LS008198,34.434757,-119.694405,Modified,CAP
LS008199,34.498207,-119.681900,Modified,CALOES
LS008200,34.498325,-119.681702,Modified,CALOES
LS008201,34.497086,-119.685799,Unmodified,CALOES
LS008202,34.492191,-119.680733,Modified,CALOES
LS008203,34.484962,-119.685303,Modified,USGS
LS008204,34.474834,-119.679855,Modified,USGS
LS008205,34.472950,-119.681183,Modified,USGS
LS008206,34.473610,-119.680511,Modified,USGS
LS008207,34.470818,-119.678665,Modified,USGS
LS008208,34.470577,-119.678703,Modified,USGS
LS008209,34.466080,-119.676552,Unmodified,USGS
LS008210,34.456879,-119.677414,Modified,USGS
LS008211,34.463978,-119.678932,Unmodified,USGS
LS008212,34.462967,-119.676971,Modified,USGS
LS008213,34.463455,-119.675583,Unmodified,USGS
LS008214,34.461140,-119.684921,Modified,USGS
LS008215,34.461140,-119.684830,Modified,USGS
LS008216,34.461349,-119.684326,Modified,USGS
LS008217,34.461285,-119.684067,Modified,USGS
LS008218,34.461193,-119.683960,Modified,USGS
LS008219,34.461796,-119.682663,Modified,USGS
LS008220,34.459366,-119.680763,Modified,USGS
LS008221,34.459938,-119.680679,Modified,USGS
LS008222,34.459728,-119.680161,-9999,USGS
LS008223,34.459641,-119.680084,-9999,USGS
LS008224,34.459541,-119.679726,-9999,USGS
LS008225,34.459404,-119.679771,-9999,USGS
LS008226,34.459286,-119.679764,-9999,USGS
LS008227,34.459175,-119.679832,-9999,USGS
LS008228,34.459156,-119.679443,-9999,USGS
LS008229,34.459179,-119.679153,-9999,USGS
LS008230,34.458809,-119.679863,-9999,USGS
LS008231,34.458504,-119.680084,Modified,USGS
LS008232,34.458504,-119.679970,Modified,USGS
LS008233,34.458504,-119.677429,Modified,USGS
LS008234,34.458443,-119.676498,Modified,USGS
LS008235,34.458126,-119.676392,Modified,USGS
LS008236,34.457901,-119.675797,Modified,USGS
LS008237,34.459171,-119.675034,Unmodified,USGS
LS008238,34.457554,-119.676865,Modified,USGS
LS008239,34.457851,-119.675613,Modified,USGS
LS008240,34.457855,-119.675461,Modified,USGS
LS008241,34.457382,-119.676651,Modified,USGS
LS008242,34.457493,-119.676308,Modified,USGS
LS008243,34.457664,-119.676643,Modified,USGS
LS008244,34.456783,-119.684090,Modified,USGS
LS008245,34.456898,-119.684082,Modified,USGS
LS008246,34.457069,-119.684196,Modified,USGS
LS008247,34.457283,-119.684364,Modified,USGS
LS008248,34.456322,-119.684914,Modified,USGS
LS008249,34.456482,-119.684944,Modified,USGS
LS008250,34.456688,-119.685135,Modified,USGS
LS008251,34.451138,-119.683235,Modified,CAP
LS008252,34.451099,-119.683357,Modified,CAP
LS008253,34.441021,-119.678398,Modified,CAP
LS008254,34.440922,-119.679451,Modified,CAP
LS008255,34.441093,-119.679459,Modified,CAP
LS008256,34.441227,-119.679497,Modified,CAP
LS008257,34.441303,-119.679367,Modified,CAP
LS008258,34.441753,-119.678825,Modified,CAP
LS008259,34.441792,-119.678741,Modified,CAP
LS008260,34.441528,-119.679482,Modified,CAP
LS008261,34.442078,-119.677864,Modified,CAP
LS008262,34.441990,-119.677567,Modified,CAP
LS008263,34.442745,-119.680634,-9999,CAP
LS008264,34.443436,-119.679871,Modified,CAP
LS008265,34.443382,-119.679382,Modified,CAP
LS008266,34.441311,-119.678711,-9999,CAP
LS008267,34.441746,-119.678909,Modified,CAP
LS008268,34.484261,-119.669579,Unmodified,USGS
LS008269,34.470318,-119.664764,Unmodified,USGS
LS008270,34.468296,-119.665359,Unmodified,USGS
LS008271,34.468906,-119.673882,Modified,USGS
LS008272,34.468597,-119.673149,Modified,USGS
LS008273,34.468121,-119.672478,Modified,USGS
LS008274,34.467319,-119.664749,Unmodified,USGS
LS008275,34.467270,-119.664795,Unmodified,USGS
LS008276,34.467163,-119.671219,Modified,USGS
LS008277,34.467232,-119.671570,Modified,USGS
LS008278,34.467133,-119.671440,Modified,USGS
LS008279,34.466579,-119.672462,Modified,USGS
LS008280,34.466473,-119.671356,Modified,USGS
LS008281,34.465691,-119.673500,Modified,USGS
LS008282,34.465973,-119.669746,Modified,USGS
LS008283,34.472408,-119.673225,Unmodified,USGS
LS008284,34.468475,-119.669037,Unmodified,USGS
LS008285,34.466949,-119.672005,Modified,USGS
LS008286,34.466770,-119.671829,Modified,USGS
LS008287,34.463909,-119.673515,Unmodified,USGS
LS008288,34.457500,-119.671860,Modified,USGS
LS008289,34.457581,-119.671585,Modified,USGS
LS008290,34.457180,-119.671967,Modified,USGS
LS008291,34.457600,-119.671486,Modified,USGS
LS008292,34.457588,-119.672928,-9999,USGS
LS008293,34.457001,-119.664642,Unmodified,USGS
LS008294,34.456936,-119.665245,Unmodified,USGS
LS008295,34.456215,-119.672142,Modified,USGS
LS008296,34.456184,-119.667877,Modified,USGS
LS008297,34.456203,-119.665237,-9999,USGS
LS008298,34.456402,-119.664688,Modified,USGS
LS008299,34.456429,-119.664604,Modified,USGS
LS008300,34.456451,-119.664528,Modified,USGS
LS008301,34.456715,-119.664116,Modified,USGS
LS008302,34.455227,-119.665833,Modified,USGS
LS008303,34.455032,-119.665413,Modified,USGS
LS008304,34.454983,-119.665306,Modified,USGS
LS008305,34.454117,-119.668282,Modified,USGS
LS008306,34.453983,-119.672211,Modified,USGS
LS008307,34.451942,-119.673752,Modified,USGS
LS008308,34.452244,-119.665993,Modified,USGS
LS008309,34.452084,-119.666023,Modified,USGS
LS008310,34.451973,-119.666100,Modified,USGS
LS008311,34.450680,-119.668434,Modified,USGS
LS008312,34.450695,-119.672134,Unmodified,USGS
LS008313,34.448818,-119.672005,Unmodified,CALOES
LS008314,34.447712,-119.672005,Modified,CALOES
LS008315,34.447529,-119.672012,Modified,CALOES
LS008316,34.438984,-119.671883,Modified,CALOES
LS008317,34.447186,-119.671967,Modified,CALOES
LS008318,34.447018,-119.671967,Modified,CALOES
LS008319,34.446835,-119.672073,Modified,CALOES
LS008320,34.446960,-119.668777,Modified,CALOES
LS008321,34.447113,-119.668724,Modified,CALOES
LS008322,34.445671,-119.669258,Unmodified,CALOES
LS008323,34.445541,-119.669746,Modified,CALOES
LS008324,34.445538,-119.669617,Modified,CALOES
LS008325,34.445473,-119.669716,Modified,CALOES
LS008326,34.445320,-119.669792,Modified,CALOES
LS008327,34.445408,-119.669739,Modified,CALOES
LS008328,34.445137,-119.669884,Modified,CALOES
LS008329,34.445221,-119.669846,Modified,CALOES
LS008330,34.439529,-119.672043,Modified,CALOES
LS008331,34.447296,-119.672035,Modified,CALOES
LS008332,34.467197,-119.663902,Unmodified,USGS
LS008333,34.489067,-119.659805,Modified,USGS
LS008334,34.485550,-119.659012,Unmodified,USGS
LS008335,34.485229,-119.659363,Unmodified,USGS
LS008336,34.484093,-119.659592,Unmodified,USGS
LS008337,34.485481,-119.658447,Unmodified,USGS
LS008338,34.483799,-119.653877,Unmodified,USGS
LS008339,34.470119,-119.663185,Unmodified,USGS
LS008340,34.466557,-119.661842,Unmodified,USGS
LS008341,34.465912,-119.659088,Unmodified,USGS
LS008342,34.466930,-119.663437,Modified,USGS
LS008343,34.471661,-119.658447,Unmodified,USGS
LS008344,34.471966,-119.657684,Unmodified,USGS
LS008345,34.470207,-119.655121,Unmodified,USGS
LS008346,34.466358,-119.663147,Modified,USGS
LS008347,34.466377,-119.663345,Modified,USGS
LS008348,34.466469,-119.663406,Modified,USGS
LS008349,34.466961,-119.663055,Modified,USGS
LS008350,34.467007,-119.662155,Unmodified,USGS
LS008351,34.467266,-119.663750,Unmodified,USGS
LS008352,34.467644,-119.663536,Unmodified,USGS
LS008353,34.467800,-119.663139,Unmodified,USGS
LS008354,34.462265,-119.660034,Unmodified,USGS
LS008355,34.461884,-119.654335,Unmodified,USGS
LS008356,34.457119,-119.655190,-9999,USGS
LS008357,34.464512,-119.660469,Unmodified,USGS
LS008358,34.464500,-119.660011,Unmodified,USGS
LS008359,34.464443,-119.659798,Unmodified,USGS
LS008360,34.464249,-119.659462,Unmodified,USGS
LS008361,34.464520,-119.652992,Unmodified,USGS
LS008362,34.463245,-119.659676,Unmodified,USGS
LS008363,34.462940,-119.654465,Unmodified,USGS
LS008364,34.461887,-119.656799,Unmodified,USGS
LS008365,34.461632,-119.656105,Unmodified,USGS
LS008366,34.458477,-119.655777,Unmodified,USGS
LS008367,34.458488,-119.655869,Unmodified,USGS
LS008368,34.456806,-119.659790,Unmodified,USGS
LS008369,34.456821,-119.658150,Modified,USGS
LS008370,34.456493,-119.654640,Modified,USGS
LS008371,34.455532,-119.662750,Modified,USGS
LS008372,34.454498,-119.653030,Modified,USGS
LS008373,34.454109,-119.652557,Modified,USGS
LS008374,34.454185,-119.662407,Modified,USGS
LS008375,34.427708,-119.660957,Modified,CAP
LS008376,34.427677,-119.661049,Modified,CAP
LS008377,34.478474,-119.644020,Unmodified,USGS
LS008378,34.483067,-119.651451,Unmodified,USGS
LS008379,34.482788,-119.651169,Unmodified,USGS
LS008380,34.482933,-119.650146,Unmodified,USGS
LS008381,34.467991,-119.651604,Unmodified,USGS
LS008382,34.470844,-119.652763,Unmodified,USGS
LS008383,34.468449,-119.646996,Unmodified,USGS
LS008384,34.471375,-119.649117,Unmodified,USGS
LS008385,34.472359,-119.644730,Unmodified,USGS
LS008386,34.459763,-119.650291,Unmodified,USGS
LS008387,34.459225,-119.651253,Unmodified,USGS
LS008388,34.464169,-119.645958,Unmodified,USGS
LS008389,34.463898,-119.645973,Unmodified,USGS
LS008390,34.465237,-119.644806,Unmodified,USGS
LS008391,34.459034,-119.644066,Unmodified,USGS
LS008392,34.464371,-119.643387,Unmodified,USGS
LS008393,34.464794,-119.643120,Unmodified,USGS
LS008394,34.463032,-119.641945,Unmodified,USGS
LS008395,34.463467,-119.644920,Unmodified,USGS
LS008396,34.463467,-119.644768,Unmodified,USGS
LS008397,34.463139,-119.645424,Unmodified,USGS
LS008398,34.463001,-119.645653,Unmodified,USGS
LS008399,34.462620,-119.645653,Unmodified,USGS
LS008400,34.462387,-119.646690,Unmodified,USGS
LS008401,34.465641,-119.652657,Unmodified,USGS
LS008402,34.466270,-119.645805,Unmodified,USGS
LS008403,34.462284,-119.650757,Unmodified,USGS
LS008404,34.461967,-119.645226,Unmodified,USGS
LS008405,34.459869,-119.647888,Unmodified,USGS
LS008406,34.459129,-119.651314,Unmodified,USGS
LS008407,34.458527,-119.651268,Unmodified,USGS
LS008408,34.459217,-119.647476,Unmodified,USGS
LS008409,34.459293,-119.647209,Unmodified,USGS
LS008410,34.460999,-119.645142,Unmodified,USGS
LS008411,34.461136,-119.645096,Unmodified,USGS
LS008412,34.456432,-119.649223,Unmodified,USGS
LS008413,34.455578,-119.646141,Unmodified,USGS
LS008414,34.454369,-119.643044,Modified,USGS
LS008415,34.455235,-119.643188,Modified,USGS
LS008416,34.455368,-119.643234,Modified,USGS
LS008417,34.456051,-119.644257,-9999,USGS
LS008418,34.454979,-119.648361,-9999,USGS
LS008419,34.453510,-119.646721,Modified,USGS
LS008420,34.454193,-119.642097,Modified,USGS
LS008421,34.452572,-119.645996,Modified,USGS
LS008422,34.497185,-119.634880,Unmodified,CAP
LS008423,34.496990,-119.634308,Modified,CAP
LS008424,34.496918,-119.634254,Modified,CAP
LS008425,34.496861,-119.634209,Modified,CAP
LS008426,34.496998,-119.634087,Modified,CAP
LS008427,34.479176,-119.636497,Unmodified,USGS
LS008428,34.468666,-119.639511,Unmodified,USGS
LS008429,34.467110,-119.638489,Unmodified,USGS
LS008430,34.466740,-119.640732,Unmodified,USGS
LS008431,34.468048,-119.638084,Unmodified,USGS
LS008432,34.467258,-119.637413,Unmodified,USGS
LS008433,34.466808,-119.638138,Unmodified,USGS
LS008434,34.473518,-119.633797,Unmodified,USGS
LS008435,34.466618,-119.638039,Unmodified,USGS
LS008436,34.466969,-119.638229,Unmodified,USGS
LS008437,34.462086,-119.640427,Unmodified,USGS
LS008438,34.464466,-119.635239,Unmodified,USGS
LS008439,34.465500,-119.636543,Unmodified,USGS
LS008440,34.463505,-119.633453,Unmodified,USGS
LS008441,34.463245,-119.632545,Unmodified,USGS
LS008442,34.464165,-119.632309,Unmodified,USGS
LS008443,34.464985,-119.632545,Unmodified,USGS
LS008444,34.465038,-119.632408,Unmodified,USGS
LS008445,34.465027,-119.632317,Unmodified,USGS
LS008446,34.463928,-119.632202,Unmodified,USGS
LS008447,34.457813,-119.640854,Unmodified,USGS
LS008448,34.457550,-119.640541,Unmodified,USGS
LS008449,34.465061,-119.641396,Unmodified,USGS
LS008450,34.465321,-119.641777,Unmodified,USGS
LS008451,34.465450,-119.640114,Unmodified,USGS
LS008452,34.464527,-119.633224,Unmodified,USGS
LS008453,34.464870,-119.632164,Unmodified,USGS
LS008454,34.462196,-119.638939,Modified,USGS
LS008455,34.462223,-119.633461,Unmodified,USGS
LS008456,34.460781,-119.635880,Modified,USGS
LS008457,34.461056,-119.638329,Modified,USGS
LS008458,34.461048,-119.638161,Modified,USGS
LS008459,34.460979,-119.638580,Modified,USGS
LS008460,34.460827,-119.638641,Modified,USGS
LS008461,34.458351,-119.632805,Unmodified,USGS
LS008462,34.458775,-119.632835,Modified,USGS
LS008463,34.459099,-119.634789,Modified,USGS
LS008464,34.457886,-119.631516,Modified,USGS
LS008465,34.458115,-119.631050,Modified,USGS
LS008466,34.455364,-119.633369,Unmodified,USGS
LS008467,34.452732,-119.639191,Modified,USGS
LS008468,34.501217,-119.629417,Unmodified,CAP
LS008469,34.498074,-119.628944,Unmodified,CALOES
LS008470,34.475708,-119.628906,-9999,USGS
LS008471,34.475746,-119.627930,Unmodified,USGS
LS008472,34.476948,-119.621819,Unmodified,USGS
LS008473,34.476257,-119.621033,Unmodified,USGS
LS008474,34.477219,-119.630806,Unmodified,USGS
LS008475,34.469215,-119.629356,Unmodified,USGS
LS008476,34.468739,-119.626335,Unmodified,USGS
LS008477,34.467968,-119.625046,Unmodified,USGS
LS008478,34.468517,-119.625832,Unmodified,USGS
LS008479,34.468025,-119.626022,Unmodified,USGS
LS008480,34.469772,-119.624489,Unmodified,USGS
LS008481,34.469452,-119.627365,Unmodified,USGS
LS008482,34.474022,-119.622391,Unmodified,USGS
LS008483,34.462051,-119.630341,Unmodified,CALOES
LS008484,34.462158,-119.628136,Unmodified,USGS
LS008485,34.458748,-119.629715,Unmodified,USGS
LS008486,34.465290,-119.625999,Unmodified,USGS
LS008487,34.465191,-119.625664,Unmodified,CALOES
LS008488,34.465015,-119.625443,Unmodified,USGS
LS008489,34.464203,-119.626938,Unmodified,USGS
LS008490,34.464329,-119.626320,Unmodified,USGS
LS008491,34.460316,-119.628967,Unmodified,USGS
LS008492,34.460423,-119.628510,Unmodified,USGS
LS008493,34.463642,-119.625961,Unmodified,USGS
LS008494,34.464039,-119.625153,Unmodified,USGS
LS008495,34.464546,-119.624771,Unmodified,USGS
LS008496,34.464275,-119.625885,Unmodified,USGS
LS008497,34.462826,-119.625534,Unmodified,USGS
LS008498,34.459255,-119.624802,Unmodified,USGS
LS008499,34.460716,-119.622520,Unmodified,USGS
LS008500,34.458416,-119.620552,Unmodified,USGS
LS008501,34.460640,-119.620674,Unmodified,USGS
LS008502,34.464279,-119.620590,Unmodified,USGS
LS008503,34.457546,-119.629189,Modified,USGS
LS008504,34.457550,-119.628731,Modified,USGS
LS008505,34.457531,-119.628647,Modified,USGS
LS008506,34.457523,-119.629440,-9999,USGS
LS008507,34.464905,-119.620163,Unmodified,USGS
LS008508,34.464329,-119.620537,Unmodified,USGS
LS008509,34.464432,-119.621910,Unmodified,USGS
LS008510,34.460468,-119.620689,Unmodified,USGS
LS008511,34.458633,-119.620361,Unmodified,USGS
LS008512,34.455978,-119.628860,Modified,USGS
LS008513,34.454647,-119.629517,Unmodified,USGS
LS008514,34.457001,-119.625046,Modified,USGS
LS008515,34.452229,-119.625938,Unmodified,USGS
LS008516,34.450459,-119.629150,Unmodified,USGS
LS008517,34.467194,-119.619507,Unmodified,USGS
LS008518,34.469761,-119.616165,Unmodified,USGS
LS008519,34.469147,-119.613083,Unmodified,USGS
LS008520,34.469185,-119.613411,Unmodified,USGS
LS008521,34.467831,-119.611961,Unmodified,USGS
LS008522,34.465782,-119.619148,Unmodified,USGS
LS008523,34.462421,-119.619919,Unmodified,USGS
LS008524,34.462849,-119.619514,Unmodified,USGS
LS008525,34.462730,-119.619308,Unmodified,USGS
LS008526,34.463615,-119.619225,Unmodified,USGS
LS008527,34.465191,-119.618988,Unmodified,USGS
LS008528,34.460449,-119.618904,Unmodified,USGS
LS008529,34.461411,-119.617256,Unmodified,USGS
LS008530,34.461468,-119.615738,Unmodified,USGS
LS008531,34.463070,-119.614456,Unmodified,USGS
LS008532,34.462765,-119.614525,Unmodified,USGS
LS008533,34.461227,-119.615097,Unmodified,USGS
LS008534,34.460979,-119.614937,Unmodified,USGS
LS008535,34.458828,-119.613396,Unmodified,USGS
LS008536,34.460041,-119.613586,Unmodified,USGS
LS008537,34.461723,-119.613060,Unmodified,USGS
LS008538,34.463955,-119.611931,Unmodified,USGS
LS008539,34.463436,-119.611275,Unmodified,USGS
LS008540,34.463223,-119.611275,Unmodified,USGS
LS008541,34.459263,-119.611923,Unmodified,USGS
LS008542,34.463280,-119.610115,Unmodified,USGS
LS008543,34.464024,-119.610046,Unmodified,USGS
LS008544,34.460907,-119.609177,Unmodified,USGS
LS008545,34.459709,-119.609352,Unmodified,USGS
LS008546,34.459530,-119.609322,Unmodified,USGS
LS008547,34.459400,-119.609283,Unmodified,USGS
LS008548,34.459190,-119.609116,Unmodified,USGS
LS008549,34.459229,-119.609550,Unmodified,USGS
LS008550,34.458923,-119.609161,Unmodified,USGS
LS008551,34.465969,-119.618874,Unmodified,USGS
LS008552,34.462505,-119.619232,Unmodified,USGS
LS008553,34.457920,-119.614372,Unmodified,USGS
LS008554,34.457283,-119.609741,Unmodified,USGS
LS008555,34.457092,-119.609802,Unmodified,USGS
LS008556,34.456882,-119.609734,Unmodified,USGS
LS008557,34.455391,-119.610893,-9999,USGS
LS008558,34.457420,-119.617500,Modified,USGS
LS008559,34.457211,-119.617516,Modified,USGS
LS008560,34.456951,-119.617149,Modified,USGS
LS008561,34.457535,-119.615845,Unmodified,USGS
LS008562,34.457645,-119.614723,Unmodified,USGS
LS008563,34.456753,-119.609688,Unmodified,USGS
LS008564,34.457920,-119.609795,Unmodified,USGS
LS008565,34.457954,-119.609718,Unmodified,USGS
LS008566,34.450794,-119.612732,Modified,USGS
LS008567,34.476524,-119.607422,Unmodified,USGS
LS008568,34.472813,-119.608521,Unmodified,USGS
LS008569,34.473743,-119.604828,Unmodified,USGS
LS008570,34.472904,-119.599625,Modified,USGS
LS008571,34.473579,-119.599289,Modified,USGS
LS008572,34.464413,-119.609047,Unmodified,USGS
LS008573,34.461163,-119.608543,Unmodified,USGS
LS008574,34.463558,-119.609009,Unmodified,USGS
LS008575,34.463249,-119.607651,Unmodified,USGS
LS008576,34.463993,-119.608124,Unmodified,USGS
LS008577,34.465412,-119.607430,Unmodified,USGS
LS008578,34.458851,-119.608040,Unmodified,USGS
LS008579,34.463993,-119.605194,Unmodified,USGS
LS008580,34.464176,-119.604927,Unmodified,USGS
LS008581,34.464554,-119.602867,Modified,USGS
LS008582,34.463799,-119.600708,Unmodified,USGS
LS008583,34.463161,-119.599747,Unmodified,USGS
LS008584,34.462406,-119.600731,Unmodified,USGS
LS008585,34.464966,-119.600243,-9999,USGS
LS008586,34.463837,-119.598305,Unmodified,USGS
LS008587,34.459167,-119.602943,Unmodified,USGS
LS008588,34.459229,-119.601784,Unmodified,USGS
LS008589,34.463375,-119.608566,Unmodified,USGS
LS008590,34.458000,-119.608253,Unmodified,USGS
LS008591,34.453331,-119.602028,Unmodified,USGS
LS008592,34.452976,-119.601921,Unmodified,USGS
LS008593,34.457558,-119.603226,Unmodified,USGS
LS008594,34.456291,-119.598740,Unmodified,USGS
LS008595,34.457340,-119.604172,Unmodified,USGS
LS008596,34.457298,-119.604263,Unmodified,USGS
LS008597,34.454903,-119.599449,Unmodified,USGS
LS008598,34.452740,-119.599365,Unmodified,USGS
LS008599,34.452488,-119.599152,Unmodified,USGS
LS008600,34.452290,-119.599197,Modified,USGS
LS008601,34.449905,-119.607162,Modified,USGS
LS008602,34.452095,-119.605537,Unmodified,USGS
LS008603,34.451401,-119.599083,Modified,USGS
LS008604,34.451298,-119.599030,Modified,USGS
LS008605,34.451149,-119.598877,Modified,USGS
LS008606,34.451000,-119.598930,Modified,USGS
LS008607,34.450848,-119.598892,Modified,USGS
LS008608,34.449112,-119.598640,Modified,USGS
LS008609,34.476768,-119.593384,Unmodified,USGS
LS008610,34.476734,-119.593498,Unmodified,USGS
LS008611,34.475918,-119.595413,Modified,USGS
LS008612,34.475960,-119.595581,Modified,USGS
LS008613,34.472641,-119.592232,-9999,USGS
LS008614,34.472275,-119.591339,Modified,USGS
LS008615,34.469112,-119.589027,Modified,USGS
LS008616,34.460487,-119.596741,Unmodified,USGS
LS008617,34.463631,-119.595947,Unmodified,USGS
LS008618,34.460018,-119.594933,Unmodified,USGS
LS008619,34.464848,-119.589027,Unmodified,USGS
LS008620,34.464355,-119.587479,Unmodified,USGS
LS008621,34.464344,-119.589714,Unmodified,USGS
LS008622,34.463844,-119.588249,-9999,USGS
LS008623,34.463551,-119.588493,-9999,USGS
LS008624,34.463474,-119.588860,-9999,USGS
LS008625,34.462574,-119.587639,Unmodified,USGS
LS008626,34.459106,-119.589371,Unmodified,USGS
LS008627,34.467049,-119.595970,Modified,USGS
LS008628,34.466766,-119.595993,Modified,USGS
LS008629,34.466434,-119.595901,Modified,USGS
LS008630,34.466831,-119.593018,Unmodified,USGS
LS008631,34.458977,-119.596413,Unmodified,USGS
LS008632,34.466034,-119.595764,Modified,USGS
LS008633,34.457863,-119.593948,Modified,USGS
LS008634,34.454906,-119.593178,Unmodified,USGS
LS008635,34.455070,-119.593506,Unmodified,USGS
LS008636,34.454876,-119.593864,Unmodified,USGS
LS008637,34.454700,-119.593697,Unmodified,USGS
LS008638,34.455231,-119.593452,Unmodified,USGS
LS008639,34.455559,-119.590736,Modified,USGS
LS008640,34.455006,-119.590622,Unmodified,USGS
LS008641,34.454681,-119.589973,Unmodified,USGS
LS008642,34.452869,-119.588120,Modified,USGS
LS008643,34.452812,-119.588173,Modified,USGS
LS008644,34.455196,-119.589111,-9999,USGS
LS008645,34.455193,-119.588120,-9999,USGS
LS008646,34.455135,-119.588120,Modified,USGS
LS008647,34.454586,-119.588226,Unmodified,USGS
LS008648,34.454296,-119.588501,Unmodified,USGS
LS008649,34.454132,-119.587868,-9999,USGS
LS008650,34.454250,-119.587799,-9999,USGS
LS008651,34.456059,-119.587563,Unmodified,USGS
LS008652,34.453724,-119.588676,Unmodified,USGS
LS008653,34.456207,-119.591042,-9999,USGS
LS008654,34.458107,-119.596939,Unmodified,USGS
LS008655,34.458092,-119.596817,Unmodified,USGS
LS008656,34.454922,-119.587608,Modified,USGS
LS008657,34.429241,-119.587677,Modified,CALOES
LS008658,34.429371,-119.587776,Modified,CALOES
LS008659,34.429615,-119.588081,Modified,CALOES
LS008660,34.429745,-119.588326,Modified,CALOES
LS008661,34.429718,-119.588257,Modified,CALOES
LS008662,34.429810,-119.588493,Modified,CALOES
LS008663,34.428860,-119.586990,Modified,CALOES
LS008664,34.420860,-119.588753,Modified,CAP
LS008665,34.473728,-119.581055,Unmodified,USGS
LS008666,34.469860,-119.587212,-9999,USGS
LS008667,34.463219,-119.586823,-9999,USGS
LS008668,34.462608,-119.584564,Unmodified,USGS
LS008669,34.458492,-119.582481,Unmodified,USGS
LS008670,34.458675,-119.583115,Modified,USGS
LS008671,34.459194,-119.583427,Unmodified,USGS
LS008672,34.460045,-119.583221,-9999,USGS
LS008673,34.462849,-119.576439,Unmodified,USGS
LS008674,34.466713,-119.581306,Unmodified,USGS
LS008675,34.458107,-119.585129,Unmodified,USGS
LS008676,34.457207,-119.584877,Unmodified,USGS
LS008677,34.457291,-119.578323,Unmodified,USGS
LS008678,34.457565,-119.577446,Modified,USGS
LS008679,34.454006,-119.586922,Unmodified,USGS
LS008680,34.454018,-119.586807,Unmodified,USGS
LS008681,34.454590,-119.586021,-9999,USGS
LS008682,34.455357,-119.585121,Unmodified,USGS
LS008683,34.455280,-119.584923,Unmodified,USGS
LS008684,34.455486,-119.585403,Unmodified,USGS
LS008685,34.455082,-119.585289,Unmodified,USGS
LS008686,34.455486,-119.586037,Unmodified,USGS
LS008687,34.454475,-119.584091,Unmodified,USGS
LS008688,34.455811,-119.582924,Unmodified,USGS
LS008689,34.455914,-119.583069,Unmodified,USGS
LS008690,34.455181,-119.583145,Unmodified,USGS
LS008691,34.452881,-119.582489,Modified,USGS
LS008692,34.452793,-119.582527,Modified,USGS
LS008693,34.453449,-119.582390,Modified,USGS
LS008694,34.453148,-119.582504,Modified,USGS
LS008695,34.453045,-119.582581,Modified,USGS
LS008696,34.450523,-119.586426,Modified,USGS
LS008697,34.459190,-119.576370,Unmodified,USGS
LS008698,34.462578,-119.574432,Unmodified,USGS
LS008699,34.461815,-119.574440,Unmodified,USGS
LS008700,34.462868,-119.573418,Unmodified,USGS
LS008701,34.461872,-119.573151,Unmodified,USGS
LS008702,34.465233,-119.573837,Unmodified,USGS
LS008703,34.464684,-119.566910,Unmodified,USGS
LS008704,34.459061,-119.575737,Unmodified,USGS
LS008705,34.467083,-119.566017,Modified,USGS
LS008706,34.464149,-119.565826,Unmodified,USGS
LS008707,34.457558,-119.575874,Modified,USGS
LS008708,34.457596,-119.573845,Unmodified,USGS
LS008709,34.454079,-119.575958,Unmodified,USGS
LS008710,34.453918,-119.574806,Unmodified,USGS
LS008711,34.451290,-119.574486,Modified,USGS
LS008712,34.452282,-119.571251,Unmodified,USGS
LS008713,34.450485,-119.570068,Unmodified,USGS
LS008714,34.450630,-119.570076,Unmodified,USGS
LS008715,34.451080,-119.572235,Unmodified,USGS
LS008716,34.454811,-119.570122,-9999,USGS
LS008717,34.450459,-119.565865,Unmodified,USGS
LS008718,34.450241,-119.566078,Unmodified,USGS
LS008719,34.451527,-119.565735,Unmodified,USGS
LS008720,34.452068,-119.567741,Unmodified,USGS
LS008721,34.453053,-119.566490,Unmodified,USGS
LS008722,34.454536,-119.568146,Unmodified,USGS
LS008723,34.455185,-119.568657,Unmodified,USGS
LS008724,34.458172,-119.568832,Unmodified,USGS
LS008725,34.458431,-119.568733,Unmodified,USGS
LS008726,34.457329,-119.571198,Modified,USGS
LS008727,34.448433,-119.565552,Modified,USGS
LS008728,34.445808,-119.565445,Modified,USGS
LS008729,34.445503,-119.565300,Unmodified,USGS
LS008730,34.445129,-119.565636,Unmodified,USGS
LS008731,34.444798,-119.567139,Modified,USGS
LS008732,34.443470,-119.568512,Modified,USGS
LS008733,34.443832,-119.568756,-9999,USGS
LS008734,34.441124,-119.573296,Modified,USGS
LS008735,34.451775,-119.567680,-9999,USGS
LS008736,34.451591,-119.567749,Modified,USGS
LS008737,34.472767,-119.556870,Unmodified,USGS
LS008738,34.472820,-119.557083,Unmodified,USGS
LS008739,34.462360,-119.564621,Unmodified,USGS
LS008740,34.460941,-119.561241,Unmodified,USGS
LS008741,34.462029,-119.558464,Unmodified,USGS
LS008742,34.463303,-119.554886,Unmodified,USGS
LS008743,34.463062,-119.554764,Unmodified,USGS
LS008744,34.456402,-119.562660,Modified,USGS
LS008745,34.457500,-119.563911,Modified,USGS
LS008746,34.453094,-119.564011,Unmodified,USGS
LS008747,34.453037,-119.564056,Unmodified,USGS
LS008748,34.450008,-119.563400,Unmodified,USGS
LS008749,34.450172,-119.563454,Unmodified,USGS
LS008750,34.450607,-119.563522,Unmodified,USGS
LS008751,34.449978,-119.562149,Unmodified,USGS
LS008752,34.450218,-119.562538,Unmodified,USGS
LS008753,34.450115,-119.562531,Unmodified,USGS
LS008754,34.451473,-119.562943,Modified,USGS
LS008755,34.452862,-119.555702,Unmodified,USGS
LS008756,34.452244,-119.556831,Unmodified,USGS
LS008757,34.450665,-119.556747,Unmodified,USGS
LS008758,34.450523,-119.556381,Unmodified,USGS
LS008759,34.450432,-119.556221,Unmodified,USGS
LS008760,34.450703,-119.554909,Unmodified,USGS
LS008761,34.451366,-119.555237,Unmodified,USGS
LS008762,34.451504,-119.556587,Unmodified,USGS
LS008763,34.452030,-119.554642,Unmodified,USGS
LS008764,34.451805,-119.554665,Unmodified,USGS
LS008765,34.451744,-119.555321,Unmodified,USGS
LS008766,34.452641,-119.555153,Unmodified,USGS
LS008767,34.452579,-119.555267,Unmodified,USGS
LS008768,34.458286,-119.557686,Modified,USGS
LS008769,34.450909,-119.563606,Modified,USGS
LS008770,34.457859,-119.563904,Modified,USGS
LS008771,34.458385,-119.564148,Unmodified,USGS
LS008772,34.458038,-119.563828,Modified,USGS
LS008773,34.453678,-119.562386,Unmodified,USGS
LS008774,34.453167,-119.556450,Unmodified,USGS
LS008775,34.453789,-119.554420,Unmodified,USGS
LS008776,34.452408,-119.559128,Unmodified,USGS
LS008777,34.452030,-119.564476,Modified,USGS
LS008778,34.450294,-119.558556,Unmodified,USGS
LS008779,34.456047,-119.561249,Modified,USGS
LS008780,34.456097,-119.555618,Modified,USGS
LS008781,34.455566,-119.557243,Modified,USGS
LS008782,34.455345,-119.558716,Unmodified,USGS
LS008783,34.449432,-119.557045,Unmodified,USGS
LS008784,34.449360,-119.563904,-9999,USGS
LS008785,34.449532,-119.562424,Unmodified,USGS
LS008786,34.449390,-119.562271,Unmodified,USGS
LS008787,34.449314,-119.562096,Unmodified,USGS
LS008788,34.448734,-119.554420,Unmodified,USGS
LS008789,34.446945,-119.557037,Unmodified,USGS
LS008790,34.446690,-119.558060,Modified,USGS
LS008791,34.439808,-119.562920,Modified,USGS
LS008792,34.439594,-119.560562,Modified,USGS
LS008793,34.439125,-119.560219,Modified,USGS
LS008794,34.438877,-119.557915,Unmodified,USGS
LS008795,34.433815,-119.561424,Modified,USGS
LS008796,34.433731,-119.561577,Modified,USGS
LS008797,34.423470,-119.555420,Modified,CALOES
LS008798,34.423721,-119.555420,Modified,CALOES
LS008799,34.451492,-119.564888,Unmodified,USGS
LS008800,34.452370,-119.567596,Unmodified,USGS
LS008801,34.461864,-119.562798,Unmodified,USGS
LS008802,34.462406,-119.554016,Unmodified,CALOES
LS008803,34.460312,-119.553711,Unmodified,USGS
LS008804,34.458870,-119.554283,Unmodified,USGS
LS008805,34.456909,-119.553650,Unmodified,USGS
LS008806,34.453472,-119.554031,Unmodified,USGS
LS008807,34.452328,-119.555283,Unmodified,USGS
LS008808,34.470131,-119.657524,Unmodified,USGS
LS008809,34.469067,-119.548927,Unmodified,CALOES
LS008810,34.468220,-119.546135,Unmodified,CALOES
LS008811,34.462887,-119.547226,Unmodified,CALOES
LS008812,34.463058,-119.550858,Unmodified,CAP
LS008813,34.462139,-119.553177,Unmodified,USGS
LS008814,34.461216,-119.545494,Unmodified,CAP
LS008815,34.460781,-119.547218,Unmodified,CAP
LS008816,34.460411,-119.552872,Unmodified,USGS
LS008817,34.460083,-119.546021,Unmodified,CAP
LS008818,34.459209,-119.550926,Unmodified,USGS
LS008819,34.459019,-119.552391,Unmodified,USGS
LS008820,34.463150,-119.550568,Unmodified,CAP
LS008821,34.462650,-119.549042,Unmodified,CAP
LS008822,34.460716,-119.544472,Unmodified,CAP
LS008823,34.459606,-119.547066,Unmodified,CAP
LS008824,34.457241,-119.547623,Modified,CALOES
LS008825,34.456951,-119.547462,Modified,CALOES
LS008826,34.457420,-119.548859,Unmodified,USGS
LS008827,34.457561,-119.549568,Unmodified,USGS
LS008828,34.457676,-119.549469,Unmodified,USGS
LS008829,34.455578,-119.545090,Modified,CAP
LS008830,34.454098,-119.552597,Modified,USGS
LS008831,34.454140,-119.551704,Modified,USGS
LS008832,34.453594,-119.550621,-9999,USGS
LS008833,34.451874,-119.545151,Unmodified,CALOES
LS008834,34.451824,-119.545532,Unmodified,CALOES
LS008835,34.450447,-119.553337,Unmodified,USGS
LS008836,34.450146,-119.552841,Unmodified,USGS
LS008837,34.450211,-119.552155,Unmodified,USGS
LS008838,34.456879,-119.552467,Modified,USGS
LS008839,34.456551,-119.552910,Modified,USGS
LS008840,34.456566,-119.552704,Modified,USGS
LS008841,34.452171,-119.553085,Unmodified,USGS
LS008842,34.449028,-119.550972,Unmodified,USGS
LS008843,34.449051,-119.547623,Unmodified,USGS
LS008844,34.448761,-119.544785,Unmodified,CAP
LS008845,34.448830,-119.544647,Unmodified,CAP
LS008846,34.447498,-119.552696,Unmodified,USGS
LS008847,34.447441,-119.552483,Unmodified,USGS
LS008848,34.446869,-119.547073,Modified,CAP
LS008849,34.446526,-119.546928,Modified,CAP
LS008850,34.443977,-119.547394,Modified,CAP
LS008851,34.444283,-119.553734,Modified,USGS
LS008852,34.443481,-119.545670,Modified,CAP
LS008853,34.443523,-119.545853,Modified,CAP
LS008854,34.442917,-119.547485,Modified,CALOES
LS008855,34.442841,-119.547592,Modified,CALOES
LS008856,34.442696,-119.547478,Modified,CALOES
LS008857,34.441769,-119.544464,Modified,CAP
LS008858,34.441730,-119.544426,Modified,CAP
LS008859,34.441570,-119.544380,Modified,CAP
LS008860,34.441460,-119.544426,Modified,CAP
LS008861,34.441216,-119.553963,Modified,CAP
LS008862,34.440380,-119.553581,Modified,USGS
LS008863,34.439991,-119.548347,Modified,CALOES
LS008864,34.439854,-119.546371,Modified,CALOES
LS008865,34.439800,-119.546371,Modified,CALOES
LS008866,34.439735,-119.546387,Modified,CALOES
LS008867,34.439671,-119.546349,Modified,CALOES
LS008868,34.439552,-119.546349,Modified,CALOES
LS008869,34.438690,-119.546722,Modified,CALOES
LS008870,34.438770,-119.546730,Modified,CALOES
LS008871,34.438957,-119.546524,Modified,CALOES
LS008872,34.438892,-119.546684,Modified,CALOES
LS008873,34.438869,-119.546745,Modified,CALOES
LS008874,34.438766,-119.548195,Modified,CALOES
LS008875,34.439304,-119.547974,Modified,CAP
LS008876,34.439301,-119.547852,Modified,CAP
LS008877,34.439232,-119.547714,Modified,CAP
LS008878,34.439461,-119.549316,Modified,CALOES
LS008879,34.438061,-119.553307,Modified,CALOES
LS008880,34.438221,-119.547356,Modified,CAP
LS008881,34.438286,-119.547333,Modified,CAP
LS008882,34.438904,-119.544952,Modified,CAP
LS008883,34.438908,-119.544792,Modified,CAP
LS008884,34.437332,-119.548180,Modified,CAP
LS008885,34.437069,-119.553032,Modified,CAP
LS008886,34.437199,-119.553024,Modified,CAP
LS008887,34.436501,-119.549950,Modified,CAP
LS008888,34.436802,-119.549751,Modified,CAP
LS008889,34.421867,-119.543297,Modified,CAP
LS008890,34.474339,-119.533432,Unmodified,CALOES
LS008891,34.463367,-119.542381,Unmodified,CALOES
LS008892,34.463219,-119.541199,Unmodified,CALOES
LS008893,34.459572,-119.533310,Unmodified,CALOES
LS008894,34.458698,-119.536118,Unmodified,CAP
LS008895,34.458782,-119.535957,Unmodified,CAP
LS008896,34.458366,-119.535408,Unmodified,CAP
LS008897,34.458679,-119.535393,Unmodified,CAP
LS008898,34.458809,-119.535118,Unmodified,CAP
LS008899,34.458878,-119.534996,Unmodified,CAP
LS008900,34.457325,-119.532959,Unmodified,CAP
LS008901,34.457500,-119.533325,Unmodified,CAP
LS008902,34.457600,-119.534569,Unmodified,CAP
LS008903,34.457523,-119.538033,Modified,CAP
LS008904,34.457142,-119.540237,Unmodified,CAP
LS008905,34.457371,-119.540688,Unmodified,CAP
LS008906,34.451923,-119.538010,Unmodified,CAP
LS008907,34.450390,-119.538742,Modified,CALOES
LS008908,34.450527,-119.538368,Modified,CALOES
LS008909,34.457470,-119.541229,Unmodified,CALOES
LS008910,34.449898,-119.540504,Unmodified,CAP
LS008911,34.449921,-119.533356,Unmodified,CAP
LS008912,34.448257,-119.540771,Unmodified,CAP
LS008913,34.448509,-119.540756,Unmodified,CAP
LS008914,34.447521,-119.541847,Unmodified,CAP
LS008915,34.447685,-119.541733,-9999,CAP
LS008916,34.447689,-119.540207,Modified,CAP
LS008917,34.447437,-119.539932,Unmodified,CAP
LS008918,34.447773,-119.539391,Modified,CAP
LS008919,34.447048,-119.535812,Modified,CAP
LS008920,34.447121,-119.535591,Modified,CAP
LS008921,34.446701,-119.536034,Unmodified,CALOES
LS008922,34.446743,-119.535866,Unmodified,CALOES
LS008923,34.446766,-119.536224,Unmodified,CALOES
LS008924,34.446831,-119.536148,Unmodified,CALOES
LS008925,34.444519,-119.536537,Modified,CALOES
LS008926,34.441753,-119.533241,Modified,CAP
LS008927,34.431171,-119.537636,Unmodified,CALOES
LS008928,34.429840,-119.538727,-9999,CAP
LS008929,34.429623,-119.538086,Modified,CAP
LS008930,34.429577,-119.537697,Modified,CAP
LS008931,34.429325,-119.537018,Modified,CAP
LS008932,34.429241,-119.536697,-9999,CAP
LS008933,34.429539,-119.536324,Modified,CAP
LS008934,34.429371,-119.536140,Modified,CAP
LS008935,34.429146,-119.536819,-9999,CAP
LS008936,34.464703,-119.525383,Unmodified,CAP
LS008937,34.463444,-119.533112,Unmodified,CAP
LS008938,34.463825,-119.526970,Unmodified,CAP
LS008939,34.463009,-119.522659,Unmodified,CAP
LS008940,34.460743,-119.523529,Unmodified,CALOES
LS008941,34.460258,-119.527313,Unmodified,CAP
LS008942,34.461605,-119.532440,Unmodified,CALOES
LS008943,34.458824,-119.529961,Unmodified,CAP
LS008944,34.458820,-119.529808,Unmodified,CAP
LS008945,34.458504,-119.522156,Unmodified,CAP
LS008946,34.458443,-119.522293,Unmodified,CAP
LS008947,34.458229,-119.522026,Unmodified,CALOES
LS008948,34.458626,-119.522682,Unmodified,CALOES
LS008949,34.458134,-119.525459,Unmodified,CAP
LS008950,34.455784,-119.525589,Unmodified,CAP
LS008951,34.456852,-119.523170,Unmodified,CAP
LS008952,34.456692,-119.522995,Unmodified,CAP
LS008953,34.456635,-119.522865,Unmodified,CAP
LS008954,34.451859,-119.532043,Unmodified,CAP
LS008955,34.452553,-119.530807,Unmodified,CAP
LS008956,34.452484,-119.531448,Unmodified,CAP
LS008957,34.452095,-119.527931,Unmodified,CAP
LS008958,34.452106,-119.525711,Unmodified,CALOES
LS008959,34.452030,-119.524986,Unmodified,CAP
LS008960,34.459015,-119.523460,Unmodified,CALOES
LS008961,34.456169,-119.524651,Unmodified,CAP
LS008962,34.456551,-119.524300,Unmodified,CAP
LS008963,34.449928,-119.531708,Unmodified,CAP
LS008964,34.450275,-119.531349,Unmodified,CAP
LS008965,34.449802,-119.530998,Unmodified,CAP
LS008966,34.450386,-119.530121,Unmodified,CAP
LS008967,34.447590,-119.526215,Unmodified,CAP
LS008968,34.448288,-119.522064,Unmodified,CALOES
LS008969,34.446762,-119.526527,Unmodified,CALOES
LS008970,34.447124,-119.526726,Unmodified,CALOES
LS008971,34.447006,-119.526649,Unmodified,CALOES
LS008972,34.447235,-119.526657,Unmodified,CALOES
LS008973,34.446869,-119.526497,Unmodified,CALOES
LS008974,34.446915,-119.526535,Unmodified,CALOES
LS008975,34.446331,-119.530212,Unmodified,CALOES
LS008976,34.446323,-119.525970,Unmodified,CAP
LS008977,34.446102,-119.525368,Unmodified,CAP
LS008978,34.450027,-119.524979,Unmodified,CAP
LS008979,34.450211,-119.524002,Unmodified,CALOES
LS008980,34.449047,-119.528786,Unmodified,CAP
LS008981,34.448463,-119.530289,Unmodified,CAP
LS008982,34.448051,-119.530525,Unmodified,CAP
LS008983,34.441170,-119.529701,Modified,CAP
LS008984,34.441101,-119.529602,Modified,CAP
LS008985,34.441219,-119.529907,Modified,CAP
LS008986,34.441254,-119.529839,Modified,CAP
LS008987,34.441051,-119.529541,Modified,CAP
LS008988,34.441101,-119.522072,Modified,CAP
LS008989,34.440651,-119.522209,Modified,CAP
LS008990,34.440678,-119.521950,Modified,CAP
LS008991,34.439552,-119.524239,-9999,CAP
LS008992,34.439804,-119.524284,Modified,CAP
LS008993,34.438152,-119.528183,Modified,CAP
LS008994,34.432602,-119.523682,Unmodified,CAP
LS008995,34.431316,-119.521461,Unmodified,CAP
LS008996,34.427631,-119.527611,Modified,CAP
LS008997,34.424084,-119.513367,Unmodified,CAP
LS008998,34.424320,-119.513153,Unmodified,CAP
LS008999,34.424263,-119.512970,Unmodified,CAP
LS009000,34.424278,-119.512772,Unmodified,CAP
LS009001,34.430603,-119.523041,Unmodified,CAP
LS009002,34.486282,-119.513618,Unmodified,CAP
LS009003,34.485107,-119.515358,Unmodified,CAP
LS009004,34.485218,-119.513611,Unmodified,CAP
LS009005,34.467068,-119.516640,Unmodified,CAP
LS009006,34.466290,-119.521835,Unmodified,CAP
LS009007,34.466225,-119.521667,Unmodified,CAP
LS009008,34.466358,-119.513336,Unmodified,CAP
LS009009,34.464344,-119.513031,Unmodified,CAP
LS009010,34.460613,-119.517410,Unmodified,CALOES
LS009011,34.460819,-119.516975,Unmodified,CALOES
LS009012,34.460968,-119.516716,Unmodified,CALOES
LS009013,34.468388,-119.516823,Unmodified,CAP
LS009014,34.462704,-119.511536,Unmodified,CAP
LS009015,34.460735,-119.521378,Unmodified,CAP
LS009016,34.459633,-119.521332,Unmodified,CAP
LS009017,34.458176,-119.511292,Unmodified,CAP
LS009018,34.458252,-119.512741,Unmodified,CAP
LS009019,34.456860,-119.518677,Unmodified,CAP
LS009020,34.456718,-119.517036,Unmodified,CAP
LS009021,34.457497,-119.514343,Unmodified,CAP
LS009022,34.457626,-119.514084,Unmodified,CAP
LS009023,34.457291,-119.512466,Unmodified,CAP
LS009024,34.454052,-119.520569,Unmodified,CALOES
LS009025,34.453930,-119.520363,Unmodified,CALOES
LS009026,34.453857,-119.520134,Unmodified,CALOES
LS009027,34.454041,-119.519981,Unmodified,CALOES
LS009028,34.454041,-119.519707,Unmodified,CALOES
LS009029,34.454189,-119.518539,Unmodified,CALOES
LS009030,34.453369,-119.517448,Unmodified,CAP
LS009031,34.452511,-119.513992,Unmodified,CALOES
LS009032,34.452930,-119.512627,Unmodified,CALOES
LS009033,34.452400,-119.512062,Unmodified,CALOES
LS009034,34.452103,-119.514198,Unmodified,CAP
LS009035,34.451984,-119.514656,Unmodified,CAP
LS009036,34.451630,-119.519821,Unmodified,CAP
LS009037,34.451363,-119.519478,Unmodified,CAP
LS009038,34.451126,-119.518929,Unmodified,CAP
LS009039,34.450932,-119.520782,Unmodified,CAP
LS009040,34.454666,-119.514153,Unmodified,CAP
LS009041,34.453285,-119.513603,Unmodified,CALOES
LS009042,34.452652,-119.520462,Unmodified,CAP
LS009043,34.453045,-119.520653,Unmodified,CAP
LS009044,34.453064,-119.520203,Unmodified,CAP
LS009045,34.451057,-119.515274,Unmodified,CAP
LS009046,34.451077,-119.515877,Unmodified,CAP
LS009047,34.451298,-119.515480,Unmodified,CAP
LS009048,34.451466,-119.514214,Unmodified,CALOES
LS009049,34.450741,-119.513222,Unmodified,CALOES
LS009050,34.450974,-119.512718,Unmodified,CAP
LS009051,34.450077,-119.519157,Unmodified,CAP
LS009052,34.450428,-119.513420,Unmodified,CALOES
LS009053,34.449028,-119.513664,Unmodified,CAP
LS009054,34.448818,-119.513756,Unmodified,CAP
LS009055,34.448948,-119.516212,Unmodified,CAP
LS009056,34.449032,-119.515808,Unmodified,CAP
LS009057,34.449551,-119.513390,Unmodified,CALOES
LS009058,34.447742,-119.517334,Unmodified,CALOES
LS009059,34.448200,-119.515892,Unmodified,CALOES
LS009060,34.445667,-119.513588,Unmodified,CAP
LS009061,34.445759,-119.513412,Unmodified,CAP
LS009062,34.445923,-119.512238,Unmodified,CALOES
LS009063,34.445946,-119.512085,Unmodified,CALOES
LS009064,34.444328,-119.512192,Unmodified,CALOES
LS009065,34.444328,-119.511986,Unmodified,CALOES
LS009066,34.443958,-119.511879,Unmodified,CALOES
LS009067,34.443562,-119.511795,Unmodified,CALOES
LS009068,34.443218,-119.516006,Unmodified,CAP
LS009069,34.443901,-119.520584,Modified,CAP
LS009070,34.443821,-119.520844,Modified,CAP
LS009071,34.443779,-119.520927,Modified,CAP
LS009072,34.443592,-119.521133,Modified,CAP
LS009073,34.443710,-119.521065,Modified,CAP
LS009074,34.442646,-119.513885,Unmodified,CALOES
LS009075,34.442089,-119.511688,Unmodified,CALOES
LS009076,34.441807,-119.512131,Unmodified,CALOES
LS009077,34.442375,-119.512573,Unmodified,CALOES
LS009078,34.442055,-119.512978,Unmodified,CALOES
LS009079,34.442078,-119.512901,Unmodified,CALOES
LS009080,34.445210,-119.514931,Unmodified,CALOES
LS009081,34.445023,-119.516479,Unmodified,CALOES
LS009082,34.449299,-119.517586,Unmodified,CAP
LS009083,34.448471,-119.511833,Unmodified,CALOES
LS009084,34.446163,-119.515213,Unmodified,CAP
LS009085,34.442432,-119.512329,Unmodified,CALOES
LS009086,34.440868,-119.513901,Unmodified,CALOES
LS009087,34.441055,-119.512253,Unmodified,CALOES
LS009088,34.441376,-119.512543,Unmodified,CALOES
LS009089,34.441391,-119.513519,Unmodified,CALOES
LS009090,34.440308,-119.516548,Unmodified,CALOES
LS009091,34.440052,-119.515274,Unmodified,CALOES
LS009092,34.439529,-119.515045,Unmodified,CALOES
LS009093,34.439796,-119.519951,Unmodified,CALOES
LS009094,34.439819,-119.520050,Unmodified,CALOES
LS009095,34.439808,-119.520195,Unmodified,CALOES
LS009096,34.439823,-119.519485,Unmodified,CALOES
LS009097,34.439350,-119.518585,Unmodified,CALOES
LS009098,34.439484,-119.511841,Unmodified,CAP
LS009099,34.432289,-119.518623,Unmodified,CAP
LS009100,34.432335,-119.519463,Unmodified,CAP
LS009101,34.431896,-119.518951,Unmodified,CAP
LS009102,34.431889,-119.520142,Unmodified,CAP
LS009103,34.431828,-119.519936,Unmodified,CAP
LS009104,34.432121,-119.519318,Unmodified,CALOES
LS009105,34.432163,-119.518616,Unmodified,CALOES
LS009106,34.432316,-119.515892,Unmodified,CALOES
LS009107,34.432297,-119.515793,Unmodified,CALOES
LS009108,34.432503,-119.515045,Unmodified,CALOES
LS009109,34.430916,-119.511436,Unmodified,CALOES
LS009110,34.428734,-119.510887,Unmodified,CAP
LS009111,34.428532,-119.520226,Unmodified,CALOES
LS009112,34.428589,-119.520012,Unmodified,CALOES
LS009113,34.428699,-119.510719,Unmodified,CAP
LS009114,34.425583,-119.519737,Unmodified,CALOES
LS009115,34.424515,-119.510704,Unmodified,CALOES
LS009116,34.467945,-119.501381,Unmodified,CALOES
LS009117,34.460510,-119.505669,Unmodified,CALOES
LS009118,34.454327,-119.509674,Unmodified,CAP
LS009119,34.454918,-119.503868,Unmodified,CAP
LS009120,34.452953,-119.505188,Unmodified,CAP
LS009121,34.453712,-119.503548,Unmodified,CAP
LS009122,34.451103,-119.501488,Unmodified,CALOES
LS009123,34.450859,-119.502159,Unmodified,CALOES
LS009124,34.451382,-119.508469,-9999,CALOES
LS009125,34.451099,-119.509567,Unmodified,CALOES
LS009126,34.450897,-119.506958,Unmodified,CALOES
LS009127,34.451153,-119.507408,Unmodified,CALOES
LS009128,34.451580,-119.501579,Unmodified,CALOES
LS009129,34.458027,-119.501205,Unmodified,CAP
LS009130,34.450264,-119.508850,Unmodified,CALOES
LS009131,34.450108,-119.507462,Unmodified,CALOES
LS009132,34.450478,-119.506226,Unmodified,CALOES
LS009133,34.450420,-119.506134,Unmodified,CALOES
LS009134,34.450638,-119.508270,-9999,CALOES
LS009135,34.448872,-119.510132,Unmodified,CAP
LS009136,34.448631,-119.507263,Unmodified,CALOES
LS009137,34.448681,-119.507072,Unmodified,CALOES
LS009138,34.448799,-119.506668,Unmodified,CALOES
LS009139,34.448814,-119.506561,Unmodified,CALOES
LS009140,34.448944,-119.504402,Unmodified,CALOES
LS009141,34.449005,-119.503441,Unmodified,CAP
LS009142,34.448456,-119.503311,Unmodified,CAP
LS009143,34.448750,-119.503174,Unmodified,CALOES
LS009144,34.447292,-119.501495,Unmodified,CAP
LS009145,34.446709,-119.500122,Unmodified,CALOES
LS009146,34.446007,-119.500679,Unmodified,CAP
LS009147,34.446239,-119.500671,Unmodified,CAP
LS009148,34.447208,-119.500450,Unmodified,CAP
LS009149,34.447166,-119.503456,Unmodified,CALOES
LS009150,34.446411,-119.504875,Unmodified,CALOES
LS009151,34.446251,-119.503105,Unmodified,CALOES
LS009152,34.447220,-119.506104,Unmodified,CALOES
LS009153,34.447334,-119.505959,Unmodified,CALOES
LS009154,34.447330,-119.505692,Unmodified,CALOES
LS009155,34.445690,-119.506950,Unmodified,CALOES
LS009156,34.445457,-119.506737,Unmodified,CALOES
LS009157,34.445347,-119.506737,Unmodified,CALOES
LS009158,34.445145,-119.503189,Unmodified,CALOES
LS009159,34.444267,-119.500130,Unmodified,CALOES
LS009160,34.442787,-119.500870,Unmodified,CALOES
LS009161,34.442806,-119.499931,Unmodified,CALOES
LS009162,34.442638,-119.501266,Unmodified,CALOES
LS009163,34.442924,-119.501389,Unmodified,CALOES
LS009164,34.442688,-119.502068,Unmodified,CALOES
LS009165,34.443012,-119.501999,Unmodified,CALOES
LS009166,34.443222,-119.502373,Unmodified,CALOES
LS009167,34.443176,-119.500572,Unmodified,CALOES
LS009168,34.442200,-119.500862,Unmodified,CALOES
LS009169,34.443260,-119.503944,Unmodified,CALOES
LS009170,34.443119,-119.504013,Unmodified,CALOES
LS009171,34.443344,-119.505486,Unmodified,CALOES
LS009172,34.443501,-119.502747,Unmodified,CALOES
LS009173,34.443035,-119.503395,Unmodified,CALOES
LS009174,34.442795,-119.505791,Unmodified,CALOES
LS009175,34.442574,-119.504898,Unmodified,CALOES
LS009176,34.442638,-119.505547,Unmodified,CALOES
LS009177,34.443047,-119.506027,Unmodified,CALOES
LS009178,34.443157,-119.506058,Unmodified,CALOES
LS009179,34.442467,-119.504295,Unmodified,CALOES
LS009180,34.442898,-119.507622,Unmodified,CALOES
LS009181,34.443165,-119.509186,Unmodified,CALOES
LS009182,34.443024,-119.505585,Unmodified,CALOES
LS009183,34.442963,-119.505371,Unmodified,CALOES
LS009184,34.442867,-119.505249,Unmodified,CALOES
LS009185,34.442966,-119.500435,Unmodified,CALOES
LS009186,34.443089,-119.500648,Unmodified,CALOES
LS009187,34.450645,-119.504768,Unmodified,CALOES
LS009188,34.449913,-119.503784,Unmodified,CALOES
LS009189,34.450039,-119.503555,Unmodified,CALOES
LS009190,34.449512,-119.504074,Unmodified,CALOES
LS009191,34.447796,-119.510185,Unmodified,CALOES
LS009192,34.447929,-119.506996,Unmodified,CALOES
LS009193,34.447975,-119.506844,Unmodified,CALOES
LS009194,34.448174,-119.505875,Unmodified,CALOES
LS009195,34.448326,-119.505211,Unmodified,CALOES
LS009196,34.446796,-119.504662,Unmodified,CALOES
LS009197,34.446861,-119.506195,Unmodified,CALOES
LS009198,34.447239,-119.506607,Unmodified,CALOES
LS009199,34.446419,-119.506706,Unmodified,CALOES
LS009200,34.445484,-119.504532,Unmodified,CALOES
LS009201,34.445686,-119.502960,Unmodified,CALOES
LS009202,34.445534,-119.499870,Unmodified,CALOES
LS009203,34.444241,-119.509254,Unmodified,CALOES
LS009204,34.443745,-119.507622,Unmodified,CALOES
LS009205,34.443653,-119.502640,Unmodified,CALOES
LS009206,34.441746,-119.503532,Unmodified,CALOES
LS009207,34.441788,-119.503868,Unmodified,CALOES
LS009208,34.441753,-119.502640,Unmodified,CALOES
LS009209,34.441879,-119.502838,Unmodified,CALOES
LS009210,34.441879,-119.502663,Unmodified,CALOES
LS009211,34.441639,-119.501831,Unmodified,CALOES
LS009212,34.441883,-119.502205,Unmodified,CALOES
LS009213,34.441830,-119.501587,Unmodified,CALOES
LS009214,34.441837,-119.501503,Unmodified,CALOES
LS009215,34.441124,-119.502380,Unmodified,CALOES
LS009216,34.441212,-119.502609,Unmodified,CALOES
LS009217,34.441364,-119.500015,Unmodified,CALOES
LS009218,34.440979,-119.500496,Unmodified,CALOES
LS009219,34.440243,-119.504700,Unmodified,CALOES
LS009220,34.440838,-119.509132,Unmodified,CALOES
LS009221,34.436115,-119.503174,Modified,CAP
LS009222,34.435898,-119.504189,Unmodified,CALOES
LS009223,34.434444,-119.505905,Modified,CALOES
LS009224,34.433636,-119.502716,Unmodified,CALOES
LS009225,34.433380,-119.500549,Unmodified,CALOES
LS009226,34.433308,-119.501114,Unmodified,CALOES
LS009227,34.441471,-119.506821,Unmodified,CALOES
LS009228,34.441288,-119.503281,Unmodified,CALOES
LS009229,34.439892,-119.500145,Unmodified,CALOES
LS009230,34.440048,-119.500526,Unmodified,CALOES
LS009231,34.435917,-119.500511,Unmodified,CALOES
LS009232,34.432125,-119.503212,Unmodified,CALOES
LS009233,34.430042,-119.500748,Unmodified,CALOES
LS009234,34.429974,-119.500450,Unmodified,CALOES
LS009235,34.429146,-119.506516,Unmodified,CALOES
LS009236,34.427315,-119.501480,Unmodified,CALOES
LS009237,34.427135,-119.510056,Unmodified,CALOES
LS009238,34.425758,-119.507019,Modified,CALOES
LS009239,34.426159,-119.504272,Unmodified,CALOES
LS009240,34.425900,-119.499580,Unmodified,CALOES
LS009241,34.425560,-119.500923,Unmodified,CALOES
LS009242,34.425339,-119.501923,Unmodified,CALOES
LS009243,34.425777,-119.501160,Unmodified,CALOES
LS009244,34.423977,-119.508476,Modified,CALOES
LS009245,34.423851,-119.509087,Modified,CALOES
LS009246,34.423740,-119.509315,Modified,CALOES
LS009247,34.423534,-119.507973,Unmodified,CALOES
LS009248,34.493759,-119.497078,Unmodified,CALOES
LS009249,34.492886,-119.500076,Unmodified,CALOES
LS009250,34.491081,-119.501152,Unmodified,CALOES
LS009251,34.491211,-119.500969,Unmodified,CALOES
LS009252,34.491341,-119.500847,Unmodified,CALOES
LS009253,34.490757,-119.495720,Unmodified,CALOES
LS009254,34.491009,-119.495598,Unmodified,CALOES
LS009255,34.490967,-119.495735,Unmodified,CALOES
LS009256,34.486645,-119.495720,Modified,CAP
LS009257,34.486656,-119.495567,Modified,CAP
LS009258,34.486866,-119.494789,Modified,CAP
LS009259,34.486717,-119.494698,Modified,CAP
LS009260,34.486713,-119.494614,Modified,CAP
LS009261,34.486717,-119.494492,Modified,CAP
LS009262,34.486805,-119.494225,Modified,CAP
LS009263,34.486771,-119.495186,-9999,CALOES
LS009264,34.486763,-119.493759,Modified,CAP
LS009265,34.486919,-119.492722,Modified,CAP
LS009266,34.486958,-119.492287,Modified,CAP
LS009267,34.486969,-119.492165,Modified,CAP
LS009268,34.487007,-119.491997,Modified,CAP
LS009269,34.487019,-119.491936,Modified,CAP
LS009270,34.487167,-119.491432,Modified,CALOES
LS009271,34.487011,-119.491478,Modified,CALOES
LS009272,34.487118,-119.491890,Modified,CALOES
LS009273,34.487240,-119.491119,Modified,CALOES
LS009274,34.487041,-119.490791,Modified,CALOES
LS009275,34.487034,-119.490616,Modified,CALOES
LS009276,34.487041,-119.490517,Modified,CALOES
LS009277,34.486862,-119.490265,-9999,CALOES
LS009278,34.486759,-119.490829,-9999,CALOES
LS009279,34.486809,-119.490440,Unmodified,CALOES
LS009280,34.486626,-119.490379,Unmodified,CALOES
LS009281,34.486839,-119.490601,Unmodified,CALOES
LS009282,34.486584,-119.490257,Unmodified,CALOES
LS009283,34.486500,-119.490280,Unmodified,CALOES
LS009284,34.486317,-119.492493,Unmodified,CALOES
LS009285,34.486298,-119.495445,Unmodified,CALOES
LS009286,34.486206,-119.495743,Unmodified,CALOES
LS009287,34.485939,-119.496674,Modified,CALOES
LS009288,34.486195,-119.497154,-9999,CALOES
LS009289,34.486153,-119.497231,Modified,CALOES
LS009290,34.486000,-119.497482,Modified,CALOES
LS009291,34.485809,-119.497696,Modified,CALOES
LS009292,34.485855,-119.497681,Modified,CALOES
LS009293,34.485310,-119.497734,Unmodified,CALOES
LS009294,34.485786,-119.496452,Modified,CALOES
LS009295,34.485630,-119.496468,-9999,CALOES
LS009296,34.486168,-119.492615,Unmodified,CALOES
LS009297,34.466606,-119.491219,Unmodified,CALOES
LS009298,34.463940,-119.498894,Unmodified,CAP
LS009299,34.464111,-119.496292,Unmodified,CAP
LS009300,34.462574,-119.498154,Unmodified,CAP
LS009301,34.462254,-119.496376,Unmodified,CAP
LS009302,34.461884,-119.496475,Unmodified,CAP
LS009303,34.460793,-119.490372,Unmodified,CALOES
LS009304,34.459145,-119.496040,Unmodified,CAP
LS009305,34.458218,-119.498032,Unmodified,CAP
LS009306,34.458405,-119.497940,Unmodified,CAP
LS009307,34.455750,-119.495697,Unmodified,CAP
LS009308,34.455597,-119.493790,Unmodified,CAP
LS009309,34.455467,-119.493019,Unmodified,CAP
LS009310,34.455914,-119.490913,Unmodified,CALOES
LS009311,34.455158,-119.498001,Unmodified,CAP
LS009312,34.454533,-119.497993,Unmodified,CALOES
LS009313,34.454700,-119.497734,Unmodified,CALOES
LS009314,34.454861,-119.498924,Unmodified,CALOES
LS009315,34.454712,-119.499092,Unmodified,CALOES
LS009316,34.454445,-119.497314,Unmodified,CALOES
LS009317,34.454868,-119.494728,Unmodified,CALOES
LS009318,34.454380,-119.490036,Unmodified,CAP
LS009319,34.454155,-119.490204,Unmodified,CAP
LS009320,34.454258,-119.490364,Unmodified,CAP
LS009321,34.454281,-119.492455,Unmodified,CAP
LS009322,34.453815,-119.491508,Unmodified,CAP
LS009323,34.453751,-119.492249,Unmodified,CAP
LS009324,34.453678,-119.492020,Unmodified,CAP
LS009325,34.454113,-119.494507,Unmodified,CAP
LS009326,34.453842,-119.496300,Unmodified,CAP
LS009327,34.453995,-119.497978,Unmodified,CAP
LS009328,34.452930,-119.496529,Unmodified,CALOES
LS009329,34.453140,-119.497269,Unmodified,CALOES
LS009330,34.453114,-119.497414,Unmodified,CALOES
LS009331,34.453064,-119.497505,Unmodified,CALOES
LS009332,34.452888,-119.497383,Unmodified,CALOES
LS009333,34.452339,-119.497620,Unmodified,CALOES
LS009334,34.452259,-119.497482,Unmodified,CALOES
LS009335,34.452602,-119.497292,Unmodified,CALOES
LS009336,34.452782,-119.497261,Unmodified,CALOES
LS009337,34.452454,-119.495255,Unmodified,CALOES
LS009338,34.452797,-119.493019,Unmodified,CALOES
LS009339,34.452194,-119.493607,Unmodified,CALOES
LS009340,34.452087,-119.493141,Unmodified,CALOES
LS009341,34.453495,-119.492821,Unmodified,CAP
LS009342,34.453239,-119.492630,Unmodified,CAP
LS009343,34.453320,-119.492432,Unmodified,CAP
LS009344,34.453281,-119.492195,Unmodified,CAP
LS009345,34.453117,-119.491943,Unmodified,CAP
LS009346,34.453159,-119.491646,Unmodified,CAP
LS009347,34.453087,-119.491524,Unmodified,CAP
LS009348,34.453049,-119.491447,Unmodified,CAP
LS009349,34.452965,-119.490868,Unmodified,CAP
LS009350,34.452751,-119.490273,Unmodified,CAP
LS009351,34.452755,-119.489922,Unmodified,CAP
LS009352,34.452053,-119.489555,Unmodified,CAP
LS009353,34.451500,-119.493179,Unmodified,CALOES
LS009354,34.451523,-119.497246,Unmodified,CAP
LS009355,34.451138,-119.496857,Unmodified,CALOES
LS009356,34.451462,-119.499168,Unmodified,CALOES
LS009357,34.451801,-119.493294,Unmodified,CALOES
LS009358,34.455353,-119.498795,Unmodified,CALOES
LS009359,34.453148,-119.489624,Unmodified,CALOES
LS009360,34.453011,-119.489372,Unmodified,CALOES
LS009361,34.453293,-119.489456,Unmodified,CALOES
LS009362,34.453392,-119.493027,Unmodified,CALOES
LS009363,34.451767,-119.499969,Unmodified,CALOES
LS009364,34.451332,-119.489609,Unmodified,CAP
LS009365,34.451351,-119.489548,Unmodified,CAP
LS009366,34.450836,-119.498329,Unmodified,CAP
LS009367,34.450935,-119.498199,Unmodified,CAP
LS009368,34.450706,-119.489365,Unmodified,CAP
LS009369,34.449860,-119.491295,Unmodified,CAP
LS009370,34.449825,-119.491112,Unmodified,CAP
LS009371,34.449936,-119.491020,Unmodified,CAP
LS009372,34.449600,-119.489761,Unmodified,CAP
LS009373,34.450100,-119.491409,Unmodified,CAP
LS009374,34.450268,-119.491364,Unmodified,CAP
LS009375,34.450214,-119.491699,Unmodified,CAP
LS009376,34.449863,-119.491547,Unmodified,CALOES
LS009377,34.449257,-119.491463,Unmodified,CALOES
LS009378,34.449245,-119.491051,Unmodified,CALOES
LS009379,34.449116,-119.490768,Unmodified,CALOES
LS009380,34.450047,-119.492714,Unmodified,CALOES
LS009381,34.450062,-119.492630,Unmodified,CALOES
LS009382,34.449699,-119.494377,Unmodified,CALOES
LS009383,34.449295,-119.494514,Unmodified,CAP
LS009384,34.450043,-119.497238,Unmodified,CAP
LS009385,34.449440,-119.498192,Unmodified,CAP
LS009386,34.448532,-119.497475,Unmodified,CAP
LS009387,34.448444,-119.497360,Unmodified,CAP
LS009388,34.448597,-119.497711,Unmodified,CAP
LS009389,34.448723,-119.498268,Unmodified,CAP
LS009390,34.448570,-119.498337,Unmodified,CAP
LS009391,34.448830,-119.497322,Unmodified,CAP
LS009392,34.449013,-119.494987,Unmodified,CAP
LS009393,34.449078,-119.494881,Unmodified,CAP
LS009394,34.448788,-119.492706,Unmodified,CALOES
LS009395,34.448669,-119.492477,Unmodified,CALOES
LS009396,34.448589,-119.492249,Unmodified,CALOES
LS009397,34.449226,-119.492599,Unmodified,CALOES
LS009398,34.449032,-119.491638,Unmodified,CALOES
LS009399,34.448166,-119.497742,Unmodified,CAP
LS009400,34.448208,-119.497307,Unmodified,CAP
LS009401,34.448032,-119.496605,Unmodified,CAP
LS009402,34.447674,-119.497002,Unmodified,CAP
LS009403,34.448086,-119.497375,Unmodified,CAP
LS009404,34.447536,-119.496498,Unmodified,CAP
LS009405,34.447483,-119.496552,Unmodified,CAP
LS009406,34.447811,-119.498985,Unmodified,CALOES
LS009407,34.447098,-119.498383,Unmodified,CALOES
LS009408,34.447186,-119.498161,Unmodified,CALOES
LS009409,34.447918,-119.495033,Unmodified,CALOES
LS009410,34.447807,-119.494629,Unmodified,CALOES
LS009411,34.447731,-119.495255,Unmodified,CAP
LS009412,34.447842,-119.492371,Unmodified,CAP
LS009413,34.447990,-119.492363,Unmodified,CAP
LS009414,34.448040,-119.491318,Unmodified,CAP
LS009415,34.447487,-119.490250,Unmodified,CAP
LS009416,34.446644,-119.490387,Unmodified,CALOES
LS009417,34.446732,-119.490341,Unmodified,CALOES
LS009418,34.446674,-119.490082,Unmodified,CALOES
LS009419,34.446369,-119.490738,Unmodified,CAP
LS009420,34.446285,-119.490677,Unmodified,CAP
LS009421,34.446068,-119.490372,Unmodified,CAP
LS009422,34.446560,-119.491501,Unmodified,CAP
LS009423,34.446564,-119.491951,Unmodified,CALOES
LS009424,34.446323,-119.491631,Unmodified,CALOES
LS009425,34.446159,-119.491699,Unmodified,CALOES
LS009426,34.445892,-119.491295,Unmodified,CALOES
LS009427,34.445862,-119.497925,Unmodified,CAP
LS009428,34.446007,-119.498192,Unmodified,CAP
LS009429,34.446114,-119.498199,Unmodified,CAP
LS009430,34.446190,-119.498138,Unmodified,CAP
LS009431,34.446270,-119.497925,Unmodified,CAP
LS009432,34.446484,-119.499260,Unmodified,CALOES
LS009433,34.445217,-119.492706,Unmodified,CALOES
LS009434,34.443539,-119.499306,Unmodified,CALOES
LS009435,34.443161,-119.499016,Unmodified,CALOES
LS009436,34.443974,-119.495415,Unmodified,CALOES
LS009437,34.443924,-119.495087,Unmodified,CALOES
LS009438,34.443920,-119.495224,Unmodified,CALOES
LS009439,34.443939,-119.495308,Unmodified,CALOES
LS009440,34.444256,-119.495857,Unmodified,CALOES
LS009441,34.444187,-119.495712,Unmodified,CALOES
LS009442,34.443497,-119.495049,Unmodified,CALOES
LS009443,34.443592,-119.495598,Unmodified,CALOES
LS009444,34.443474,-119.495247,Unmodified,CALOES
LS009445,34.442642,-119.494377,Unmodified,CALOES
LS009446,34.442417,-119.494949,Unmodified,CALOES
LS009447,34.442825,-119.494102,Unmodified,CALOES
LS009448,34.443325,-119.493256,Unmodified,CALOES
LS009449,34.442677,-119.492577,Unmodified,CALOES
LS009450,34.442673,-119.492477,Unmodified,CALOES
LS009451,34.442493,-119.491997,Unmodified,CALOES
LS009452,34.442486,-119.490776,Unmodified,CALOES
LS009453,34.442238,-119.491318,Unmodified,CALOES
LS009454,34.442322,-119.491173,Unmodified,CALOES
LS009455,34.442619,-119.489403,Unmodified,CALOES
LS009456,34.442554,-119.489227,Unmodified,CALOES
LS009457,34.443222,-119.488953,Unmodified,CALOES
LS009458,34.442940,-119.489128,Unmodified,CALOES
LS009459,34.450020,-119.496346,Unmodified,CAP
LS009460,34.447754,-119.492477,Unmodified,CALOES
LS009461,34.447414,-119.491203,Unmodified,CALOES
LS009462,34.444771,-119.496719,Unmodified,CALOES
LS009463,34.444832,-119.493019,Unmodified,CALOES
LS009464,34.443565,-119.491928,Unmodified,CALOES
LS009465,34.443562,-119.494675,Unmodified,CALOES
LS009466,34.443470,-119.497147,Unmodified,CALOES
LS009467,34.444168,-119.499680,Unmodified,CALOES
LS009468,34.443993,-119.499496,Unmodified,CALOES
LS009469,34.443909,-119.499390,Unmodified,CALOES
LS009470,34.442390,-119.498726,Unmodified,CALOES
LS009471,34.442810,-119.498947,Unmodified,CALOES
LS009472,34.442944,-119.498726,Unmodified,CALOES
LS009473,34.442768,-119.498596,Unmodified,CALOES
LS009474,34.442612,-119.498940,Unmodified,CALOES
LS009475,34.441345,-119.496925,Unmodified,CALOES
LS009476,34.441277,-119.496834,Unmodified,CALOES
LS009477,34.441269,-119.496651,Unmodified,CALOES
LS009478,34.441887,-119.495171,Unmodified,CALOES
LS009479,34.440983,-119.494400,Unmodified,CALOES
LS009480,34.441109,-119.494377,Unmodified,CALOES
LS009481,34.441204,-119.494354,Unmodified,CALOES
LS009482,34.441280,-119.494308,Unmodified,CALOES
LS009483,34.441532,-119.494041,Unmodified,CALOES
LS009484,34.441422,-119.493927,Unmodified,CALOES
LS009485,34.441250,-119.493492,Unmodified,CALOES
LS009486,34.441315,-119.493393,Unmodified,CALOES
LS009487,34.441669,-119.493187,Unmodified,CALOES
LS009488,34.441528,-119.493126,Unmodified,CALOES
LS009489,34.441532,-119.492989,Unmodified,CALOES
LS009490,34.441738,-119.492874,Unmodified,CALOES
LS009491,34.441799,-119.492714,Unmodified,CALOES
LS009492,34.441776,-119.492485,Unmodified,CALOES
LS009493,34.441219,-119.491501,Unmodified,CALOES
LS009494,34.441219,-119.491371,Unmodified,CALOES
LS009495,34.441128,-119.491158,Unmodified,CALOES
LS009496,34.441238,-119.490768,Unmodified,CALOES
LS009497,34.441479,-119.491341,Unmodified,CALOES
LS009498,34.441650,-119.490997,Unmodified,CALOES
LS009499,34.442070,-119.491043,Unmodified,CALOES
LS009500,34.441914,-119.490715,Unmodified,CALOES
LS009501,34.441853,-119.490822,Unmodified,CALOES
LS009502,34.441853,-119.490891,Unmodified,CALOES
LS009503,34.441917,-119.490227,Unmodified,CALOES
LS009504,34.441441,-119.490044,Unmodified,CALOES
LS009505,34.441311,-119.490097,Unmodified,CALOES
LS009506,34.441124,-119.490540,Unmodified,CALOES
LS009507,34.442039,-119.489204,Unmodified,CALOES
LS009508,34.441227,-119.489632,Unmodified,CALOES
LS009509,34.441097,-119.489143,Unmodified,CALOES
LS009510,34.440998,-119.489273,Unmodified,CALOES
LS009511,34.441017,-119.489723,Unmodified,CALOES
LS009512,34.440868,-119.490715,Unmodified,CALOES
LS009513,34.440792,-119.491066,Unmodified,CALOES
LS009514,34.440910,-119.491249,Unmodified,CALOES
LS009515,34.441040,-119.491356,Unmodified,CALOES
LS009516,34.441132,-119.491585,Unmodified,CALOES
LS009517,34.441059,-119.491806,Unmodified,CALOES
LS009518,34.440960,-119.491928,Unmodified,CALOES
LS009519,34.440956,-119.492073,Unmodified,CALOES
LS009520,34.440956,-119.492218,Unmodified,CALOES
LS009521,34.440815,-119.492325,Unmodified,CALOES
LS009522,34.440426,-119.491219,Unmodified,CALOES
LS009523,34.440670,-119.492363,Unmodified,CALOES
LS009524,34.440689,-119.492462,Unmodified,CALOES
LS009525,34.440739,-119.492737,Unmodified,CALOES
LS009526,34.440720,-119.492844,Unmodified,CALOES
LS009527,34.440762,-119.492874,Unmodified,CALOES
LS009528,34.440819,-119.493164,Unmodified,CALOES
LS009529,34.440144,-119.491989,Unmodified,CALOES
LS009530,34.440216,-119.491570,Unmodified,CALOES
LS009531,34.440228,-119.494781,Unmodified,CALOES
LS009532,34.440712,-119.495461,Unmodified,CALOES
LS009533,34.440781,-119.494812,Unmodified,CALOES
LS009534,34.440792,-119.494644,Unmodified,CALOES
LS009535,34.440861,-119.494537,Unmodified,CALOES
LS009536,34.440815,-119.494240,Unmodified,CALOES
LS009537,34.440662,-119.495979,Unmodified,CALOES
LS009538,34.440716,-119.496170,Unmodified,CALOES
LS009539,34.440712,-119.496292,Unmodified,CALOES
LS009540,34.440788,-119.496552,Unmodified,CALOES
LS009541,34.440079,-119.496056,Unmodified,CALOES
LS009542,34.440044,-119.495956,Unmodified,CALOES
LS009543,34.439808,-119.495033,Unmodified,CALOES
LS009544,34.439564,-119.491417,Unmodified,CALOES
LS009545,34.439392,-119.492668,Unmodified,CALOES
LS009546,34.439510,-119.494850,Unmodified,CALOES
LS009547,34.439449,-119.495033,Unmodified,CALOES
LS009548,34.439236,-119.495071,Unmodified,CALOES
LS009549,34.439003,-119.494873,Unmodified,CALOES
LS009550,34.438427,-119.494713,Unmodified,CALOES
LS009551,34.438431,-119.494446,Unmodified,CALOES
LS009552,34.438122,-119.499306,Unmodified,CALOES
LS009553,34.438435,-119.498421,Unmodified,CALOES
LS009554,34.438526,-119.498238,Unmodified,CALOES
LS009555,34.437626,-119.490082,Unmodified,CALOES
LS009556,34.437408,-119.489738,Unmodified,CALOES
LS009557,34.437225,-119.489761,Unmodified,CALOES
LS009558,34.437191,-119.489891,Unmodified,CALOES
LS009559,34.437416,-119.489670,Unmodified,CALOES
LS009560,34.437401,-119.489548,Unmodified,CALOES
LS009561,34.437412,-119.489479,Unmodified,CALOES
LS009562,34.437160,-119.489449,Unmodified,CALOES
LS009563,34.435513,-119.489395,Unmodified,CALOES
LS009564,34.436142,-119.495361,Unmodified,CALOES
LS009565,34.435379,-119.496086,Unmodified,CALOES
LS009566,34.441010,-119.496582,Unmodified,CALOES
LS009567,34.441105,-119.495667,Unmodified,CALOES
LS009568,34.441753,-119.488930,Unmodified,CALOES
LS009569,34.440010,-119.493126,Unmodified,CALOES
LS009570,34.440414,-119.493019,Unmodified,CALOES
LS009571,34.439785,-119.492920,Unmodified,CALOES
LS009572,34.439854,-119.489311,Unmodified,CALOES
LS009573,34.439903,-119.489258,Unmodified,CALOES
LS009574,34.440144,-119.489098,Unmodified,CALOES
LS009575,34.440235,-119.488914,Unmodified,CALOES
LS009576,34.440552,-119.489044,Unmodified,CALOES
LS009577,34.439953,-119.488907,Unmodified,CALOES
LS009578,34.439068,-119.492233,Unmodified,CALOES
LS009579,34.435066,-119.488838,Unmodified,CALOES
LS009580,34.434780,-119.488960,Unmodified,CALOES
LS009581,34.431084,-119.490822,Unmodified,CALOES
LS009582,34.430923,-119.490570,Unmodified,CALOES
LS009583,34.430950,-119.491112,Unmodified,CALOES
LS009584,34.430733,-119.491692,Unmodified,CALOES
LS009585,34.430771,-119.491455,Unmodified,CALOES
LS009586,34.430424,-119.491631,Unmodified,CALOES
LS009587,34.430374,-119.492142,Unmodified,CALOES
LS009588,34.430275,-119.492279,Unmodified,CALOES
LS009589,34.429352,-119.492722,Unmodified,CALOES
LS009590,34.429169,-119.492897,Unmodified,CALOES
LS009591,34.429264,-119.492523,Unmodified,CALOES
LS009592,34.427963,-119.491966,Unmodified,CALOES
LS009593,34.428196,-119.491844,Unmodified,CALOES
LS009594,34.428268,-119.491768,Unmodified,CALOES
LS009595,34.427612,-119.493439,Unmodified,CALOES
LS009596,34.427727,-119.493202,Unmodified,CALOES
LS009597,34.427414,-119.492775,Unmodified,CALOES
LS009598,34.427155,-119.491890,Unmodified,CALOES
LS009599,34.427372,-119.491821,Unmodified,CALOES
LS009600,34.426311,-119.489075,Unmodified,CALOES
LS009601,34.429726,-119.499275,Unmodified,CALOES
LS009602,34.428951,-119.492882,Unmodified,CALOES
LS009603,34.429035,-119.492607,Unmodified,CALOES
LS009604,34.427452,-119.491913,Unmodified,CALOES
LS009605,34.422367,-119.492180,Unmodified,CALOES
LS009606,34.420643,-119.490097,Unmodified,CALOES
LS009607,34.419956,-119.493828,Unmodified,CALOES
LS009608,34.420307,-119.493553,Unmodified,CALOES
LS009609,34.420063,-119.493805,Unmodified,CALOES
LS009610,34.487846,-119.484497,Modified,CALOES
LS009611,34.487389,-119.484886,Modified,CALOES
LS009612,34.487103,-119.488945,Modified,CALOES
LS009613,34.486824,-119.490059,-9999,CALOES
LS009614,34.486828,-119.489975,-9999,CALOES
LS009615,34.486664,-119.490105,-9999,CALOES
LS009616,34.486679,-119.489799,Unmodified,CALOES
LS009617,34.486553,-119.489853,Unmodified,CALOES
LS009618,34.486500,-119.489670,Unmodified,CALOES
LS009619,34.486996,-119.487808,Modified,CALOES
LS009620,34.487030,-119.487694,Modified,CALOES
LS009621,34.487064,-119.487648,Modified,CALOES
LS009622,34.487083,-119.487495,Modified,CALOES
LS009623,34.487057,-119.487267,Modified,CALOES
LS009624,34.486984,-119.487175,Modified,CALOES
LS009625,34.487061,-119.487015,Modified,CALOES
LS009626,34.484615,-119.489510,Unmodified,CALOES
LS009627,34.484688,-119.489517,Unmodified,CALOES
LS009628,34.484821,-119.489792,Unmodified,CALOES
LS009629,34.470074,-119.481743,Unmodified,CAP
LS009630,34.468876,-119.479065,Unmodified,CALOES
LS009631,34.466049,-119.479218,Unmodified,CAP
LS009632,34.466038,-119.480560,Unmodified,CAP
LS009633,34.464668,-119.485283,Unmodified,CAP
LS009634,34.464893,-119.487030,Unmodified,CAP
LS009635,34.462849,-119.485703,Unmodified,CAP
LS009636,34.463612,-119.484482,Unmodified,CAP
LS009637,34.463840,-119.485733,Unmodified,CAP
LS009638,34.461910,-119.487335,Unmodified,CAP
LS009639,34.462124,-119.482140,Unmodified,CAP
LS009640,34.462807,-119.480499,Unmodified,CAP
LS009641,34.462803,-119.479813,Unmodified,CAP
LS009642,34.462791,-119.480019,Unmodified,CAP
LS009643,34.462910,-119.479622,Unmodified,CAP
LS009644,34.463028,-119.479408,Unmodified,CAP
LS009645,34.461102,-119.484436,Unmodified,CAP
LS009646,34.461227,-119.486473,Unmodified,CAP
LS009647,34.460712,-119.487770,Unmodified,CAP
LS009648,34.460831,-119.486702,Unmodified,CALOES
LS009649,34.459354,-119.482376,Unmodified,CAP
LS009650,34.459366,-119.485435,Unmodified,CAP
LS009651,34.458817,-119.486069,Unmodified,CAP
LS009652,34.458679,-119.485817,Unmodified,CAP
LS009653,34.458885,-119.484131,Unmodified,CALOES
LS009654,34.457973,-119.486961,Unmodified,CALOES
LS009655,34.456589,-119.488876,Unmodified,CALOES
LS009656,34.456463,-119.487663,Unmodified,CALOES
LS009657,34.456715,-119.482506,Unmodified,CAP
LS009658,34.456753,-119.480721,Unmodified,CALOES
LS009659,34.456726,-119.480301,Unmodified,CALOES
LS009660,34.455917,-119.480583,Unmodified,CAP
LS009661,34.456120,-119.487823,Unmodified,CAP
LS009662,34.456150,-119.486519,Unmodified,CAP
LS009663,34.456165,-119.486382,Unmodified,CAP
LS009664,34.455238,-119.487656,Unmodified,CAP
LS009665,34.455318,-119.485306,Unmodified,CALOES
LS009666,34.455143,-119.485733,Unmodified,CALOES
LS009667,34.454342,-119.485252,Unmodified,CALOES
LS009668,34.454975,-119.485542,Unmodified,CALOES
LS009669,34.452225,-119.483994,Unmodified,CALOES
LS009670,34.452023,-119.484192,Unmodified,CALOES
LS009671,34.452423,-119.483543,Unmodified,CALOES
LS009672,34.452599,-119.483551,Unmodified,CALOES
LS009673,34.452961,-119.482971,Unmodified,CALOES
LS009674,34.453239,-119.484169,Unmodified,CALOES
LS009675,34.453144,-119.485687,Unmodified,CALOES
LS009676,34.453236,-119.485733,Unmodified,CALOES
LS009677,34.453728,-119.488228,Unmodified,CALOES
LS009678,34.454285,-119.488312,Unmodified,CALOES
LS009679,34.454632,-119.486877,Unmodified,CALOES
LS009680,34.453358,-119.488487,Unmodified,CALOES
LS009681,34.453201,-119.488701,Unmodified,CALOES
LS009682,34.452835,-119.488518,Unmodified,CALOES
LS009683,34.452717,-119.488853,Unmodified,CALOES
LS009684,34.452991,-119.488876,Unmodified,CALOES
LS009685,34.452049,-119.488419,Unmodified,CALOES
LS009686,34.452225,-119.486244,Unmodified,CALOES
LS009687,34.451340,-119.480232,Unmodified,CALOES
LS009688,34.451706,-119.479622,Unmodified,CALOES
LS009689,34.455658,-119.485565,Unmodified,CALOES
LS009690,34.451996,-119.486183,Unmodified,CALOES
LS009691,34.450932,-119.485626,Unmodified,CALOES
LS009692,34.451084,-119.485313,Unmodified,CALOES
LS009693,34.450539,-119.482018,Unmodified,CALOES
LS009694,34.450699,-119.481117,Unmodified,CALOES
LS009695,34.449268,-119.478256,Unmodified,CALOES
LS009696,34.448994,-119.480652,Unmodified,CAP
LS009697,34.449280,-119.481316,Unmodified,CALOES
LS009698,34.449390,-119.481316,Unmodified,CALOES
LS009699,34.449497,-119.481941,Unmodified,CALOES
LS009700,34.449577,-119.481377,Unmodified,CALOES
LS009701,34.449154,-119.482773,Unmodified,CALOES
LS009702,34.449043,-119.482880,Unmodified,CALOES
LS009703,34.449009,-119.483482,Unmodified,CALOES
LS009704,34.445244,-119.480888,Unmodified,CAP
LS009705,34.448662,-119.483757,Unmodified,CALOES
LS009706,34.448936,-119.484703,Unmodified,CALOES
LS009707,34.448540,-119.485458,Unmodified,CALOES
LS009708,34.448841,-119.486145,Unmodified,CALOES
LS009709,34.448689,-119.487305,Unmodified,CALOES
LS009710,34.448715,-119.488548,Unmodified,CALOES
LS009711,34.449123,-119.488289,Unmodified,CALOES
LS009712,34.448414,-119.488976,Unmodified,CALOES
LS009713,34.449257,-119.488121,Unmodified,CALOES
LS009714,34.449799,-119.485786,Unmodified,CALOES
LS009715,34.449657,-119.486137,Unmodified,CALOES
LS009716,34.448936,-119.485062,Unmodified,CALOES
LS009717,34.448616,-119.478508,Unmodified,CALOES
LS009718,34.448627,-119.478317,Unmodified,CALOES
LS009719,34.448776,-119.476601,Unmodified,CALOES
LS009720,34.447632,-119.479073,Unmodified,CALOES
LS009721,34.447514,-119.482597,Unmodified,CALOES
LS009722,34.447334,-119.482338,Unmodified,CALOES
LS009723,34.447422,-119.482262,Unmodified,CALOES
LS009724,34.447701,-119.484253,Unmodified,CALOES
LS009725,34.448048,-119.483177,Unmodified,CALOES
LS009726,34.447445,-119.486809,Unmodified,CALOES
LS009727,34.447102,-119.486603,Unmodified,CALOES
LS009728,34.447544,-119.488884,Unmodified,CALOES
LS009729,34.446877,-119.488754,Unmodified,CALOES
LS009730,34.447083,-119.488480,Unmodified,CALOES
LS009731,34.446899,-119.488373,Unmodified,CALOES
LS009732,34.447144,-119.488281,Unmodified,CALOES
LS009733,34.446808,-119.488190,Unmodified,CALOES
LS009734,34.446671,-119.488060,Unmodified,CALOES
LS009735,34.446381,-119.488678,Unmodified,CALOES
LS009736,34.446354,-119.488747,Unmodified,CALOES
LS009737,34.446587,-119.487823,Unmodified,CALOES
LS009738,34.446129,-119.478294,Unmodified,CALOES
LS009739,34.445465,-119.478531,Unmodified,CALOES
LS009740,34.445641,-119.478798,Unmodified,CALOES
LS009741,34.445309,-119.478645,Unmodified,CALOES
LS009742,34.445038,-119.478645,Unmodified,CALOES
LS009743,34.444870,-119.478119,Unmodified,CALOES
LS009744,34.444881,-119.478241,Unmodified,CALOES
LS009745,34.444790,-119.478378,Unmodified,CALOES
LS009746,34.444756,-119.478424,Unmodified,CALOES
LS009747,34.444984,-119.478897,Unmodified,CALOES
LS009748,34.444839,-119.482628,Unmodified,CALOES
LS009749,34.444553,-119.484795,Unmodified,CALOES
LS009750,34.444332,-119.486786,Unmodified,CALOES
LS009751,34.444294,-119.487007,Unmodified,CALOES
LS009752,34.443825,-119.484924,Unmodified,CALOES
LS009753,34.443810,-119.484848,Unmodified,CALOES
LS009754,34.443523,-119.479858,Unmodified,CALOES
LS009755,34.443676,-119.479309,Unmodified,CALOES
LS009756,34.443039,-119.478645,Unmodified,CALOES
LS009757,34.442616,-119.481438,Unmodified,CALOES
LS009758,34.442463,-119.482109,Unmodified,CALOES
LS009759,34.442711,-119.482971,Unmodified,CALOES
LS009760,34.442577,-119.484390,Unmodified,CALOES
LS009761,34.442635,-119.486671,Unmodified,CALOES
LS009762,34.443039,-119.487686,Unmodified,CALOES
LS009763,34.450199,-119.486679,Unmodified,CALOES
LS009764,34.450607,-119.482689,Unmodified,CALOES
LS009765,34.450974,-119.482895,Unmodified,CALOES
LS009766,34.450329,-119.481903,Unmodified,CALOES
LS009767,34.450554,-119.481720,Unmodified,CALOES
LS009768,34.450684,-119.481300,Unmodified,CALOES
LS009769,34.450489,-119.478920,Unmodified,CALOES
LS009770,34.449730,-119.488235,Unmodified,CALOES
LS009771,34.450035,-119.488869,Unmodified,CALOES
LS009772,34.449791,-119.488914,Unmodified,CALOES
LS009773,34.449066,-119.487885,Unmodified,CALOES
LS009774,34.448978,-119.487885,Unmodified,CALOES
LS009775,34.448925,-119.487839,Unmodified,CALOES
LS009776,34.448864,-119.487862,Unmodified,CALOES
LS009777,34.449036,-119.487625,Unmodified,CALOES
LS009778,34.449188,-119.479012,Unmodified,CALOES
LS009779,34.449039,-119.479088,Unmodified,CALOES
LS009780,34.448936,-119.480209,Unmodified,CALOES
LS009781,34.448395,-119.481850,Unmodified,CALOES
LS009782,34.448025,-119.482101,Unmodified,CALOES
LS009783,34.447926,-119.482330,Unmodified,CALOES
LS009784,34.446953,-119.487167,Unmodified,CAP
LS009785,34.445892,-119.481651,Unmodified,CAP
LS009786,34.444931,-119.481186,Unmodified,CAP
LS009787,34.442444,-119.484207,Unmodified,CALOES
LS009788,34.442493,-119.487465,Unmodified,CAP
LS009789,34.441925,-119.485573,Unmodified,CAP
LS009790,34.442123,-119.484268,Unmodified,CALOES
LS009791,34.442265,-119.484055,Unmodified,CALOES
LS009792,34.442329,-119.483932,Unmodified,CALOES
LS009793,34.441776,-119.483635,Unmodified,CALOES
LS009794,34.441925,-119.482437,Unmodified,CALOES
LS009795,34.441360,-119.482826,Unmodified,CALOES
LS009796,34.441219,-119.482071,Unmodified,CALOES
LS009797,34.441383,-119.481613,Unmodified,CALOES
LS009798,34.441280,-119.481506,Unmodified,CALOES
LS009799,34.441238,-119.481346,Unmodified,CALOES
LS009800,34.441387,-119.481056,Unmodified,CALOES
LS009801,34.441460,-119.480103,Unmodified,CALOES
LS009802,34.441299,-119.479912,Unmodified,CALOES
LS009803,34.441154,-119.479828,Unmodified,CALOES
LS009804,34.441956,-119.480103,Unmodified,CALOES
LS009805,34.440971,-119.479538,Unmodified,CALOES
LS009806,34.441738,-119.479485,Unmodified,CALOES
LS009807,34.440319,-119.480392,Unmodified,CAP
LS009808,34.440468,-119.480484,Unmodified,CAP
LS009809,34.439983,-119.483047,Unmodified,CALOES
LS009810,34.440067,-119.482948,Unmodified,CALOES
LS009811,34.440182,-119.486298,Unmodified,CAP
LS009812,34.440552,-119.486145,Unmodified,CAP
LS009813,34.440323,-119.487419,Unmodified,CAP
LS009814,34.440487,-119.487877,Unmodified,CALOES
LS009815,34.440300,-119.487854,Unmodified,CALOES
LS009816,34.439548,-119.487930,Unmodified,CALOES
LS009817,34.438915,-119.485268,Unmodified,CAP
LS009818,34.439613,-119.485695,Unmodified,CALOES
LS009819,34.439663,-119.483932,Unmodified,CALOES
LS009820,34.439068,-119.483307,Unmodified,CALOES
LS009821,34.439087,-119.483078,Unmodified,CALOES
LS009822,34.438892,-119.483490,Unmodified,CALOES
LS009823,34.439064,-119.480721,Unmodified,CALOES
LS009824,34.439159,-119.480736,Unmodified,CALOES
LS009825,34.438740,-119.480568,Unmodified,CALOES
LS009826,34.438679,-119.480469,Unmodified,CALOES
LS009827,34.438629,-119.480278,Unmodified,CALOES
LS009828,34.438507,-119.480286,Unmodified,CALOES
LS009829,34.438389,-119.480049,Unmodified,CALOES
LS009830,34.438271,-119.480637,Unmodified,CALOES
LS009831,34.438114,-119.479805,Unmodified,CALOES
LS009832,34.438187,-119.479721,Unmodified,CALOES
LS009833,34.437733,-119.481026,Unmodified,CALOES
LS009834,34.437084,-119.483063,Unmodified,CALOES
LS009835,34.436916,-119.482689,Unmodified,CALOES
LS009836,34.437187,-119.487656,Unmodified,CALOES
LS009837,34.435703,-119.484039,Unmodified,CALOES
LS009838,34.435982,-119.480049,Unmodified,CALOES
LS009839,34.434967,-119.479141,Unmodified,CALOES
LS009840,34.434860,-119.479492,Unmodified,CALOES
LS009841,34.434830,-119.479622,Unmodified,CALOES
LS009842,34.434624,-119.480087,Unmodified,CALOES
LS009843,34.434681,-119.480293,Unmodified,CALOES
LS009844,34.434792,-119.480614,Unmodified,CALOES
LS009845,34.434727,-119.480820,Unmodified,CALOES
LS009846,34.434502,-119.480110,Unmodified,CALOES
LS009847,34.434490,-119.480034,Unmodified,CALOES
LS009848,34.434483,-119.479973,Unmodified,CALOES
LS009849,34.434982,-119.480621,Unmodified,CALOES
LS009850,34.434921,-119.480858,Unmodified,CALOES
LS009851,34.434563,-119.481781,Unmodified,CALOES
LS009852,34.434013,-119.480537,Unmodified,CALOES
LS009853,34.434048,-119.480377,Unmodified,CALOES
LS009854,34.433880,-119.481300,Unmodified,CALOES
LS009855,34.434067,-119.478073,Unmodified,CALOES
LS009856,34.434227,-119.478256,Unmodified,CALOES
LS009857,34.442207,-119.484856,Unmodified,CALOES
LS009858,34.441692,-119.479301,Unmodified,CALOES
LS009859,34.441837,-119.478996,Unmodified,CALOES
LS009860,34.441231,-119.485680,Unmodified,CALOES
LS009861,34.441296,-119.485481,Unmodified,CALOES
LS009862,34.439903,-119.482582,Unmodified,CALOES
LS009863,34.440243,-119.482391,Unmodified,CALOES
LS009864,34.440151,-119.482231,Unmodified,CALOES
LS009865,34.440098,-119.482124,Unmodified,CALOES
LS009866,34.440311,-119.482498,Unmodified,CALOES
LS009867,34.439835,-119.478966,Unmodified,CALOES
LS009868,34.440002,-119.478493,Unmodified,CALOES
LS009869,34.439869,-119.478470,Unmodified,CALOES
LS009870,34.440681,-119.479515,Unmodified,CALOES
LS009871,34.440704,-119.479408,Unmodified,CALOES
LS009872,34.440525,-119.479347,Unmodified,CALOES
LS009873,34.439182,-119.478058,Unmodified,CALOES
LS009874,34.439621,-119.478645,Unmodified,CALOES
LS009875,34.439079,-119.480576,Unmodified,CALOES
LS009876,34.439507,-119.482414,Unmodified,CALOES
LS009877,34.439579,-119.481712,Unmodified,CALOES
LS009878,34.439377,-119.483414,Unmodified,CALOES
LS009879,34.438618,-119.484528,Unmodified,CALOES
LS009880,34.438431,-119.481049,Unmodified,CALOES
LS009881,34.437592,-119.480644,Unmodified,CALOES
LS009882,34.437126,-119.482513,Unmodified,CALOES
LS009883,34.432861,-119.484238,Unmodified,CALOES
LS009884,34.432751,-119.483978,Unmodified,CALOES
LS009885,34.432636,-119.483490,Unmodified,CALOES
LS009886,34.432964,-119.479553,Unmodified,CALOES
LS009887,34.433197,-119.478699,Unmodified,CALOES
LS009888,34.433121,-119.478333,Unmodified,CALOES
LS009889,34.433136,-119.477852,Unmodified,CALOES
LS009890,34.432907,-119.477997,Unmodified,CALOES
LS009891,34.432411,-119.478615,Unmodified,CALOES
LS009892,34.432293,-119.478516,Unmodified,CALOES
LS009893,34.432182,-119.478691,Unmodified,CALOES
LS009894,34.432167,-119.481842,Unmodified,CALOES
LS009895,34.431335,-119.481514,Unmodified,CALOES
LS009896,34.431450,-119.479218,Unmodified,CALOES
LS009897,34.430092,-119.480637,Unmodified,CALOES
LS009898,34.429138,-119.487671,Unmodified,CALOES
LS009899,34.427956,-119.481026,Unmodified,CALOES
LS009900,34.428185,-119.481445,Modified,CALOES
LS009901,34.428368,-119.482407,Unmodified,CALOES
LS009902,34.428791,-119.488335,Modified,CALOES
LS009903,34.428581,-119.487610,Modified,CALOES
LS009904,34.427643,-119.477966,Unmodified,CALOES
LS009905,34.427593,-119.479744,Unmodified,CALOES
LS009906,34.427246,-119.479042,Unmodified,CALOES
LS009907,34.427212,-119.478996,Unmodified,CALOES
LS009908,34.426865,-119.484863,Modified,CAP
LS009909,34.426659,-119.484657,Modified,CALOES
LS009910,34.428654,-119.487976,Modified,CAP
LS009911,34.428326,-119.487534,Modified,CAP
LS009912,34.428284,-119.487480,Modified,CAP
LS009913,34.425541,-119.482613,Modified,CAP
LS009914,34.425434,-119.478584,Unmodified,CALOES
LS009915,34.425537,-119.478218,Unmodified,CALOES
LS009916,34.424812,-119.477737,Unmodified,CALOES
LS009917,34.421906,-119.486038,Unmodified,CALOES
LS009918,34.422283,-119.485817,Unmodified,CALOES
LS009919,34.421730,-119.485565,Unmodified,CALOES
LS009920,34.421211,-119.485382,Unmodified,CALOES
LS009921,34.420967,-119.485100,Unmodified,CALOES
LS009922,34.419815,-119.484703,Unmodified,CALOES
LS009923,34.418999,-119.483139,Modified,CALOES
LS009924,34.419060,-119.483078,Modified,CALOES
LS009925,34.419144,-119.478188,Unmodified,CALOES
LS009926,34.419037,-119.478279,Unmodified,CALOES
LS009927,34.419659,-119.478294,Unmodified,CALOES
LS009928,34.417500,-119.478271,Unmodified,CALOES
LS009929,34.417473,-119.478058,Unmodified,CALOES
LS009930,34.417934,-119.481216,Unmodified,CALOES
LS009931,34.418125,-119.481407,Unmodified,CALOES
LS009932,34.418240,-119.481285,Unmodified,CALOES
LS009933,34.416767,-119.480423,Unmodified,CALOES
LS009934,34.416939,-119.480499,Unmodified,CALOES
LS009935,34.417057,-119.480492,Unmodified,CALOES
LS009936,34.416458,-119.480385,Unmodified,CALOES
LS009937,34.424141,-119.484756,Unmodified,CALOES
LS009938,34.417183,-119.480774,Unmodified,CALOES
LS009939,34.412830,-119.484947,Modified,CAP
LS009940,34.412758,-119.480667,Modified,CAP
LS009941,34.412128,-119.479774,Modified,CAP
LS009942,34.412479,-119.479843,Modified,CAP
LS009943,34.412586,-119.480202,Modified,CAP
LS009944,34.412701,-119.480003,Modified,CAP
LS009945,34.412338,-119.479958,Modified,CAP
LS009946,34.412231,-119.479683,Modified,CAP
LS009947,34.411800,-119.477608,Modified,CAP
LS009948,34.411835,-119.478920,Modified,CAP
LS009949,34.412701,-119.479919,Modified,CAP
LS009950,34.412128,-119.479622,Modified,CAP
LS009951,34.412327,-119.480209,Modified,CAP
LS009952,34.412399,-119.480186,Modified,CAP
LS009953,34.411793,-119.479080,Modified,CAP
LS009954,34.411755,-119.478134,Modified,CAP
LS009955,34.489494,-119.471779,Unmodified,CAP
LS009956,34.489559,-119.471443,Unmodified,CAP
LS009957,34.489594,-119.471123,Unmodified,CAP
LS009958,34.489674,-119.470993,Unmodified,CAP
LS009959,34.489548,-119.470833,Unmodified,CAP
LS009960,34.488293,-119.473061,Unmodified,CALOES
LS009961,34.487728,-119.472221,Unmodified,CAP
LS009962,34.487961,-119.472916,Unmodified,CALOES
LS009963,34.487835,-119.472855,Unmodified,CALOES
LS009964,34.488998,-119.473274,Unmodified,CALOES
LS009965,34.487312,-119.469002,Unmodified,CAP
LS009966,34.486526,-119.473564,Unmodified,CALOES
LS009967,34.486465,-119.473511,Unmodified,CALOES
LS009968,34.486439,-119.473442,Unmodified,CALOES
LS009969,34.486248,-119.472893,Unmodified,CALOES
LS009970,34.486404,-119.472809,Unmodified,CALOES
LS009971,34.486359,-119.472847,Unmodified,CALOES
LS009972,34.486183,-119.472031,Unmodified,CALOES
LS009973,34.485592,-119.472237,Unmodified,CALOES
LS009974,34.485527,-119.472054,Unmodified,CALOES
LS009975,34.470020,-119.467987,Unmodified,CAP
LS009976,34.451641,-119.483566,Unmodified,CALOES
LS009977,34.468235,-119.468781,Unmodified,CALOES
LS009978,34.468525,-119.469315,Unmodified,CALOES
LS009979,34.466324,-119.472862,Unmodified,CALOES
LS009980,34.466160,-119.469978,Unmodified,CAP
LS009981,34.463825,-119.475670,Unmodified,CAP
LS009982,34.464062,-119.474785,Unmodified,CAP
LS009983,34.463978,-119.475304,Unmodified,CAP
LS009984,34.460594,-119.474686,Unmodified,CAP
LS009985,34.460815,-119.475288,Unmodified,CAP
LS009986,34.460548,-119.475883,Unmodified,CAP
LS009987,34.468361,-119.468513,Unmodified,CALOES
LS009988,34.465240,-119.475906,Unmodified,CAP
LS009989,34.465176,-119.476128,Unmodified,CAP
LS009990,34.464920,-119.476936,Unmodified,CAP
LS009991,34.459503,-119.475952,Unmodified,CALOES
LS009992,34.459324,-119.476990,Unmodified,CAP
LS009993,34.459393,-119.477211,Unmodified,CAP
LS009994,34.457153,-119.471611,Unmodified,CAP
LS009995,34.457336,-119.471558,Unmodified,CAP
LS009996,34.457291,-119.473938,Unmodified,CAP
LS009997,34.456951,-119.475166,Unmodified,CAP
LS009998,34.456985,-119.476974,Unmodified,CAP
LS009999,34.457020,-119.476791,Unmodified,CAP
LS010000,34.456902,-119.477112,Unmodified,CAP
LS010001,34.456512,-119.476929,Unmodified,CAP
LS010002,34.456848,-119.478096,Unmodified,CAP
LS010003,34.456314,-119.476013,Unmodified,CAP
LS010004,34.456497,-119.475464,Unmodified,CAP
LS010005,34.456333,-119.475060,Unmodified,CAP
LS010006,34.455933,-119.475258,Unmodified,CAP
LS010007,34.456570,-119.470512,Unmodified,CAP
LS010008,34.455971,-119.468559,Unmodified,CAP
LS010009,34.454754,-119.468430,Unmodified,CAP
LS010010,34.454674,-119.474213,Unmodified,CALOES
LS010011,34.454815,-119.474106,Unmodified,CALOES
LS010012,34.454998,-119.474083,Unmodified,CALOES
LS010013,34.454472,-119.475151,Unmodified,CALOES
LS010014,34.453419,-119.477669,Unmodified,CAP
LS010015,34.453098,-119.469109,Unmodified,CALOES
LS010016,34.452263,-119.468925,Unmodified,CALOES
LS010017,34.452316,-119.469643,Unmodified,CALOES
LS010018,34.452110,-119.469429,Unmodified,CALOES
LS010019,34.451851,-119.469368,Unmodified,CALOES
LS010020,34.451885,-119.471954,Unmodified,CALOES
LS010021,34.451614,-119.473030,Unmodified,CALOES
LS010022,34.451950,-119.472092,Unmodified,CALOES
LS010023,34.451931,-119.475540,Unmodified,CAP
LS010024,34.451523,-119.476906,Unmodified,CALOES
LS010025,34.452480,-119.475311,Unmodified,CALOES
LS010026,34.452236,-119.476280,Unmodified,CALOES
LS010027,34.452438,-119.477432,Unmodified,CALOES
LS010028,34.451931,-119.477371,Unmodified,CALOES
LS010029,34.451675,-119.476776,Unmodified,CALOES
LS010030,34.452541,-119.475876,Unmodified,CALOES
LS010031,34.452000,-119.476517,Unmodified,CALOES
LS010032,34.457432,-119.468758,Unmodified,CAP
LS010033,34.457527,-119.470039,Unmodified,CAP
LS010034,34.455761,-119.477615,Unmodified,CALOES
LS010035,34.455616,-119.476654,Unmodified,CAP
LS010036,34.455513,-119.476479,Unmodified,CAP
LS010037,34.455395,-119.476074,Unmodified,CAP
LS010038,34.455582,-119.477036,Unmodified,CAP
LS010039,34.455673,-119.468155,Unmodified,CALOES
LS010040,34.455536,-119.467712,Unmodified,CAP
LS010041,34.454453,-119.477432,Unmodified,CALOES
LS010042,34.454662,-119.477371,Unmodified,CALOES
LS010043,34.454594,-119.477051,Unmodified,CALOES
LS010044,34.453270,-119.477165,Unmodified,CALOES
LS010045,34.452286,-119.471825,Unmodified,CALOES
LS010046,34.452709,-119.471123,Unmodified,CALOES
LS010047,34.450706,-119.467331,Unmodified,CAP
LS010048,34.451210,-119.473351,Unmodified,CALOES
LS010049,34.450245,-119.474838,Unmodified,CALOES
LS010050,34.449871,-119.476288,Unmodified,CALOES
LS010051,34.450100,-119.473991,Unmodified,CAP
LS010052,34.448502,-119.471428,Unmodified,CALOES
LS010053,34.447754,-119.474838,Unmodified,CAP
LS010054,34.447803,-119.474434,Unmodified,CAP
LS010055,34.447723,-119.474419,Unmodified,CAP
LS010056,34.447857,-119.475517,Unmodified,CAP
LS010057,34.449188,-119.472252,Unmodified,CALOES
LS010058,34.448811,-119.472221,Unmodified,CALOES
LS010059,34.448616,-119.472038,Unmodified,CALOES
LS010060,34.448551,-119.472023,Unmodified,CALOES
LS010061,34.448563,-119.469612,Unmodified,CALOES
LS010062,34.449337,-119.468849,Unmodified,CALOES
LS010063,34.449791,-119.467415,Unmodified,CAP
LS010064,34.447117,-119.470413,Unmodified,CALOES
LS010065,34.447201,-119.468414,Unmodified,CALOES
LS010066,34.447506,-119.468674,Unmodified,CALOES
LS010067,34.445328,-119.469986,Unmodified,CALOES
LS010068,34.445778,-119.474251,Unmodified,CALOES
LS010069,34.445564,-119.474480,Unmodified,CALOES
LS010070,34.445606,-119.476639,Unmodified,CAP
LS010071,34.445267,-119.477638,Unmodified,CAP
LS010072,34.445450,-119.477821,Unmodified,CAP
LS010073,34.444065,-119.475883,Unmodified,CAP
LS010074,34.444225,-119.475838,Unmodified,CAP
LS010075,34.444427,-119.474464,Unmodified,CAP
LS010076,34.444145,-119.475502,Unmodified,CAP
LS010077,34.444393,-119.471161,Unmodified,CALOES
LS010078,34.444290,-119.471085,Unmodified,CALOES
LS010079,34.444450,-119.471146,Unmodified,CALOES
LS010080,34.444492,-119.470253,Unmodified,CALOES
LS010081,34.444416,-119.469925,Unmodified,CALOES
LS010082,34.443794,-119.469017,Unmodified,CALOES
LS010083,34.443752,-119.468704,Unmodified,CALOES
LS010084,34.443974,-119.467896,Unmodified,CALOES
LS010085,34.444008,-119.467812,Unmodified,CALOES
LS010086,34.443020,-119.468079,Unmodified,CALOES
LS010087,34.442860,-119.468079,Unmodified,CALOES
LS010088,34.442997,-119.468498,Unmodified,CALOES
LS010089,34.443592,-119.469597,Unmodified,CALOES
LS010090,34.443569,-119.470329,Unmodified,CALOES
LS010091,34.443745,-119.470734,Unmodified,CALOES
LS010092,34.443787,-119.470932,Unmodified,CALOES
LS010093,34.443600,-119.471283,Unmodified,CALOES
LS010094,34.443623,-119.471397,Unmodified,CALOES
LS010095,34.443707,-119.471703,Unmodified,CALOES
LS010096,34.443542,-119.472740,Unmodified,CALOES
LS010097,34.443459,-119.473175,Unmodified,CALOES
LS010098,34.443214,-119.473999,Unmodified,CALOES
LS010099,34.442841,-119.475838,Unmodified,CALOES
LS010100,34.442699,-119.475807,Unmodified,CALOES
LS010101,34.442234,-119.477028,Unmodified,CALOES
LS010102,34.441738,-119.467674,Unmodified,CALOES
LS010103,34.441307,-119.467148,Unmodified,CALOES
LS010104,34.441177,-119.467072,Unmodified,CALOES
LS010105,34.440498,-119.470680,Unmodified,CALOES
LS010106,34.440018,-119.475754,Unmodified,CALOES
LS010107,34.438774,-119.476303,Unmodified,CALOES
LS010108,34.439232,-119.474487,Unmodified,CALOES
LS010109,34.439301,-119.474327,Unmodified,CALOES
LS010110,34.439217,-119.474701,Unmodified,CALOES
LS010111,34.439716,-119.467461,Unmodified,CALOES
LS010112,34.439625,-119.467384,Unmodified,CALOES
LS010113,34.438263,-119.466995,Unmodified,CALOES
LS010114,34.438736,-119.467712,Unmodified,CALOES
LS010115,34.437630,-119.471657,Unmodified,CALOES
LS010116,34.437443,-119.472412,Unmodified,CALOES
LS010117,34.437416,-119.472595,Unmodified,CALOES
LS010118,34.437508,-119.471748,Unmodified,CALOES
LS010119,34.436546,-119.467331,Unmodified,CALOES
LS010120,34.436626,-119.467339,Unmodified,CALOES
LS010121,34.436867,-119.467430,Unmodified,CALOES
LS010122,34.435352,-119.470528,Unmodified,CALOES
LS010123,34.434792,-119.469307,Unmodified,CALOES
LS010124,34.434608,-119.469109,Unmodified,CALOES
LS010125,34.434208,-119.473190,Unmodified,CALOES
LS010126,34.434216,-119.472969,Unmodified,CALOES
LS010127,34.434250,-119.472893,Unmodified,CALOES
LS010128,34.434307,-119.472450,Unmodified,CALOES
LS010129,34.434334,-119.472336,Unmodified,CALOES
LS010130,34.434006,-119.469025,Unmodified,CALOES
LS010131,34.434353,-119.468636,Unmodified,CALOES
LS010132,34.433762,-119.466896,Unmodified,CALOES
LS010133,34.433769,-119.467186,Unmodified,CALOES
LS010134,34.433727,-119.467346,Unmodified,CALOES
LS010135,34.433613,-119.467613,Unmodified,CALOES
LS010136,34.441994,-119.477135,Unmodified,CALOES
LS010137,34.441986,-119.470772,Unmodified,CALOES
LS010138,34.439857,-119.477081,Unmodified,CALOES
LS010139,34.439613,-119.476654,Unmodified,CALOES
LS010140,34.438538,-119.477409,Unmodified,CALOES
LS010141,34.435120,-119.470207,Unmodified,CALOES
LS010142,34.431717,-119.475029,Unmodified,CAP
LS010143,34.431423,-119.467178,Unmodified,CAP
LS010144,34.430157,-119.471825,Unmodified,CALOES
LS010145,34.428913,-119.470428,Unmodified,CALOES
LS010146,34.429081,-119.470718,Unmodified,CALOES
LS010147,34.427544,-119.467842,Unmodified,CALOES
LS010148,34.427177,-119.476158,Unmodified,CALOES
LS010149,34.423573,-119.476799,Unmodified,CALOES
LS010150,34.423637,-119.476799,Unmodified,CALOES
LS010151,34.422901,-119.468300,Unmodified,CAP
LS010152,34.420258,-119.476357,Modified,CALOES
LS010153,34.420097,-119.475693,Modified,CALOES
LS010154,34.420078,-119.473885,Unmodified,CALOES
LS010155,34.420219,-119.470970,Unmodified,CALOES
LS010156,34.420650,-119.473450,Unmodified,CALOES
LS010157,34.416130,-119.470779,Modified,CALOES
LS010158,34.416035,-119.470650,Modified,CALOES
LS010159,34.415390,-119.470322,Modified,CALOES
LS010160,34.414207,-119.467957,Modified,CALOES
LS010161,34.414024,-119.467468,-9999,CALOES
LS010162,34.414185,-119.467728,Unmodified,CALOES
LS010163,34.413357,-119.469498,Modified,CALOES
LS010164,34.413334,-119.467300,Modified,CALOES
LS010165,34.413311,-119.467102,Modified,CALOES
LS010166,34.413715,-119.468475,Modified,CALOES
LS010167,34.412777,-119.473267,Modified,CALOES
LS010168,34.413445,-119.473763,Unmodified,CALOES
LS010169,34.413895,-119.475716,Unmodified,CALOES
LS010170,34.414299,-119.466545,Unmodified,CALOES
LS010171,34.414173,-119.466225,Unmodified,CALOES
LS010172,34.415188,-119.469833,Unmodified,CALOES
LS010173,34.415115,-119.469727,Unmodified,CALOES
LS010174,34.415012,-119.469612,Unmodified,CALOES
LS010175,34.413620,-119.472115,Unmodified,CALOES
LS010176,34.404495,-119.469955,Modified,CAP
LS010177,34.446182,-119.477829,Unmodified,CALOES
LS010178,34.446651,-119.477997,Unmodified,CALOES
LS010179,34.444622,-119.491966,Unmodified,CALOES
LS010180,34.439484,-119.534721,Unmodified,CALOES
LS010181,34.488712,-119.466919,Unmodified,CAP
LS010182,34.487968,-119.465981,Unmodified,CAP
LS010183,34.488434,-119.466812,Unmodified,CAP
LS010184,34.488483,-119.466499,Unmodified,CAP
LS010185,34.487934,-119.466248,Unmodified,CAP
LS010186,34.487968,-119.466171,Unmodified,CAP
LS010187,34.487938,-119.465912,Unmodified,CAP
LS010188,34.486286,-119.462860,Unmodified,CAP
LS010189,34.485996,-119.464005,Unmodified,CALOES
LS010190,34.482235,-119.459618,Unmodified,CAP
LS010191,34.472820,-119.460480,Unmodified,CAP
LS010192,34.472763,-119.461678,Unmodified,CAP
LS010193,34.470848,-119.467705,Unmodified,CAP
LS010194,34.470955,-119.466049,Unmodified,CAP
LS010195,34.469872,-119.466164,Unmodified,CAP
LS010196,34.469654,-119.458305,Unmodified,CAP
LS010197,34.469429,-119.457466,Unmodified,CALOES
LS010198,34.467697,-119.464012,Unmodified,CAP
LS010199,34.467621,-119.464226,Unmodified,CAP
LS010200,34.464123,-119.460197,Unmodified,CAP
LS010201,34.463741,-119.459785,Unmodified,CAP
LS010202,34.462013,-119.466377,Unmodified,CAP
LS010203,34.461983,-119.466576,Unmodified,CALOES
LS010204,34.462360,-119.461899,Unmodified,CALOES
LS010205,34.462830,-119.457558,Unmodified,CAP
LS010206,34.462429,-119.456955,Unmodified,CALOES
LS010207,34.467697,-119.463638,Unmodified,CAP
LS010208,34.466915,-119.463013,Unmodified,CAP
LS010209,34.464886,-119.466431,Unmodified,CALOES
LS010210,34.459541,-119.459129,Unmodified,CAP
LS010211,34.459137,-119.465416,Unmodified,CAP
LS010212,34.458332,-119.466209,Unmodified,CALOES
LS010213,34.458679,-119.465393,Unmodified,CALOES
LS010214,34.458382,-119.464645,Unmodified,CALOES
LS010215,34.458443,-119.459435,Unmodified,CALOES
LS010216,34.458134,-119.458549,Unmodified,CALOES
LS010217,34.458290,-119.458397,Unmodified,CALOES
LS010218,34.458145,-119.457687,Unmodified,CALOES
LS010219,34.457752,-119.461555,Unmodified,CAP
LS010220,34.457756,-119.462898,Unmodified,CAP
LS010221,34.457657,-119.463112,Unmodified,CAP
LS010222,34.458233,-119.464050,Unmodified,CAP
LS010223,34.456890,-119.464478,Unmodified,CAP
LS010224,34.456676,-119.460823,Unmodified,CALOES
LS010225,34.456253,-119.459564,Unmodified,CAP
LS010226,34.455677,-119.458229,Unmodified,CAP
LS010227,34.455307,-119.457924,Unmodified,CAP
LS010228,34.455269,-119.458794,Unmodified,CALOES
LS010229,34.455738,-119.460434,Unmodified,CAP
LS010230,34.455448,-119.461052,Unmodified,CAP
LS010231,34.455399,-119.460571,Unmodified,CAP
LS010232,34.455032,-119.463867,Unmodified,CAP
LS010233,34.453857,-119.466385,Unmodified,CALOES
LS010234,34.454079,-119.464798,Unmodified,CALOES
LS010235,34.453220,-119.458595,Unmodified,CALOES
LS010236,34.453243,-119.459549,Unmodified,CALOES
LS010237,34.453381,-119.459381,Unmodified,CALOES
LS010238,34.452881,-119.463402,Unmodified,CALOES
LS010239,34.453178,-119.465164,Unmodified,CAP
LS010240,34.452347,-119.465134,Unmodified,CAP
LS010241,34.451408,-119.467133,Unmodified,CALOES
LS010242,34.451508,-119.467003,Unmodified,CALOES
LS010243,34.451450,-119.465340,Unmodified,CAP
LS010244,34.451214,-119.465080,Unmodified,CAP
LS010245,34.450813,-119.461716,Unmodified,CALOES
LS010246,34.451420,-119.460899,Unmodified,CALOES
LS010247,34.451218,-119.462456,Unmodified,CALOES
LS010248,34.451248,-119.458199,Unmodified,CAP
LS010249,34.450016,-119.459229,Unmodified,CALOES
LS010250,34.449913,-119.458984,Unmodified,CALOES
LS010251,34.450417,-119.463112,Unmodified,CALOES
LS010252,34.450447,-119.463394,Unmodified,CALOES
LS010253,34.450306,-119.463417,Unmodified,CALOES
LS010254,34.449600,-119.464333,Unmodified,CALOES
LS010255,34.448715,-119.456718,Unmodified,CALOES
LS010256,34.446869,-119.457741,Unmodified,CALOES
LS010257,34.446934,-119.457329,Unmodified,CALOES
LS010258,34.447067,-119.459511,Unmodified,CALOES
LS010259,34.447124,-119.459274,Unmodified,CALOES
LS010260,34.447315,-119.459152,Unmodified,CALOES
LS010261,34.447201,-119.463852,Unmodified,CALOES
LS010262,34.447170,-119.464088,Unmodified,CALOES
LS010263,34.447300,-119.464325,Unmodified,CALOES
LS010264,34.447350,-119.464447,Unmodified,CALOES
LS010265,34.447384,-119.464508,Unmodified,CALOES
LS010266,34.446930,-119.465485,Unmodified,CALOES
LS010267,34.446953,-119.465630,Unmodified,CALOES
LS010268,34.447109,-119.465919,Unmodified,CALOES
LS010269,34.446964,-119.466095,Unmodified,CALOES
LS010270,34.446751,-119.466209,Unmodified,CALOES
LS010271,34.446667,-119.466499,Unmodified,CALOES
LS010272,34.446941,-119.464561,Unmodified,CALOES
LS010273,34.445335,-119.463440,Unmodified,CALOES
LS010274,34.445568,-119.463547,Unmodified,CALOES
LS010275,34.445873,-119.465034,Unmodified,CALOES
LS010276,34.445724,-119.464722,Unmodified,CALOES
LS010277,34.444576,-119.459328,Unmodified,CALOES
LS010278,34.443226,-119.464447,Unmodified,CALOES
LS010279,34.442814,-119.464287,Unmodified,CALOES
LS010280,34.450600,-119.465691,Unmodified,CALOES
LS010281,34.450462,-119.466187,Unmodified,CALOES
LS010282,34.443932,-119.462807,Unmodified,CALOES
LS010283,34.443729,-119.462929,Unmodified,CALOES
LS010284,34.450569,-119.466324,Unmodified,CALOES
LS010285,34.450165,-119.466690,Unmodified,CALOES
LS010286,34.441608,-119.466965,Unmodified,CALOES
LS010287,34.442062,-119.461327,Unmodified,CALOES
LS010288,34.441303,-119.460602,Unmodified,CALOES
LS010289,34.440907,-119.462135,Unmodified,CALOES
LS010290,34.440643,-119.466034,Unmodified,CALOES
LS010291,34.440609,-119.465607,Unmodified,CALOES
LS010292,34.440575,-119.464890,Unmodified,CALOES
LS010293,34.441063,-119.466660,Unmodified,CALOES
LS010294,34.441330,-119.466362,Unmodified,CALOES
LS010295,34.440407,-119.457756,Unmodified,CALOES
LS010296,34.439621,-119.459747,Unmodified,CALOES
LS010297,34.439690,-119.460098,Unmodified,CALOES
LS010298,34.438938,-119.461342,Unmodified,CALOES
LS010299,34.438892,-119.461975,Unmodified,CALOES
LS010300,34.439388,-119.460449,Unmodified,CALOES
LS010301,34.439102,-119.459663,Unmodified,CALOES
LS010302,34.439060,-119.459366,Unmodified,CALOES
LS010303,34.439362,-119.459259,Unmodified,CALOES
LS010304,34.439419,-119.462738,Unmodified,CALOES
LS010305,34.439632,-119.465363,Unmodified,CALOES
LS010306,34.438747,-119.465546,Unmodified,CALOES
LS010307,34.439293,-119.466827,Unmodified,CALOES
LS010308,34.438221,-119.466774,Unmodified,CALOES
LS010309,34.437771,-119.466125,Unmodified,CALOES
LS010310,34.438084,-119.466103,Unmodified,CALOES
LS010311,34.438683,-119.466263,Unmodified,CALOES
LS010312,34.435593,-119.464088,Unmodified,CALOES
LS010313,34.435299,-119.457237,Unmodified,CALOES
LS010314,34.434208,-119.458931,Unmodified,CALOES
LS010315,34.434666,-119.464676,Unmodified,CALOES
LS010316,34.434452,-119.465111,Unmodified,CALOES
LS010317,34.434589,-119.466209,Unmodified,CALOES
LS010318,34.434376,-119.466301,Unmodified,CALOES
LS010319,34.441875,-119.462212,Unmodified,CALOES
LS010320,34.442753,-119.458038,Unmodified,CALOES
LS010321,34.439625,-119.459038,Unmodified,CALOES
LS010322,34.438786,-119.463150,Unmodified,CALOES
LS010323,34.437733,-119.460472,Unmodified,CALOES
LS010324,34.438023,-119.459656,Unmodified,CALOES
LS010325,34.433624,-119.458733,Unmodified,CALOES
LS010326,34.433510,-119.458679,Unmodified,CALOES
LS010327,34.433277,-119.456718,Unmodified,CALOES
LS010328,34.433575,-119.456268,Unmodified,CALOES
LS010329,34.431274,-119.459259,Unmodified,CAP
LS010330,34.431198,-119.457275,Unmodified,CALOES
LS010331,34.430668,-119.458763,Unmodified,CALOES
LS010332,34.430740,-119.458855,Unmodified,CALOES
LS010333,34.429531,-119.462151,Unmodified,CALOES
LS010334,34.429783,-119.465752,Unmodified,CALOES
LS010335,34.429768,-119.465881,Unmodified,CALOES
LS010336,34.429741,-119.466148,Unmodified,CALOES
LS010337,34.429745,-119.466255,Unmodified,CALOES
LS010338,34.429932,-119.466431,Unmodified,CALOES
LS010339,34.428413,-119.460915,-9999,CALOES
LS010340,34.427727,-119.458450,Unmodified,CAP
LS010341,34.427490,-119.459763,Unmodified,CALOES
LS010342,34.426392,-119.460258,Unmodified,CALOES
LS010343,34.430374,-119.461212,-9999,CALOES
LS010344,34.423046,-119.456108,Unmodified,CALOES
LS010345,34.423222,-119.455940,Unmodified,CALOES
LS010346,34.423355,-119.455933,Unmodified,CALOES
LS010347,34.421925,-119.455887,Unmodified,CALOES
LS010348,34.421555,-119.455612,Unmodified,CALOES
LS010349,34.421577,-119.459251,Unmodified,CALOES
LS010350,34.420021,-119.455917,Unmodified,CALOES
LS010351,34.420116,-119.456009,Unmodified,CALOES
LS010352,34.419395,-119.455750,Unmodified,CALOES
LS010353,34.418011,-119.463974,Unmodified,CALOES
LS010354,34.417072,-119.464005,Unmodified,CAP
LS010355,34.415325,-119.465294,Unmodified,CALOES
LS010356,34.413944,-119.460159,Unmodified,CALOES
LS010357,34.413383,-119.458969,Unmodified,CALOES
LS010358,34.413754,-119.465317,Unmodified,CALOES
LS010359,34.411919,-119.458290,Unmodified,CALOES
LS010360,34.411896,-119.458099,Unmodified,CALOES
LS010361,34.411072,-119.461014,Unmodified,CALOES
LS010362,34.411152,-119.460892,Unmodified,CALOES
LS010363,34.411118,-119.462791,Unmodified,CALOES
LS010364,34.410965,-119.463036,Unmodified,CALOES
LS010365,34.411339,-119.464516,Unmodified,CALOES
LS010366,34.411251,-119.464432,Unmodified,CALOES
LS010367,34.411251,-119.464302,Unmodified,CALOES
LS010368,34.411213,-119.464226,Unmodified,CALOES
LS010369,34.410973,-119.464165,Unmodified,CALOES
LS010370,34.409580,-119.462570,Unmodified,CALOES
LS010371,34.409248,-119.457787,Modified,CAP
LS010372,34.406994,-119.455544,Modified,CAP
LS010373,34.398582,-119.461151,Modified,CAP
LS010374,34.395702,-119.461075,Unmodified,CAP
LS010375,34.491997,-119.448570,Unmodified,CALOES
LS010376,34.491093,-119.446869,Modified,CALOES
LS010377,34.491032,-119.447083,Unmodified,CALOES
LS010378,34.491096,-119.447731,Modified,CALOES
LS010379,34.491360,-119.448166,Modified,CALOES
LS010380,34.491135,-119.448868,Modified,CALOES
LS010381,34.491093,-119.448662,Modified,CALOES
LS010382,34.489143,-119.450371,Unmodified,CALOES
LS010383,34.488201,-119.450089,Unmodified,CALOES
LS010384,34.488297,-119.449913,Unmodified,CALOES
LS010385,34.483696,-119.453194,Unmodified,CALOES
LS010386,34.477863,-119.456085,Unmodified,CALOES
LS010387,34.476620,-119.453285,Modified,CAP
LS010388,34.474396,-119.444427,Unmodified,CALOES
LS010389,34.467419,-119.451347,Unmodified,CALOES
LS010390,34.467663,-119.451233,Unmodified,CALOES
LS010391,34.466293,-119.456436,Unmodified,CALOES
LS010392,34.465748,-119.456642,Unmodified,CALOES
LS010393,34.458813,-119.453415,Unmodified,CALOES
LS010394,34.454758,-119.447083,Unmodified,CALOES
LS010395,34.454739,-119.453842,Unmodified,CALOES
LS010396,34.452938,-119.455132,Unmodified,CALOES
LS010397,34.452309,-119.447960,Unmodified,CALOES
LS010398,34.451984,-119.445831,Unmodified,CALOES
LS010399,34.451328,-119.455246,Unmodified,CALOES
LS010400,34.451599,-119.455513,Unmodified,CALOES
LS010401,34.450825,-119.447403,Unmodified,CALOES
LS010402,34.451618,-119.446259,Unmodified,CALOES
LS010403,34.451504,-119.445755,Unmodified,CALOES
LS010404,34.450394,-119.455353,Unmodified,CALOES
LS010405,34.448715,-119.454071,Unmodified,CALOES
LS010406,34.448765,-119.454964,Unmodified,CALOES
LS010407,34.447948,-119.454269,Unmodified,CALOES
LS010408,34.446457,-119.447044,Unmodified,CALOES
LS010409,34.446953,-119.447182,Unmodified,CALOES
LS010410,34.446087,-119.446678,Unmodified,CALOES
LS010411,34.444897,-119.447723,Unmodified,CALOES
LS010412,34.444599,-119.445694,Unmodified,CALOES
LS010413,34.445282,-119.446136,Unmodified,CALOES
LS010414,34.445427,-119.451309,Unmodified,CALOES
LS010415,34.444954,-119.455635,Unmodified,CALOES
LS010416,34.444920,-119.455444,Unmodified,CALOES
LS010417,34.443916,-119.452721,Unmodified,CALOES
LS010418,34.443832,-119.452248,Unmodified,CALOES
LS010419,34.443798,-119.452057,Unmodified,CALOES
LS010420,34.444069,-119.450981,Unmodified,CALOES
LS010421,34.443768,-119.446419,Unmodified,CALOES
LS010422,34.443481,-119.445190,Unmodified,CALOES
LS010423,34.442974,-119.455513,Unmodified,CALOES
LS010424,34.443127,-119.455750,Unmodified,CALOES
LS010425,34.444523,-119.446548,Unmodified,CALOES
LS010426,34.444450,-119.446358,Unmodified,CALOES
LS010427,34.442738,-119.449524,Unmodified,CALOES
LS010428,34.441330,-119.449226,Unmodified,CALOES
LS010429,34.441311,-119.449738,Unmodified,CALOES
LS010430,34.440670,-119.454948,Unmodified,CALOES
LS010431,34.441010,-119.450127,Unmodified,CALOES
LS010432,34.440865,-119.449951,Unmodified,CALOES
LS010433,34.440861,-119.449715,Unmodified,CALOES
LS010434,34.440838,-119.449463,Unmodified,CALOES
LS010435,34.439507,-119.446381,Unmodified,CALOES
LS010436,34.439919,-119.446487,Unmodified,CALOES
LS010437,34.439041,-119.453316,Unmodified,CALOES
LS010438,34.437462,-119.449501,Unmodified,CALOES
LS010439,34.437634,-119.445740,Unmodified,CALOES
LS010440,34.436378,-119.451950,Unmodified,CALOES
LS010441,34.435482,-119.447487,Unmodified,CALOES
LS010442,34.435577,-119.447266,Unmodified,CALOES
LS010443,34.435658,-119.446983,Unmodified,CALOES
LS010444,34.434231,-119.446648,Unmodified,CALOES
LS010445,34.434433,-119.446632,Unmodified,CALOES
LS010446,34.434975,-119.446411,Unmodified,CALOES
LS010447,34.434135,-119.451256,Unmodified,CALOES
LS010448,34.434765,-119.455475,Unmodified,CALOES
LS010449,34.442558,-119.455009,Unmodified,CALOES
LS010450,34.441624,-119.454117,Unmodified,CALOES
LS010451,34.438599,-119.446472,Unmodified,CALOES
LS010452,34.438675,-119.446503,Unmodified,CALOES
LS010453,34.437462,-119.452545,Unmodified,CALOES
LS010454,34.433144,-119.450653,Unmodified,CALOES
LS010455,34.428158,-119.449646,Modified,CALOES
LS010456,34.427082,-119.455460,Unmodified,CALOES
LS010457,34.427551,-119.449997,Unmodified,CAP
LS010458,34.428097,-119.451393,Unmodified,CAP
LS010459,34.425308,-119.453255,Unmodified,CAP
LS010460,34.424801,-119.455017,Unmodified,CALOES
LS010461,34.424030,-119.452095,Unmodified,CAP
LS010462,34.423508,-119.451683,Unmodified,CALOES
LS010463,34.418053,-119.446030,Modified,CALOES
LS010464,34.421432,-119.455383,Unmodified,CALOES
LS010465,34.419674,-119.452644,Unmodified,CALOES
LS010466,34.419296,-119.454987,Unmodified,CALOES
LS010467,34.419182,-119.454887,Unmodified,CALOES
LS010468,34.419662,-119.454773,Unmodified,CALOES
LS010469,34.419785,-119.454872,Unmodified,CALOES
LS010470,34.419819,-119.455154,Unmodified,CALOES
LS010471,34.419365,-119.455330,Unmodified,CALOES
LS010472,34.417767,-119.452576,Unmodified,CALOES
LS010473,34.417515,-119.454758,Unmodified,CALOES
LS010474,34.416420,-119.454826,Unmodified,CALOES
LS010475,34.416409,-119.454033,Unmodified,CALOES
LS010476,34.423233,-119.454727,Unmodified,CALOES
LS010477,34.423832,-119.455414,Unmodified,CALOES
LS010478,34.424011,-119.454048,Unmodified,CALOES
LS010479,34.415333,-119.454117,Unmodified,CALOES
LS010480,34.415367,-119.453659,Unmodified,CALOES
LS010481,34.415257,-119.453270,Unmodified,CALOES
LS010482,34.415359,-119.450050,-9999,CALOES
LS010483,34.414539,-119.454071,Unmodified,CALOES
LS010484,34.414471,-119.453705,Unmodified,CALOES
LS010485,34.414154,-119.453278,Unmodified,CALOES
LS010486,34.414192,-119.452995,Unmodified,CALOES
LS010487,34.413433,-119.454010,Unmodified,CALOES
LS010488,34.413521,-119.452797,Unmodified,CALOES
LS010489,34.414021,-119.451881,Unmodified,CALOES
LS010490,34.413082,-119.447144,Unmodified,CAP
LS010491,34.412807,-119.451553,Unmodified,CALOES
LS010492,34.413067,-119.452179,Unmodified,CALOES
LS010493,34.412510,-119.451157,Unmodified,CALOES
LS010494,34.412540,-119.451012,Unmodified,CALOES
LS010495,34.412632,-119.453003,Unmodified,CALOES
LS010496,34.412487,-119.453850,Unmodified,CALOES
LS010497,34.412392,-119.453667,Unmodified,CALOES
LS010498,34.412193,-119.452965,Unmodified,CALOES
LS010499,34.411934,-119.452660,Unmodified,CALOES
LS010500,34.411957,-119.453011,Unmodified,CALOES
LS010501,34.411789,-119.452797,Unmodified,CALOES
LS010502,34.412186,-119.453316,Unmodified,CALOES
LS010503,34.411938,-119.458427,Unmodified,CALOES
LS010504,34.412327,-119.461639,Unmodified,CALOES
LS010505,34.412163,-119.462608,Unmodified,CAP
LS010506,34.411957,-119.462875,Unmodified,CAP
LS010507,34.409569,-119.447601,Modified,CALOES
LS010508,34.410133,-119.452049,Unmodified,CALOES
LS010509,34.409943,-119.452003,Unmodified,CALOES
LS010510,34.407887,-119.444275,Modified,CAP
LS010511,34.407059,-119.454773,Unmodified,CAP
LS010512,34.404625,-119.451172,Unmodified,CAP
LS010513,34.406433,-119.448540,Unmodified,CAP
LS010514,34.404942,-119.449799,Unmodified,CAP
LS010515,34.405945,-119.447166,Unmodified,CAP
LS010516,34.405319,-119.445000,Modified,CAP
LS010517,34.405178,-119.444801,Modified,CAP
LS010518,34.405350,-119.445427,Modified,CAP
LS010519,34.404751,-119.444336,Modified,CAP
LS010520,34.404617,-119.444252,Modified,CAP
LS010521,34.404518,-119.444237,Modified,CAP
LS010522,34.404320,-119.444206,Modified,CAP
LS010523,34.404724,-119.444572,Modified,CAP
LS010524,34.404961,-119.445068,Modified,CAP
LS010525,34.404747,-119.444756,Modified,CAP
LS010526,34.404053,-119.444252,-9999,CAP
LS010527,34.404041,-119.444351,-9999,CAP
LS010528,34.401787,-119.445175,Modified,CAP
LS010529,34.401451,-119.444817,Modified,CAP
LS010530,34.401329,-119.444565,Modified,CAP
LS010531,34.401161,-119.444588,Modified,CAP
LS010532,34.400913,-119.444115,Modified,CAP
LS010533,34.401024,-119.446259,Modified,CAP
LS010534,34.388180,-119.450272,Modified,CAP
LS010535,34.387890,-119.450439,Modified,CAP
LS010536,34.385448,-119.443794,-9999,CAP
LS010537,34.385994,-119.445480,-9999,CAP
LS010538,34.385983,-119.445648,-9999,CAP
LS010539,34.385101,-119.443787,Modified,CAP
LS010540,34.385509,-119.444130,Modified,CAP
LS010541,34.490032,-119.445290,Unmodified,CALOES
LS010542,34.490089,-119.445183,Unmodified,CALOES
LS010543,34.490055,-119.445114,Unmodified,CALOES
LS010544,34.490009,-119.445175,Unmodified,CALOES
LS010545,34.490093,-119.444397,Unmodified,CALOES
LS010546,34.490284,-119.443985,Unmodified,CALOES
LS010547,34.490330,-119.443787,Unmodified,CALOES
LS010548,34.490368,-119.443581,Unmodified,CALOES
LS010549,34.490143,-119.443169,Unmodified,CALOES
LS010550,34.490314,-119.443481,Unmodified,CALOES
LS010551,34.490166,-119.443520,Unmodified,CALOES
LS010552,34.489998,-119.444092,Unmodified,CALOES
LS010553,34.489735,-119.442108,Unmodified,CALOES
LS010554,34.489895,-119.442162,Unmodified,CALOES
LS010555,34.490070,-119.441154,Unmodified,CALOES
LS010556,34.489998,-119.441109,Unmodified,CALOES
LS010557,34.490017,-119.441010,Unmodified,CALOES
LS010558,34.489990,-119.440491,Unmodified,CALOES
LS010559,34.488533,-119.439133,Unmodified,CALOES
LS010560,34.487835,-119.440765,Unmodified,CALOES
LS010561,34.485825,-119.437973,Unmodified,CALOES
LS010562,34.484390,-119.444603,Unmodified,CALOES
LS010563,34.484295,-119.444580,Unmodified,CALOES
LS010564,34.484211,-119.444405,Unmodified,CALOES
LS010565,34.484112,-119.444382,Unmodified,CALOES
LS010566,34.473114,-119.436569,Unmodified,CAP
LS010567,34.468842,-119.444931,Unmodified,CALOES
LS010568,34.468620,-119.444427,Unmodified,CALOES
LS010569,34.468491,-119.436768,Unmodified,CALOES
LS010570,34.464878,-119.438072,Unmodified,CALOES
LS010571,34.464230,-119.445518,Unmodified,CALOES
LS010572,34.463646,-119.437141,Unmodified,CAP
LS010573,34.463219,-119.440155,Unmodified,CAP
LS010574,34.463047,-119.445084,Unmodified,CALOES
LS010575,34.462017,-119.443130,Unmodified,CAP
LS010576,34.462326,-119.437843,Unmodified,CALOES
LS010577,34.461945,-119.435913,Unmodified,CALOES
LS010578,34.463104,-119.436279,Unmodified,CALOES
LS010579,34.461651,-119.440544,Unmodified,CAP
LS010580,34.460655,-119.439438,Unmodified,CALOES
LS010581,34.459866,-119.442482,Unmodified,CAP
LS010582,34.458897,-119.444046,Unmodified,CALOES
LS010583,34.456863,-119.440437,Unmodified,CALOES
LS010584,34.456028,-119.436180,Unmodified,CALOES
LS010585,34.456257,-119.434830,Unmodified,CALOES
LS010586,34.455559,-119.436852,Unmodified,CALOES
LS010587,34.455296,-119.437759,Unmodified,CALOES
LS010588,34.454880,-119.439087,Unmodified,CALOES
LS010589,34.454781,-119.439713,Unmodified,CALOES
LS010590,34.454769,-119.439827,Unmodified,CALOES
LS010591,34.454788,-119.440697,Unmodified,CALOES
LS010592,34.454628,-119.440857,Unmodified,CALOES
LS010593,34.454643,-119.443359,Unmodified,CALOES
LS010594,34.454582,-119.442871,Unmodified,CALOES
LS010595,34.454685,-119.445114,Unmodified,CALOES
LS010596,34.454582,-119.445175,Unmodified,CALOES
LS010597,34.455009,-119.443909,Unmodified,CALOES
LS010598,34.453472,-119.445244,Unmodified,CALOES
LS010599,34.453796,-119.440186,Unmodified,CALOES
LS010600,34.452251,-119.438980,Unmodified,CALOES
LS010601,34.452496,-119.440033,Unmodified,CALOES
LS010602,34.452888,-119.443314,Unmodified,CALOES
LS010603,34.454811,-119.438538,Unmodified,CALOES
LS010604,34.454803,-119.438324,Unmodified,CALOES
LS010605,34.454876,-119.438110,Unmodified,CALOES
LS010606,34.454948,-119.437904,Unmodified,CALOES
LS010607,34.455494,-119.436546,Unmodified,CALOES
LS010608,34.458130,-119.445267,Unmodified,CALOES
LS010609,34.458252,-119.441299,Unmodified,CAP
LS010610,34.458176,-119.441811,Unmodified,CAP
LS010611,34.450817,-119.440582,Unmodified,CAP
LS010612,34.450363,-119.441734,Unmodified,CAP
LS010613,34.450603,-119.445259,Unmodified,CALOES
LS010614,34.450661,-119.444656,Unmodified,CALOES
LS010615,34.450287,-119.445107,Unmodified,CALOES
LS010616,34.449940,-119.444679,Unmodified,CALOES
LS010617,34.450077,-119.443794,Unmodified,CALOES
LS010618,34.449669,-119.444664,Unmodified,CALOES
LS010619,34.449459,-119.444489,Unmodified,CALOES
LS010620,34.449287,-119.444458,Unmodified,CALOES
LS010621,34.449764,-119.444031,Unmodified,CALOES
LS010622,34.449501,-119.444305,Unmodified,CALOES
LS010623,34.448578,-119.436897,Unmodified,CALOES
LS010624,34.448444,-119.436966,Unmodified,CALOES
LS010625,34.448200,-119.437691,Unmodified,CALOES
LS010626,34.447990,-119.438454,Unmodified,CALOES
LS010627,34.447922,-119.438522,Unmodified,CALOES
LS010628,34.448292,-119.437561,Unmodified,CALOES
LS010629,34.448345,-119.442917,Unmodified,CALOES
LS010630,34.448238,-119.443130,Unmodified,CALOES
LS010631,34.448074,-119.443649,Unmodified,CALOES
LS010632,34.448376,-119.444008,Unmodified,CALOES
LS010633,34.448025,-119.443352,Unmodified,CALOES
LS010634,34.447002,-119.442329,Unmodified,CALOES
LS010635,34.447449,-119.440186,Unmodified,CALOES
LS010636,34.446121,-119.442322,Unmodified,CALOES
LS010637,34.443047,-119.443977,Unmodified,CALOES
LS010638,34.444000,-119.445229,Unmodified,CALOES
LS010639,34.443905,-119.441856,Unmodified,CALOES
LS010640,34.444466,-119.442360,Unmodified,CALOES
LS010641,34.451283,-119.444145,Unmodified,CALOES
LS010642,34.450184,-119.441818,Unmodified,CAP
LS010643,34.446476,-119.441925,Unmodified,CALOES
LS010644,34.446301,-119.441696,Unmodified,CALOES
LS010645,34.445599,-119.444229,Unmodified,CALOES
LS010646,34.442467,-119.437103,Unmodified,CALOES
LS010647,34.439236,-119.435051,Unmodified,CALOES
LS010648,34.439579,-119.437897,Unmodified,CALOES
LS010649,34.438457,-119.440468,Unmodified,CALOES
LS010650,34.438282,-119.440796,Unmodified,CALOES
LS010651,34.438156,-119.441246,Unmodified,CALOES
LS010652,34.436249,-119.444267,Unmodified,CALOES
LS010653,34.435226,-119.440399,Unmodified,CALOES
LS010654,34.435246,-119.440300,Unmodified,CALOES
LS010655,34.434952,-119.439659,Unmodified,CALOES
LS010656,34.442276,-119.438171,Unmodified,CALOES
LS010657,34.437073,-119.436424,Unmodified,CALOES
LS010658,34.436920,-119.436920,Unmodified,CALOES
LS010659,34.433983,-119.437080,Unmodified,CALOES
LS010660,34.434120,-119.437325,Unmodified,CAP
LS010661,34.431831,-119.443039,Unmodified,CALOES
LS010662,34.431530,-119.439934,Unmodified,CALOES
LS010663,34.431656,-119.439850,Unmodified,CALOES
LS010664,34.431736,-119.436356,Unmodified,CAP
LS010665,34.432426,-119.435532,Unmodified,CALOES
LS010666,34.432457,-119.435715,Unmodified,CALOES
LS010667,34.431618,-119.440231,Unmodified,CALOES
LS010668,34.431797,-119.438766,Unmodified,CALOES
LS010669,34.431805,-119.438904,Unmodified,CALOES
LS010670,34.431740,-119.438972,Unmodified,CALOES
LS010671,34.431561,-119.439468,Unmodified,CALOES
LS010672,34.431545,-119.439552,Unmodified,CALOES
LS010673,34.430225,-119.440536,Unmodified,CAP
LS010674,34.430252,-119.440613,Unmodified,CAP
LS010675,34.428352,-119.435486,Unmodified,CALOES
LS010676,34.428017,-119.435997,Unmodified,CALOES
LS010677,34.428387,-119.443253,Unmodified,CALOES
LS010678,34.428562,-119.444786,Unmodified,CALOES
LS010679,34.426586,-119.436844,Unmodified,CALOES
LS010680,34.422562,-119.435860,Unmodified,CALOES
LS010681,34.419621,-119.435226,Unmodified,CALOES
LS010682,34.419903,-119.435776,Unmodified,CALOES
LS010683,34.417511,-119.442345,Modified,CALOES
LS010684,34.415428,-119.437325,Unmodified,CAP
LS010685,34.415470,-119.437370,Unmodified,CAP
LS010686,34.414288,-119.434006,Unmodified,CAP
LS010687,34.414322,-119.434219,Unmodified,CAP
LS010688,34.413391,-119.443054,Unmodified,CALOES
LS010689,34.413490,-119.442986,Unmodified,CALOES
LS010690,34.413055,-119.435944,Unmodified,CAP
LS010691,34.412994,-119.433823,Unmodified,CAP
LS010692,34.412838,-119.434090,Unmodified,CAP
LS010693,34.412849,-119.434235,Unmodified,CAP
LS010694,34.413429,-119.442818,Unmodified,CALOES
LS010695,34.412811,-119.442169,Unmodified,CALOES
LS010696,34.410408,-119.442345,Unmodified,CALOES
LS010697,34.409855,-119.443382,Unmodified,CALOES
LS010698,34.409718,-119.443100,Unmodified,CALOES
LS010699,34.411167,-119.441551,Unmodified,CALOES
LS010700,34.411686,-119.439209,Unmodified,CALOES
LS010701,34.407719,-119.442284,Modified,CAP
LS010702,34.402672,-119.441826,Unmodified,CAP
LS010703,34.402599,-119.441910,Unmodified,CAP
LS010704,34.404091,-119.443802,-9999,CAP
LS010705,34.398510,-119.442993,Unmodified,CAP
LS010706,34.398663,-119.439514,Unmodified,CAP
LS010707,34.398403,-119.434952,Unmodified,CAP
LS010708,34.399204,-119.434402,Unmodified,CAP
LS010709,34.400124,-119.433273,Unmodified,CAP
LS010710,34.407005,-119.441940,Unmodified,CAP
LS010711,34.406845,-119.442162,Modified,CAP
LS010712,34.399628,-119.440498,Unmodified,CAP
LS010713,34.399532,-119.440254,Unmodified,CAP
LS010714,34.397774,-119.442345,-9999,CAP
LS010715,34.397682,-119.442284,-9999,CAP
LS010716,34.397530,-119.442238,-9999,CAP
LS010717,34.397038,-119.443291,Modified,CAP
LS010718,34.395241,-119.434235,Unmodified,CAP
LS010719,34.394718,-119.434189,Unmodified,CAP
LS010720,34.394814,-119.434387,Unmodified,CAP
LS010721,34.394695,-119.433632,Unmodified,CAP
LS010722,34.394474,-119.439529,Unmodified,CAP
LS010723,34.387218,-119.443245,Modified,CAP
LS010724,34.386890,-119.443230,Modified,CAP
LS010725,34.387157,-119.443253,Modified,CAP
LS010726,34.488499,-119.431389,Unmodified,CALOES
LS010727,34.488308,-119.431496,Unmodified,CALOES
LS010728,34.475662,-119.427422,Unmodified,CALOES
LS010729,34.465118,-119.427696,Unmodified,CALOES
LS010730,34.465794,-119.425072,Unmodified,CALOES
LS010731,34.461929,-119.433914,Unmodified,CALOES
LS010732,34.461945,-119.434418,Unmodified,CALOES
LS010733,34.462151,-119.432854,Unmodified,CALOES
LS010734,34.466072,-119.430252,Unmodified,CALOES
LS010735,34.453442,-119.424538,Unmodified,CAP
LS010736,34.453136,-119.423943,Unmodified,CAP
LS010737,34.452858,-119.423965,Unmodified,CALOES
LS010738,34.452797,-119.430794,Unmodified,CALOES
LS010739,34.453049,-119.432884,Unmodified,CALOES
LS010740,34.450253,-119.434319,Unmodified,CALOES
LS010741,34.444160,-119.430008,Unmodified,CAP
LS010742,34.446777,-119.428757,Unmodified,CAP
LS010743,34.445667,-119.425232,Unmodified,CALOES
LS010744,34.445736,-119.425026,Unmodified,CALOES
LS010745,34.445759,-119.424797,Unmodified,CALOES
LS010746,34.445633,-119.425720,Unmodified,CALOES
LS010747,34.445854,-119.424194,Unmodified,CALOES
LS010748,34.442219,-119.431778,Unmodified,CALOES
LS010749,34.442364,-119.430626,Unmodified,CALOES
LS010750,34.442806,-119.429596,Unmodified,CALOES
LS010751,34.442516,-119.429245,Unmodified,CALOES
LS010752,34.442795,-119.428802,Unmodified,CALOES
LS010753,34.438503,-119.429405,Unmodified,CAP
LS010754,34.437462,-119.423912,Unmodified,CAP
LS010755,34.436901,-119.425369,Unmodified,CAP
LS010756,34.437214,-119.427017,Unmodified,CAP
LS010757,34.437756,-119.427162,Unmodified,CAP
LS010758,34.436306,-119.432281,Unmodified,CAP
LS010759,34.436325,-119.432236,Unmodified,CAP
LS010760,34.436325,-119.432137,Unmodified,CAP
LS010761,34.436344,-119.432037,Unmodified,CAP
LS010762,34.428158,-119.427925,Unmodified,CAP
LS010763,34.426884,-119.424454,Unmodified,CAP
LS010764,34.426754,-119.432747,Unmodified,CAP
LS010765,34.425808,-119.430107,Unmodified,CAP
LS010766,34.420353,-119.426033,Modified,CAP
LS010767,34.420921,-119.427505,Modified,CAP
LS010768,34.422901,-119.424683,Unmodified,CALOES
LS010769,34.419559,-119.429337,Unmodified,CAP
LS010770,34.415863,-119.428925,Unmodified,CALOES
LS010771,34.415878,-119.428429,Unmodified,CALOES
LS010772,34.415718,-119.425873,Modified,CAP
LS010773,34.416229,-119.426575,Unmodified,CAP
LS010774,34.416397,-119.426056,Modified,CAP
LS010775,34.415829,-119.426010,Unmodified,CAP
LS010776,34.415421,-119.425957,Modified,CAP
LS010777,34.415413,-119.427025,Unmodified,CAP
LS010778,34.412041,-119.424522,Unmodified,CALOES
LS010779,34.412380,-119.432968,Unmodified,CALOES
LS010780,34.411160,-119.434097,Unmodified,CALOES
LS010781,34.410545,-119.429283,Unmodified,CALOES
LS010782,34.407734,-119.426392,Modified,CAP
LS010783,34.398346,-119.431900,Unmodified,CAP
LS010784,34.398716,-119.432617,Unmodified,CAP
LS010785,34.398468,-119.431252,Unmodified,CAP
LS010786,34.405563,-119.427620,Unmodified,CAP
LS010787,34.394306,-119.431969,Unmodified,CAP
LS010788,34.394321,-119.432167,Unmodified,CAP
LS010789,34.398174,-119.432175,Unmodified,CAP
LS010790,34.395073,-119.427849,Modified,CAP
LS010791,34.395134,-119.427689,Modified,CAP
LS010792,34.477943,-119.419807,Unmodified,CALOES
LS010793,34.475075,-119.418320,Unmodified,CALOES
LS010794,34.474796,-119.417458,Unmodified,CALOES
LS010795,34.474010,-119.417091,Unmodified,CALOES
LS010796,34.470852,-119.416565,Unmodified,CALOES
LS010797,34.470867,-119.416397,Unmodified,CALOES
LS010798,34.471054,-119.416298,Unmodified,CALOES
LS010799,34.470863,-119.422119,Unmodified,CALOES
LS010800,34.470837,-119.421982,Unmodified,CALOES
LS010801,34.468987,-119.419395,Unmodified,CALOES
LS010802,34.468929,-119.418236,Unmodified,CALOES
LS010803,34.470608,-119.414803,Unmodified,CALOES
LS010804,34.468166,-119.415520,Unmodified,CALOES
LS010805,34.468601,-119.414452,Unmodified,CALOES
LS010806,34.468422,-119.414268,Unmodified,CALOES
LS010807,34.468307,-119.413811,Unmodified,CALOES
LS010808,34.467369,-119.413933,Unmodified,CALOES
LS010809,34.466026,-119.417381,Unmodified,CALOES
LS010810,34.466358,-119.417885,Unmodified,CALOES
LS010811,34.466084,-119.415977,Unmodified,CALOES
LS010812,34.465431,-119.417976,Unmodified,CALOES
LS010813,34.465267,-119.416389,Unmodified,CALOES
LS010814,34.465275,-119.416115,Unmodified,CALOES
LS010815,34.465324,-119.415878,Unmodified,CALOES
LS010816,34.465275,-119.415710,Unmodified,CALOES
LS010817,34.465088,-119.415031,Unmodified,CALOES
LS010818,34.463959,-119.413261,Unmodified,CALOES
LS010819,34.462013,-119.417847,Unmodified,CALOES
LS010820,34.462151,-119.417229,Unmodified,CALOES
LS010821,34.461815,-119.415688,Unmodified,CALOES
LS010822,34.463768,-119.418930,Unmodified,CALOES
LS010823,34.460918,-119.422112,Unmodified,CALOES
LS010824,34.460773,-119.422272,Unmodified,CALOES
LS010825,34.461227,-119.421631,Unmodified,CALOES
LS010826,34.460739,-119.417091,Unmodified,CALOES
LS010827,34.460583,-119.416740,Unmodified,CALOES
LS010828,34.460556,-119.416321,Unmodified,CALOES
LS010829,34.460381,-119.415459,Unmodified,CALOES
LS010830,34.460098,-119.413185,Unmodified,CALOES
LS010831,34.453262,-119.421646,Modified,CALOES
LS010832,34.453068,-119.421928,Modified,CALOES
LS010833,34.458946,-119.416557,Unmodified,CALOES
LS010834,34.458183,-119.415291,Unmodified,CALOES
LS010835,34.457462,-119.416199,Unmodified,CALOES
LS010836,34.457008,-119.416580,Unmodified,CALOES
LS010837,34.456913,-119.416458,Unmodified,CALOES
LS010838,34.456924,-119.416046,Unmodified,CALOES
LS010839,34.456451,-119.415085,Unmodified,CALOES
LS010840,34.456444,-119.413429,Unmodified,CALOES
LS010841,34.456089,-119.422432,Unmodified,CALOES
LS010842,34.456066,-119.422287,Unmodified,CALOES
LS010843,34.456066,-119.421974,Unmodified,CALOES
LS010844,34.455959,-119.421822,Unmodified,CALOES
LS010845,34.453915,-119.420776,Unmodified,CALOES
LS010846,34.453232,-119.420830,Modified,CALOES
LS010847,34.453114,-119.420677,Modified,CALOES
LS010848,34.452534,-119.420189,-9999,CALOES
LS010849,34.452629,-119.419960,Modified,CALOES
LS010850,34.452408,-119.423050,Unmodified,CALOES
LS010851,34.452171,-119.421951,Unmodified,CALOES
LS010852,34.452400,-119.420616,Unmodified,CALOES
LS010853,34.451389,-119.414253,Modified,CALOES
LS010854,34.451443,-119.415085,Modified,CALOES
LS010855,34.451050,-119.414841,Modified,CALOES
LS010856,34.450718,-119.415833,Modified,CALOES
LS010857,34.450653,-119.416161,Modified,CALOES
LS010858,34.451057,-119.416023,Modified,CALOES
LS010859,34.444427,-119.421417,Unmodified,CALOES
LS010860,34.444180,-119.423203,-9999,CALOES
LS010861,34.444950,-119.422905,-9999,CALOES
LS010862,34.447506,-119.420990,Modified,CALOES
LS010863,34.447449,-119.422234,Unmodified,CALOES
LS010864,34.445930,-119.416397,Unmodified,CALOES
LS010865,34.446110,-119.416603,Unmodified,CALOES
LS010866,34.440510,-119.415016,Unmodified,CALOES
LS010867,34.440151,-119.414490,Unmodified,CALOES
LS010868,34.440182,-119.413330,Unmodified,CALOES
LS010869,34.440479,-119.413422,Unmodified,CALOES
LS010870,34.439373,-119.413559,Unmodified,CALOES
LS010871,34.437790,-119.421463,Unmodified,CALOES
LS010872,34.437550,-119.422188,Unmodified,CALOES
LS010873,34.434441,-119.417328,Modified,CALOES
LS010874,34.434299,-119.417480,Modified,CALOES
LS010875,34.433712,-119.414658,Unmodified,CALOES
LS010876,34.433399,-119.414162,Unmodified,CALOES
LS010877,34.433132,-119.414078,Unmodified,CALOES
LS010878,34.432747,-119.413124,Unmodified,CALOES
LS010879,34.431385,-119.420517,Unmodified,CALOES
LS010880,34.428974,-119.423256,Unmodified,CALOES
LS010881,34.429161,-119.423042,Unmodified,CALOES
LS010882,34.426075,-119.422951,Unmodified,CALOES
LS010883,34.425865,-119.412994,Unmodified,CALOES
LS010884,34.426144,-119.412819,Unmodified,CALOES
LS010885,34.426117,-119.412521,Unmodified,CALOES
LS010886,34.432674,-119.413330,Unmodified,CALOES
LS010887,34.431068,-119.417969,Unmodified,CALOES
LS010888,34.425220,-119.418793,Unmodified,CALOES
LS010889,34.425518,-119.413727,Unmodified,CALOES
LS010890,34.423065,-119.413322,Unmodified,CALOES
LS010891,34.419319,-119.416924,Unmodified,CALOES
LS010892,34.415962,-119.416878,Unmodified,CALOES
LS010893,34.415859,-119.416557,Unmodified,CALOES
LS010894,34.412121,-119.411629,Modified,CALOES
LS010895,34.410839,-119.412361,Modified,CALOES
LS010896,34.410656,-119.411804,-9999,CALOES
LS010897,34.410847,-119.412498,Modified,CALOES
LS010898,34.410797,-119.413261,Modified,CALOES
LS010899,34.410873,-119.413353,Modified,CALOES
LS010900,34.410728,-119.413940,Unmodified,CALOES
LS010901,34.411167,-119.415092,Modified,CALOES
LS010902,34.411095,-119.420685,Modified,CALOES
LS010903,34.409588,-119.420128,Unmodified,CALOES
LS010904,34.408672,-119.419235,Unmodified,CALOES
LS010905,34.408367,-119.418175,Unmodified,CALOES
LS010906,34.409599,-119.413620,Unmodified,CALOES
LS010907,34.409660,-119.413498,Unmodified,CALOES
LS010908,34.409794,-119.414619,Unmodified,CALOES
LS010909,34.407940,-119.412964,Unmodified,CALOES
LS010910,34.407959,-119.415276,Unmodified,CALOES
LS010911,34.408913,-119.421249,Modified,CALOES
LS010912,34.468292,-119.413307,Unmodified,CALOES
LS010913,34.468109,-119.412300,Unmodified,CALOES
LS010914,34.467739,-119.412651,Unmodified,CALOES
LS010915,34.464119,-119.412582,Unmodified,CALOES
LS010916,34.463074,-119.412178,Unmodified,CALOES
LS010917,34.462933,-119.412605,Unmodified,CALOES
LS010918,34.464771,-119.409790,Unmodified,CALOES
LS010919,34.464596,-119.409630,Unmodified,CALOES
LS010920,34.462944,-119.409821,Unmodified,CALOES
LS010921,34.462830,-119.409195,Unmodified,CALOES
LS010922,34.462425,-119.412018,Unmodified,CALOES
LS010923,34.462620,-119.412392,Unmodified,CALOES
LS010924,34.462486,-119.411728,Unmodified,CALOES
LS010925,34.462399,-119.411896,Unmodified,CALOES
LS010926,34.462597,-119.411194,Unmodified,CALOES
LS010927,34.462543,-119.410973,Unmodified,CALOES
LS010928,34.462402,-119.410797,Unmodified,CALOES
LS010929,34.462204,-119.410667,Unmodified,CALOES
LS010930,34.460148,-119.412094,Unmodified,CALOES
LS010931,34.460350,-119.412712,Unmodified,CALOES
LS010932,34.460709,-119.412491,Unmodified,CALOES
LS010933,34.461388,-119.411423,Unmodified,CALOES
LS010934,34.460857,-119.410210,Unmodified,CALOES
LS010935,34.460842,-119.410034,Unmodified,CALOES
LS010936,34.460091,-119.408638,Unmodified,CALOES
LS010937,34.460461,-119.408180,Unmodified,CALOES
LS010938,34.460274,-119.403389,Unmodified,CALOES
LS010939,34.458591,-119.402382,Unmodified,CALOES
LS010940,34.458954,-119.408943,Unmodified,CALOES
LS010941,34.456921,-119.412453,Unmodified,CALOES
LS010942,34.456879,-119.412323,Unmodified,CALOES
LS010943,34.457340,-119.411751,Unmodified,CALOES
LS010944,34.456512,-119.409729,Unmodified,CALOES
LS010945,34.456585,-119.409645,Unmodified,CALOES
LS010946,34.456936,-119.409607,Unmodified,CALOES
LS010947,34.456978,-119.407814,Unmodified,CALOES
LS010948,34.457676,-119.407822,Unmodified,CALOES
LS010949,34.456493,-119.407738,Unmodified,CALOES
LS010950,34.456738,-119.407463,Unmodified,CALOES
LS010951,34.456642,-119.407249,Unmodified,CALOES
LS010952,34.456165,-119.407845,Unmodified,CALOES
LS010953,34.456322,-119.406288,Unmodified,CALOES
LS010954,34.456337,-119.406189,Unmodified,CALOES
LS010955,34.456280,-119.406067,Unmodified,CALOES
LS010956,34.455944,-119.406013,Unmodified,CALOES
LS010957,34.456249,-119.405807,Unmodified,CALOES
LS010958,34.456032,-119.404732,Unmodified,CALOES
LS010959,34.456398,-119.402428,Unmodified,CALOES
LS010960,34.454338,-119.402260,Unmodified,CALOES
LS010961,34.454201,-119.402328,Unmodified,CALOES
LS010962,34.453754,-119.403091,Unmodified,CALOES
LS010963,34.453922,-119.403305,Unmodified,CALOES
LS010964,34.453590,-119.403831,Unmodified,CALOES
LS010965,34.454281,-119.404060,Unmodified,CALOES
LS010966,34.454315,-119.404167,Unmodified,CALOES
LS010967,34.454662,-119.404198,Unmodified,CALOES
LS010968,34.455139,-119.405235,Unmodified,CALOES
LS010969,34.456055,-119.405205,Unmodified,CALOES
LS010970,34.455208,-119.405418,Unmodified,CALOES
LS010971,34.455349,-119.405739,Unmodified,CALOES
LS010972,34.454681,-119.405121,Unmodified,CALOES
LS010973,34.454716,-119.405357,Unmodified,CALOES
LS010974,34.454643,-119.405411,Unmodified,CALOES
LS010975,34.454391,-119.406654,Unmodified,CALOES
LS010976,34.454651,-119.407112,Unmodified,CALOES
LS010977,34.454987,-119.406303,Unmodified,CALOES
LS010978,34.454998,-119.406982,Unmodified,CALOES
LS010979,34.454918,-119.407333,Unmodified,CALOES
LS010980,34.455109,-119.407562,Unmodified,CALOES
LS010981,34.454857,-119.408348,Unmodified,CALOES
LS010982,34.454956,-119.408592,Unmodified,CALOES
LS010983,34.455288,-119.407623,Unmodified,CALOES
LS010984,34.454803,-119.407875,Unmodified,CALOES
LS010985,34.454891,-119.409752,Unmodified,CALOES
LS010986,34.454945,-119.409492,Unmodified,CALOES
LS010987,34.455276,-119.408852,Unmodified,CALOES
LS010988,34.455185,-119.409103,Unmodified,CALOES
LS010989,34.455235,-119.409172,Unmodified,CALOES
LS010990,34.454350,-119.409103,Unmodified,CALOES
LS010991,34.454678,-119.410461,Unmodified,CALOES
LS010992,34.456482,-119.408730,Unmodified,CALOES
LS010993,34.455555,-119.409744,Unmodified,CALOES
LS010994,34.455593,-119.410080,Unmodified,CALOES
LS010995,34.455517,-119.410454,Unmodified,CALOES
LS010996,34.456211,-119.409645,Unmodified,CALOES
LS010997,34.455498,-119.412582,Unmodified,CALOES
LS010998,34.453503,-119.408134,Unmodified,CALOES
LS010999,34.453732,-119.407738,Unmodified,CALOES
LS011000,34.454029,-119.406746,Unmodified,CALOES
LS011001,34.453655,-119.406700,Unmodified,CALOES
LS011002,34.453579,-119.406616,Unmodified,CALOES
LS011003,34.453003,-119.407379,Unmodified,CALOES
LS011004,34.453045,-119.406746,Unmodified,CALOES
LS011005,34.453140,-119.406036,Unmodified,CALOES
LS011006,34.454445,-119.406303,Unmodified,CALOES
LS011007,34.461624,-119.409546,Unmodified,CALOES
LS011008,34.458618,-119.408409,Unmodified,CALOES
LS011009,34.455624,-119.408409,Unmodified,CALOES
LS011010,34.452812,-119.407417,Unmodified,CALOES
LS011011,34.452217,-119.406891,Unmodified,CALOES
LS011012,34.452293,-119.406303,Unmodified,CALOES
LS011013,34.452480,-119.405991,Unmodified,CALOES
LS011014,34.452061,-119.403656,Unmodified,CALOES
LS011015,34.452187,-119.402199,Unmodified,CALOES
LS011016,34.451046,-119.405121,Modified,CALOES
LS011017,34.449383,-119.410217,Unmodified,CALOES
LS011018,34.448483,-119.403465,Unmodified,CALOES
LS011019,34.448109,-119.403732,Unmodified,CALOES
LS011020,34.448471,-119.406464,Unmodified,CALOES
LS011021,34.447014,-119.404770,Unmodified,CALOES
LS011022,34.447182,-119.404945,Unmodified,CALOES
LS011023,34.446918,-119.404976,Unmodified,CALOES
LS011024,34.446476,-119.405167,Unmodified,CALOES
LS011025,34.447189,-119.406044,Unmodified,CALOES
LS011026,34.447353,-119.405937,Unmodified,CALOES
LS011027,34.452049,-119.404190,Unmodified,CALOES
LS011028,34.445450,-119.408203,Unmodified,CALOES
LS011029,34.440220,-119.411667,Unmodified,CALOES
LS011030,34.440411,-119.411743,Unmodified,CALOES
LS011031,34.440216,-119.409683,Unmodified,CALOES
LS011032,34.439823,-119.408554,Unmodified,CALOES
LS011033,34.439766,-119.408356,Unmodified,CALOES
LS011034,34.439678,-119.408028,Unmodified,CALOES
LS011035,34.439606,-119.408127,Unmodified,CALOES
LS011036,34.439049,-119.404541,Unmodified,CALOES
LS011037,34.438831,-119.407272,Unmodified,CALOES
LS011038,34.438198,-119.409058,Unmodified,CALOES
LS011039,34.438240,-119.409599,Unmodified,CALOES
LS011040,34.438004,-119.409531,Unmodified,CALOES
LS011041,34.438446,-119.409431,Unmodified,CALOES
LS011042,34.438217,-119.411247,Unmodified,CALOES
LS011043,34.436729,-119.404915,Unmodified,CALOES
LS011044,34.436634,-119.404861,Unmodified,CALOES
LS011045,34.435669,-119.405594,Unmodified,CALOES
LS011046,34.435791,-119.404366,Unmodified,CALOES
LS011047,34.435059,-119.411530,Unmodified,CALOES
LS011048,34.435497,-119.407761,Unmodified,CALOES
LS011049,34.435390,-119.403496,Unmodified,CALOES
LS011050,34.435223,-119.403137,Unmodified,CALOES
LS011051,34.440834,-119.412285,Unmodified,CALOES
LS011052,34.434849,-119.411270,Unmodified,CALOES
LS011053,34.433125,-119.408066,Unmodified,CALOES
LS011054,34.431583,-119.407753,Unmodified,CALOES
LS011055,34.431793,-119.407623,Unmodified,CALOES
LS011056,34.431435,-119.408371,Unmodified,CALOES
LS011057,34.430836,-119.410728,Unmodified,CALOES
LS011058,34.430859,-119.410088,Unmodified,CALOES
LS011059,34.431110,-119.410301,Unmodified,CALOES
LS011060,34.430668,-119.407776,Unmodified,CALOES
LS011061,34.426178,-119.411850,Unmodified,CALOES
LS011062,34.427345,-119.410309,Unmodified,CALOES
LS011063,34.425411,-119.411522,Unmodified,CALOES
LS011064,34.425594,-119.409218,Unmodified,CALOES
LS011065,34.425575,-119.408989,Unmodified,CALOES
LS011066,34.425793,-119.407677,Unmodified,CALOES
LS011067,34.425858,-119.407539,Unmodified,CALOES
LS011068,34.425793,-119.407341,Unmodified,CALOES
LS011069,34.425488,-119.407700,Unmodified,CALOES
LS011070,34.426041,-119.404869,Unmodified,CALOES
LS011071,34.425961,-119.403603,Unmodified,CALOES
LS011072,34.426243,-119.403236,Unmodified,CALOES
LS011073,34.424088,-119.411461,Unmodified,CALOES
LS011074,34.424042,-119.411667,Unmodified,CALOES
LS011075,34.422443,-119.411682,Unmodified,CALOES
LS011076,34.425285,-119.410194,Unmodified,CALOES
LS011077,34.424412,-119.406410,Unmodified,CALOES
LS011078,34.410221,-119.411308,Unmodified,CALOES
LS011079,34.410461,-119.410645,Unmodified,CALOES
LS011080,34.409882,-119.409454,Unmodified,CALOES
LS011081,34.414654,-119.409004,Modified,CALOES
LS011082,34.461491,-119.401375,Unmodified,CALOES
LS011083,34.461376,-119.399963,Unmodified,CALOES
LS011084,34.459183,-119.398544,Unmodified,CALOES
LS011085,34.458866,-119.398193,Unmodified,CALOES
LS011086,34.458866,-119.396797,Unmodified,CALOES
LS011087,34.458302,-119.396828,Unmodified,CALOES
LS011088,34.458122,-119.397903,Unmodified,CALOES
LS011089,34.456181,-119.401199,Unmodified,CALOES
LS011090,34.454044,-119.401611,Unmodified,CALOES
LS011091,34.454605,-119.401665,Unmodified,CALOES
LS011092,34.454418,-119.401184,Unmodified,CALOES
LS011093,34.454895,-119.401329,Unmodified,CALOES
LS011094,34.454559,-119.399384,Unmodified,CALOES
LS011095,34.454617,-119.401146,Unmodified,CALOES
LS011096,34.460709,-119.399246,Unmodified,CALOES
LS011097,34.478058,-119.638962,Unmodified,USGS
LS011098,34.477291,-119.634254,Unmodified,USGS
LS011099,34.477356,-119.634247,Unmodified,USGS
LS011100,34.475605,-119.668747,Unmodified,USGS
LS011101,34.474655,-119.671539,Unmodified,USGS
LS011102,34.476894,-119.630463,Unmodified,USGS
LS011103,34.476406,-119.625343,Unmodified,USGS
LS011104,34.476177,-119.624016,Unmodified,USGS
LS011105,34.475609,-119.625771,Unmodified,USGS
LS011106,34.478104,-119.590950,-9999,USGS
LS011107,34.471939,-119.678253,Modified,USGS
LS011108,34.472229,-119.677979,Modified,USGS
LS011109,34.470585,-119.658180,Unmodified,USGS
LS011110,34.470749,-119.658089,Unmodified,USGS
LS011111,34.467808,-119.658012,Unmodified,USGS
LS011112,34.467411,-119.660095,Unmodified,USGS
LS011113,34.468422,-119.663528,Unmodified,USGS
LS011114,34.468105,-119.646980,Unmodified,USGS
LS011115,34.467350,-119.640671,Unmodified,USGS
LS011116,34.459873,-119.635094,Modified,USGS
LS011117,34.484863,-119.807671,-9999,CALOES
LS011118,34.484455,-119.808762,Modified,CALOES
LS011119,34.484093,-119.807861,-9999,CALOES
LS011120,34.482403,-119.811157,Unmodified,CALOES
LS011121,34.477398,-119.812698,Modified,CALOES
LS011122,34.506721,-119.802986,Unmodified,CALOES
LS011123,34.485741,-119.803635,Modified,CALOES
LS011124,34.485096,-119.797081,Modified,CALOES
LS011125,34.484856,-119.796104,Modified,CALOES
LS011126,34.471252,-119.799202,Modified,CALOES
LS011127,34.492012,-119.791901,Modified,CALOES
LS011128,34.491440,-119.794022,-9999,CALOES
LS011129,34.498272,-119.781830,Unmodified,CALOES
LS011130,34.495003,-119.780861,Unmodified,CALOES
LS011131,34.491467,-119.777946,Modified,CALOES
LS011132,34.472778,-119.778839,-9999,CALOES
LS011133,34.470955,-119.780586,Modified,CALOES
LS011134,34.500828,-119.764610,Unmodified,CALOES
LS011135,34.500774,-119.764870,Unmodified,CALOES
LS011136,34.500877,-119.766281,Unmodified,CALOES
LS011137,34.500023,-119.768417,Unmodified,CALOES
LS011138,34.498764,-119.767586,Unmodified,CALOES
LS011139,34.485252,-119.767464,Unmodified,CALOES
LS011140,34.470161,-119.768463,Modified,CALOES
LS011141,34.492168,-119.755272,Unmodified,CALOES
LS011142,34.491676,-119.755180,Unmodified,CALOES
LS011143,34.491375,-119.755196,Unmodified,CALOES
LS011144,34.491451,-119.755112,Unmodified,CALOES
LS011145,34.491104,-119.752602,Unmodified,CALOES
LS011146,34.492123,-119.755882,Unmodified,CALOES
LS011147,34.492161,-119.754829,Unmodified,CALOES
LS011148,34.489674,-119.757202,Unmodified,CALOES
LS011149,34.488083,-119.753525,Unmodified,CALOES
LS011150,34.487778,-119.753944,Unmodified,CALOES
LS011151,34.487801,-119.754242,Unmodified,CALOES
LS011152,34.487000,-119.758530,Unmodified,CALOES
LS011153,34.484074,-119.754120,Modified,CALOES
LS011154,34.483982,-119.754166,Modified,CALOES
LS011155,34.483921,-119.759552,-9999,CALOES
LS011156,34.481926,-119.751404,Unmodified,CALOES
LS011157,34.482227,-119.754280,Modified,CALOES
LS011158,34.480431,-119.760406,Unmodified,CALOES
LS011159,34.477047,-119.761528,Modified,CALOES
LS011160,34.476570,-119.752800,Modified,CALOES
LS011161,34.472210,-119.751953,Unmodified,CALOES
LS011162,34.511833,-119.751976,Modified,CALOES
LS011163,34.500202,-119.750755,Unmodified,CALOES
LS011164,34.484516,-119.750633,Unmodified,CALOES
LS011165,34.483513,-119.750931,Unmodified,CALOES
LS011166,34.474915,-119.717598,Unmodified,CALOES
LS011167,34.464546,-119.678947,Unmodified,USGS
LS011168,34.464806,-119.675247,Modified,USGS
LS011169,34.447205,-119.665077,Modified,CALOES
LS011170,34.430904,-119.585426,Modified,CALOES
LS011171,34.430721,-119.585510,Modified,CALOES
LS011172,34.430527,-119.585602,Modified,CALOES
LS011173,34.427250,-119.585014,Modified,CALOES
LS011174,34.445251,-119.575851,Unmodified,USGS
LS011175,34.444111,-119.560219,Modified,USGS
LS011176,34.444164,-119.559891,Modified,USGS
LS011177,34.444218,-119.559517,Modified,USGS
LS011178,34.443829,-119.558647,Modified,USGS
LS011179,34.443642,-119.558884,Modified,USGS
LS011180,34.443966,-119.558472,Modified,USGS
LS011181,34.453018,-119.547142,Unmodified,CALOES
LS011182,34.453148,-119.547150,Unmodified,CALOES
LS011183,34.451347,-119.549576,Unmodified,USGS
LS011184,34.425274,-119.548996,Unmodified,CALOES
LS011185,34.440544,-119.535439,Unmodified,CALOES
LS011186,34.440250,-119.539230,Modified,CALOES
LS011187,34.445374,-119.539879,Modified,CALOES
LS011188,34.445515,-119.540085,Modified,CALOES
LS011189,34.445297,-119.541168,Modified,CALOES
LS011190,34.449181,-119.536667,Unmodified,CALOES
LS011191,34.449459,-119.538620,Modified,CALOES
LS011192,34.450916,-119.539680,Unmodified,CALOES
LS011193,34.453041,-119.536110,Unmodified,CALOES
LS011194,34.453144,-119.540405,Unmodified,CALOES
LS011195,34.457024,-119.537910,Modified,CALOES
LS011196,34.460548,-119.543381,Unmodified,CALOES
LS011197,34.461071,-119.538971,Unmodified,CALOES
LS011198,34.450180,-119.525742,Unmodified,CALOES
LS011199,34.451294,-119.532616,Unmodified,CALOES
LS011200,34.451321,-119.528076,Unmodified,CALOES
LS011201,34.462639,-119.511871,Unmodified,CALOES
LS011202,34.456551,-119.514183,Unmodified,CALOES
LS011203,34.433929,-119.518913,Unmodified,CALOES
LS011204,34.438419,-119.517677,Unmodified,CALOES
LS011205,34.439060,-119.519508,Unmodified,CALOES
LS011206,34.439339,-119.519325,Unmodified,CALOES
LS011207,34.440529,-119.521019,Unmodified,CALOES
LS011208,34.446167,-119.516747,Unmodified,CALOES
LS011209,34.450878,-119.513702,Unmodified,CALOES
LS011210,34.453495,-119.513573,Unmodified,CALOES
LS011211,34.453701,-119.513733,Unmodified,CALOES
LS011212,34.452671,-119.508095,Unmodified,CALOES
LS011213,34.452187,-119.503952,Unmodified,CALOES
LS011214,34.450455,-119.501610,Unmodified,CALOES
LS011215,34.450405,-119.502060,Unmodified,CALOES
LS011216,34.455708,-119.499161,Unmodified,CALOES
LS011217,34.455696,-119.499023,Unmodified,CALOES
LS011218,34.449875,-119.495628,Unmodified,CALOES
LS011219,34.448105,-119.492844,Unmodified,CALOES
LS011220,34.444462,-119.493790,Unmodified,CALOES
LS011221,34.440426,-119.484543,Unmodified,CALOES
LS011222,34.442284,-119.481155,Unmodified,CALOES
LS011223,34.455147,-119.481453,Unmodified,CALOES
LS011224,34.455200,-119.481659,Unmodified,CALOES
LS011225,34.471798,-119.483437,Unmodified,CALOES
LS011226,34.464821,-119.475510,Unmodified,CALOES
LS011227,34.454296,-119.477638,Unmodified,CALOES
LS011228,34.443573,-119.474983,Unmodified,CALOES
LS011229,34.418442,-119.469490,Unmodified,CALOES
LS011230,34.410984,-119.474731,Unmodified,CAP
LS011231,34.446785,-119.464600,Unmodified,CALOES
LS011232,34.461514,-119.467018,Unmodified,CALOES
LS011233,34.468826,-119.465164,Unmodified,CALOES
LS011234,34.488506,-119.450401,Unmodified,CALOES
LS011235,34.461811,-119.455696,Unmodified,CALOES
LS011236,34.458618,-119.451500,Unmodified,CALOES
LS011237,34.437347,-119.450264,Unmodified,CALOES
LS011238,34.437584,-119.450386,Unmodified,CALOES
LS011239,34.436119,-119.451286,Unmodified,CALOES
LS011240,34.427620,-119.446144,Unmodified,CALOES
LS011241,34.428185,-119.449425,-9999,CALOES
LS011242,34.416225,-119.454773,Unmodified,CALOES
LS011243,34.416885,-119.455803,Unmodified,CALOES
LS011244,34.415962,-119.454056,Unmodified,CALOES
LS011245,34.388435,-119.452072,Modified,CAP
LS011246,34.388237,-119.451965,Modified,CAP
LS011247,34.388130,-119.451942,Modified,CAP
LS011248,34.401253,-119.443924,-9999,CAP
LS011249,34.401154,-119.443810,-9999,CAP
LS011250,34.401382,-119.444054,Modified,CAP
LS011251,34.411514,-119.434769,Modified,CALOES
LS011252,34.474258,-119.427338,Unmodified,CALOES
LS011253,34.474205,-119.426208,Unmodified,CALOES
LS011254,34.444786,-119.414497,Unmodified,CALOES
LS011255,34.445644,-119.414604,Unmodified,CALOES
LS011256,34.452374,-119.418083,Modified,CALOES
LS011257,34.452400,-119.417908,Modified,CALOES
LS011258,34.452572,-119.419373,Modified,CALOES
LS011259,34.453358,-119.416634,Unmodified,CALOES
LS011260,34.453823,-119.421387,Unmodified,CALOES
LS011261,34.453922,-119.422424,Unmodified,CALOES
LS011262,34.455101,-119.421066,Unmodified,CALOES
LS011263,34.464542,-119.418869,Unmodified,CALOES
LS011264,34.464645,-119.419304,Unmodified,CALOES
LS011265,34.464527,-119.419853,Unmodified,CALOES
LS011266,34.465034,-119.420990,Unmodified,CALOES
LS011267,34.473457,-119.418442,Unmodified,CALOES
LS011268,34.431664,-119.409492,Unmodified,CALOES
LS011269,34.445873,-119.463692,Unmodified,CALOES
LS011270,34.462181,-119.697685,Modified,USGS
LS011271,34.460064,-119.702187,Modified,USGS
LS011272,34.460144,-119.702034,Modified,USGS
LS011273,34.475006,-119.692619,Unmodified,USGS
LS011274,34.474960,-119.693474,Unmodified,USGS
LS011275,34.461670,-119.685921,Modified,USGS
LS011276,34.461514,-119.685837,Modified,USGS
LS011277,34.456512,-119.688744,Modified,USGS
LS011278,34.453522,-119.685425,Modified,USGS
LS011279,34.475006,-119.678329,Unmodified,USGS
LS011280,34.471252,-119.678612,Modified,USGS
LS011281,34.468899,-119.676949,Modified,USGS
LS011282,34.468525,-119.676971,Modified,USGS
LS011283,34.465046,-119.678894,-9999,USGS
LS011284,34.463978,-119.678879,Unmodified,USGS
LS011285,34.463882,-119.678818,Unmodified,USGS
LS011286,34.462227,-119.676208,Modified,USGS
LS011287,34.461617,-119.676842,-9999,USGS
LS011288,34.461472,-119.679024,Modified,USGS
LS011289,34.461010,-119.683876,Modified,USGS
LS011290,34.460876,-119.683907,-9999,USGS
LS011291,34.459564,-119.680084,-9999,USGS
LS011292,34.459435,-119.680016,-9999,USGS
LS011293,34.459164,-119.680008,-9999,USGS
LS011294,34.457939,-119.675598,Modified,USGS
LS011295,34.456783,-119.683998,Modified,USGS
LS011296,34.456753,-119.683983,Modified,USGS
LS011297,34.456615,-119.685043,Modified,USGS
LS011298,34.456436,-119.683975,-9999,USGS
LS011299,34.456268,-119.684067,-9999,USGS
LS011300,34.456364,-119.681953,Modified,USGS
LS011301,34.453312,-119.683678,Modified,USGS
LS011302,34.453236,-119.683723,Modified,USGS
LS011303,34.453178,-119.683746,Modified,USGS
LS011304,34.453026,-119.684258,Modified,USGS
LS011305,34.452824,-119.683937,Modified,USGS
LS011306,34.452744,-119.684090,Modified,USGS
LS011307,34.452679,-119.684105,Modified,USGS
LS011308,34.452568,-119.684128,Modified,USGS
LS011309,34.452728,-119.682983,Modified,USGS
LS011310,34.455555,-119.676605,Modified,USGS
LS011311,34.453365,-119.674187,Unmodified,USGS
LS011312,34.451996,-119.675117,Unmodified,USGS
LS011313,34.468746,-119.670853,Unmodified,USGS
LS011314,34.474384,-119.664078,Unmodified,USGS
LS011315,34.462238,-119.669800,Unmodified,USGS
LS011316,34.459694,-119.667007,Unmodified,USGS
LS011317,34.459335,-119.669899,Modified,USGS
LS011318,34.458927,-119.671028,Modified,USGS
LS011319,34.458096,-119.669777,Modified,USGS
LS011320,34.458237,-119.672943,Modified,USGS
LS011321,34.457172,-119.671631,Unmodified,USGS
LS011322,34.456688,-119.671501,-9999,USGS
LS011323,34.456993,-119.664497,Modified,USGS
LS011324,34.456425,-119.664131,Modified,USGS
LS011325,34.457405,-119.672859,-9999,USGS
LS011326,34.458019,-119.674225,-9999,USGS
LS011327,34.457947,-119.674141,-9999,USGS
LS011328,34.458477,-119.674103,-9999,USGS
LS011329,34.459156,-119.670715,Modified,USGS
LS011330,34.459446,-119.670181,Modified,USGS
LS011331,34.459400,-119.670097,Modified,USGS
LS011332,34.457977,-119.668297,Unmodified,USGS
LS011333,34.457649,-119.673981,Unmodified,USGS
LS011334,34.456318,-119.672676,Modified,USGS
LS011335,34.456223,-119.672020,Modified,USGS
LS011336,34.456295,-119.671974,Modified,USGS
LS011337,34.456322,-119.671898,Modified,USGS
LS011338,34.456345,-119.671745,Modified,USGS
LS011339,34.455864,-119.663757,Modified,USGS
LS011340,34.453770,-119.673576,Unmodified,USGS
LS011341,34.452480,-119.667755,-9999,USGS
LS011342,34.452065,-119.666161,Modified,USGS
LS011343,34.451050,-119.673569,Modified,USGS
LS011344,34.451160,-119.673500,Modified,USGS
LS011345,34.451225,-119.673477,Modified,USGS
LS011346,34.451244,-119.673500,Modified,USGS
LS011347,34.452141,-119.674042,Modified,USGS
LS011348,34.452625,-119.673912,Unmodified,USGS
LS011349,34.485012,-119.659218,Unmodified,USGS
LS011350,34.485794,-119.656776,Unmodified,USGS
LS011351,34.475037,-119.662560,Unmodified,USGS
LS011352,34.474739,-119.662300,Unmodified,USGS
LS011353,34.474121,-119.662292,Unmodified,USGS
LS011354,34.474537,-119.657860,Unmodified,USGS
LS011355,34.470062,-119.655609,Unmodified,USGS
LS011356,34.467556,-119.658142,Unmodified,USGS
LS011357,34.466328,-119.655869,Unmodified,USGS
LS011358,34.466251,-119.661240,Unmodified,USGS
LS011359,34.466244,-119.661560,Unmodified,USGS
LS011360,34.467152,-119.662300,Unmodified,USGS
LS011361,34.469002,-119.657471,Unmodified,USGS
LS011362,34.468407,-119.662659,Unmodified,USGS
LS011363,34.464577,-119.659653,Unmodified,USGS
LS011364,34.462627,-119.654572,Unmodified,USGS
LS011365,34.462917,-119.654434,Unmodified,USGS
LS011366,34.462566,-119.661461,Unmodified,USGS
LS011367,34.460983,-119.660393,Unmodified,USGS
LS011368,34.461082,-119.660057,Unmodified,USGS
LS011369,34.460835,-119.660080,Unmodified,USGS
LS011370,34.460510,-119.661636,Modified,USGS
LS011371,34.459023,-119.655853,Unmodified,USGS
LS011372,34.458363,-119.655197,Unmodified,USGS
LS011373,34.457787,-119.655090,Unmodified,USGS
LS011374,34.458580,-119.658134,Modified,USGS
LS011375,34.465229,-119.657768,Unmodified,USGS
LS011376,34.453983,-119.652412,Modified,USGS
LS011377,34.453815,-119.652496,Modified,USGS
LS011378,34.477909,-119.645729,Unmodified,USGS
LS011379,34.477695,-119.645584,Unmodified,USGS
LS011380,34.477547,-119.645874,Unmodified,USGS
LS011381,34.470615,-119.645088,Unmodified,USGS
LS011382,34.460613,-119.642632,Unmodified,USGS
LS011383,34.457954,-119.645782,Unmodified,USGS
LS011384,34.455849,-119.652100,Unmodified,USGS
LS011385,34.454899,-119.651978,Unmodified,USGS
LS011386,34.455063,-119.651901,Unmodified,USGS
LS011387,34.455250,-119.651787,Unmodified,USGS
LS011388,34.455357,-119.651848,Unmodified,USGS
LS011389,34.465336,-119.645103,Unmodified,USGS
LS011390,34.478558,-119.637848,-9999,USGS
LS011391,34.479061,-119.635887,Unmodified,USGS
LS011392,34.478058,-119.635689,Unmodified,USGS
LS011393,34.478458,-119.636322,Unmodified,USGS
LS011394,34.467270,-119.639740,Unmodified,USGS
LS011395,34.467663,-119.637291,Unmodified,USGS
LS011396,34.466854,-119.640167,Unmodified,USGS
LS011397,34.466877,-119.640030,Unmodified,USGS
LS011398,34.467148,-119.640541,Unmodified,USGS
LS011399,34.469387,-119.637787,Unmodified,USGS
LS011400,34.465416,-119.641281,Unmodified,USGS
LS011401,34.465580,-119.641228,Unmodified,USGS
LS011402,34.464706,-119.640022,Unmodified,USGS
LS011403,34.465500,-119.636436,Unmodified,USGS
LS011404,34.465263,-119.635239,Unmodified,USGS
LS011405,34.465096,-119.635300,Unmodified,USGS
LS011406,34.463524,-119.631340,Unmodified,USGS
LS011407,34.460571,-119.633835,Unmodified,USGS
LS011408,34.461937,-119.635498,Unmodified,USGS
LS011409,34.460773,-119.635765,Modified,USGS
LS011410,34.460743,-119.635475,Modified,USGS
LS011411,34.460995,-119.636131,Unmodified,USGS
LS011412,34.460892,-119.637726,Modified,USGS
LS011413,34.460739,-119.637794,Modified,USGS
LS011414,34.460655,-119.637772,Modified,USGS
LS011415,34.460911,-119.638634,Modified,USGS
LS011416,34.460472,-119.638405,Modified,USGS
LS011417,34.461170,-119.638489,Modified,USGS
LS011418,34.459557,-119.636200,Unmodified,USGS
LS011419,34.459148,-119.636513,Unmodified,USGS
LS011420,34.459946,-119.634247,Unmodified,USGS
LS011421,34.458931,-119.634995,Modified,USGS
LS011422,34.458347,-119.633209,Unmodified,USGS
LS011423,34.458279,-119.632790,Unmodified,USGS
LS011424,34.458942,-119.632950,Modified,USGS
LS011425,34.461590,-119.638779,Modified,USGS
LS011426,34.461609,-119.638489,Modified,USGS
LS011427,34.461742,-119.638931,Modified,USGS
LS011428,34.464046,-119.640434,Unmodified,USGS
LS011429,34.462643,-119.633934,Unmodified,USGS
LS011430,34.461529,-119.640259,Unmodified,USGS
LS011431,34.451611,-119.630684,Unmodified,USGS
LS011432,34.478935,-119.624031,Unmodified,USGS
LS011433,34.477875,-119.622902,Unmodified,USGS
LS011434,34.477711,-119.624268,Unmodified,USGS
LS011435,34.476662,-119.625580,Unmodified,USGS
LS011436,34.476295,-119.625427,Unmodified,USGS
LS011437,34.475826,-119.624840,Unmodified,USGS
LS011438,34.477360,-119.628853,Unmodified,USGS
LS011439,34.469883,-119.627808,Unmodified,USGS
LS011440,34.469944,-119.627609,Unmodified,USGS
LS011441,34.466934,-119.625374,Unmodified,USGS
LS011442,34.464516,-119.630013,Unmodified,USGS
LS011443,34.464035,-119.629311,Unmodified,USGS
LS011444,34.465134,-119.630066,Unmodified,USGS
LS011445,34.465218,-119.629387,Unmodified,USGS
LS011446,34.465206,-119.629959,Unmodified,USGS
LS011447,34.464497,-119.628716,Unmodified,USGS
LS011448,34.463455,-119.622307,Unmodified,USGS
LS011449,34.463161,-119.620430,Unmodified,USGS
LS011450,34.461979,-119.630867,Unmodified,USGS
LS011451,34.460846,-119.630379,Unmodified,USGS
LS011452,34.460812,-119.630150,Unmodified,USGS
LS011453,34.460930,-119.629654,Unmodified,USGS
LS011454,34.460388,-119.629478,Unmodified,USGS
LS011455,34.460468,-119.628349,Unmodified,USGS
LS011456,34.460384,-119.628311,Unmodified,USGS
LS011457,34.460480,-119.628120,Unmodified,USGS
LS011458,34.460545,-119.627983,Unmodified,USGS
LS011459,34.460388,-119.629257,Unmodified,USGS
LS011460,34.460278,-119.626572,Unmodified,USGS
LS011461,34.459690,-119.621964,Unmodified,USGS
LS011462,34.459579,-119.621994,Unmodified,USGS
LS011463,34.459267,-119.620491,Unmodified,USGS
LS011464,34.459206,-119.625969,Unmodified,USGS
LS011465,34.458904,-119.630196,Unmodified,USGS
LS011466,34.457859,-119.630592,-9999,USGS
LS011467,34.458069,-119.630157,Modified,USGS
LS011468,34.457821,-119.629730,Modified,USGS
LS011469,34.458347,-119.627541,Unmodified,USGS
LS011470,34.458443,-119.627907,Unmodified,USGS
LS011471,34.453953,-119.628296,Modified,USGS
LS011472,34.452244,-119.625862,Unmodified,USGS
LS011473,34.476475,-119.617813,Unmodified,USGS
LS011474,34.465347,-119.619911,Unmodified,USGS
LS011475,34.464237,-119.619629,Unmodified,USGS
LS011476,34.464329,-119.619263,Unmodified,USGS
LS011477,34.464432,-119.618912,Unmodified,USGS
LS011478,34.463951,-119.619141,Unmodified,USGS
LS011479,34.463997,-119.618858,Unmodified,USGS
LS011480,34.463776,-119.615524,Unmodified,USGS
LS011481,34.463547,-119.612679,Unmodified,USGS
LS011482,34.463543,-119.610435,Unmodified,USGS
LS011483,34.463459,-119.610252,Unmodified,USGS
LS011484,34.462864,-119.612328,Unmodified,USGS
LS011485,34.460224,-119.613770,Unmodified,USGS
LS011486,34.461029,-119.615494,Unmodified,USGS
LS011487,34.463634,-119.619766,Unmodified,USGS
LS011488,34.463718,-119.619560,Unmodified,USGS
LS011489,34.463783,-119.619209,Unmodified,USGS
LS011490,34.463650,-119.618896,Unmodified,USGS
LS011491,34.460827,-119.611313,Unmodified,USGS
LS011492,34.460419,-119.611359,Unmodified,USGS
LS011493,34.460548,-119.609619,Unmodified,USGS
LS011494,34.460121,-119.609268,Unmodified,USGS
LS011495,34.458149,-119.609657,Unmodified,USGS
LS011496,34.458561,-119.616669,Unmodified,USGS
LS011497,34.456661,-119.616371,Modified,USGS
LS011498,34.457039,-119.617233,Modified,USGS
LS011499,34.457176,-119.617188,Modified,USGS
LS011500,34.456413,-119.617561,Unmodified,USGS
LS011501,34.452198,-119.618217,Unmodified,USGS
LS011502,34.452389,-119.618027,Unmodified,USGS
LS011503,34.472382,-119.601509,Modified,USGS
LS011504,34.472488,-119.601418,Modified,USGS
LS011505,34.464123,-119.600563,Unmodified,USGS
LS011506,34.465389,-119.599464,-9999,USGS
LS011507,34.465233,-119.600525,Modified,USGS
LS011508,34.465302,-119.600311,Modified,USGS
LS011509,34.465298,-119.603027,Modified,USGS
LS011510,34.465443,-119.603088,Modified,USGS
LS011511,34.463890,-119.606178,Unmodified,USGS
LS011512,34.464851,-119.606621,Unmodified,USGS
LS011513,34.463749,-119.607597,Unmodified,USGS
LS011514,34.458111,-119.602455,Unmodified,USGS
LS011515,34.458153,-119.605263,Unmodified,USGS
LS011516,34.457607,-119.608925,Unmodified,USGS
LS011517,34.457809,-119.602524,Unmodified,USGS
LS011518,34.457027,-119.603844,Unmodified,USGS
LS011519,34.456383,-119.602631,Modified,USGS
LS011520,34.456333,-119.602509,Modified,USGS
LS011521,34.456429,-119.601265,Modified,USGS
LS011522,34.456360,-119.601181,Modified,USGS
LS011523,34.456295,-119.601158,Modified,USGS
LS011524,34.455280,-119.600922,Unmodified,USGS
LS011525,34.451031,-119.603622,Unmodified,USGS
LS011526,34.452862,-119.602867,Unmodified,USGS
LS011527,34.452099,-119.603035,Unmodified,USGS
LS011528,34.452518,-119.602821,Unmodified,USGS
LS011529,34.452011,-119.600174,Modified,USGS
LS011530,34.450581,-119.608414,Unmodified,USGS
LS011531,34.457047,-119.600159,Unmodified,USGS
LS011532,34.469048,-119.588547,-9999,USGS
LS011533,34.465122,-119.594833,Unmodified,USGS
LS011534,34.465816,-119.595940,Modified,USGS
LS011535,34.465874,-119.595779,Modified,USGS
LS011536,34.465080,-119.595795,Unmodified,USGS
LS011537,34.465107,-119.589760,Unmodified,USGS
LS011538,34.464161,-119.588768,Modified,USGS
LS011539,34.464645,-119.588120,Unmodified,USGS
LS011540,34.463730,-119.588142,Modified,USGS
LS011541,34.459026,-119.588249,Unmodified,USGS
LS011542,34.460220,-119.587944,Unmodified,USGS
LS011543,34.460155,-119.588081,Unmodified,USGS
LS011544,34.460835,-119.587547,Modified,USGS
LS011545,34.461029,-119.587593,Modified,USGS
LS011546,34.464314,-119.589653,Unmodified,USGS
LS011547,34.464218,-119.589867,Unmodified,USGS
LS011548,34.464912,-119.598030,Modified,USGS
LS011549,34.457718,-119.595932,Modified,USGS
LS011550,34.457638,-119.595848,-9999,USGS
LS011551,34.457592,-119.595825,-9999,USGS
LS011552,34.456303,-119.591042,-9999,USGS
LS011553,34.456001,-119.591278,Modified,USGS
LS011554,34.456032,-119.591896,Modified,USGS
LS011555,34.454601,-119.592720,Unmodified,USGS
LS011556,34.453892,-119.587906,Modified,USGS
LS011557,34.454552,-119.587593,Unmodified,USGS
LS011558,34.450832,-119.597359,Unmodified,USGS
LS011559,34.452927,-119.596535,Unmodified,USGS
LS011560,34.456745,-119.596344,Unmodified,USGS
LS011561,34.455761,-119.594780,Modified,USGS
LS011562,34.473198,-119.581306,Unmodified,USGS
LS011563,34.473400,-119.581070,Unmodified,USGS
LS011564,34.472950,-119.581139,Unmodified,USGS
LS011565,34.463818,-119.584450,Unmodified,USGS
LS011566,34.464092,-119.585243,Unmodified,USGS
LS011567,34.462688,-119.584480,Unmodified,USGS
LS011568,34.463551,-119.582672,Unmodified,USGS
LS011569,34.463596,-119.582809,Unmodified,USGS
LS011570,34.461571,-119.580292,Unmodified,USGS
LS011571,34.459972,-119.580719,Unmodified,USGS
LS011572,34.459759,-119.580788,Unmodified,USGS
LS011573,34.459866,-119.580040,Unmodified,USGS
LS011574,34.459427,-119.579964,Unmodified,USGS
LS011575,34.460117,-119.579071,Unmodified,USGS
LS011576,34.459251,-119.578117,Unmodified,USGS
LS011577,34.459999,-119.577560,Unmodified,USGS
LS011578,34.459793,-119.577888,Unmodified,USGS
LS011579,34.459694,-119.578049,Unmodified,USGS
LS011580,34.459679,-119.578224,Unmodified,USGS
LS011581,34.459614,-119.578270,Unmodified,USGS
LS011582,34.459702,-119.578522,Unmodified,USGS
LS011583,34.459518,-119.578491,Unmodified,USGS
LS011584,34.459412,-119.578468,Unmodified,USGS
LS011585,34.459255,-119.578560,Unmodified,USGS
LS011586,34.459057,-119.579582,Unmodified,USGS
LS011587,34.459240,-119.579887,Unmodified,USGS
LS011588,34.458866,-119.576660,Unmodified,USGS
LS011589,34.459099,-119.576576,Unmodified,USGS
LS011590,34.459473,-119.576454,Unmodified,USGS
LS011591,34.458591,-119.583008,Modified,USGS
LS011592,34.458576,-119.583199,Modified,USGS
LS011593,34.459221,-119.582901,Modified,USGS
LS011594,34.459450,-119.583000,Modified,USGS
LS011595,34.459461,-119.583084,Modified,USGS
LS011596,34.459873,-119.583496,Modified,USGS
LS011597,34.459667,-119.583496,-9999,USGS
LS011598,34.458424,-119.586494,Unmodified,USGS
LS011599,34.460686,-119.581856,Unmodified,USGS
LS011600,34.457199,-119.584419,Unmodified,USGS
LS011601,34.458225,-119.584892,Unmodified,USGS
LS011602,34.457855,-119.577301,Modified,USGS
LS011603,34.457760,-119.576859,Modified,USGS
LS011604,34.457195,-119.578842,Modified,USGS
LS011605,34.457054,-119.578957,Modified,USGS
LS011606,34.456970,-119.578941,Modified,USGS
LS011607,34.458229,-119.578186,Unmodified,USGS
LS011608,34.456833,-119.578209,Unmodified,USGS
LS011609,34.458130,-119.577744,Unmodified,USGS
LS011610,34.454720,-119.586113,Modified,USGS
LS011611,34.454117,-119.586555,Unmodified,USGS
LS011612,34.454788,-119.585732,Modified,USGS
LS011613,34.453690,-119.585228,Unmodified,USGS
LS011614,34.453735,-119.585129,Unmodified,USGS
LS011615,34.454121,-119.584381,Modified,USGS
LS011616,34.453976,-119.584503,Modified,USGS
LS011617,34.453682,-119.584366,Modified,USGS
LS011618,34.453091,-119.583366,Unmodified,USGS
LS011619,34.453270,-119.584000,Modified,USGS
LS011620,34.453342,-119.583939,Modified,USGS
LS011621,34.453392,-119.583885,Modified,USGS
LS011622,34.453159,-119.582344,Modified,USGS
LS011623,34.453541,-119.582138,Modified,USGS
LS011624,34.453846,-119.581718,Modified,USGS
LS011625,34.453564,-119.580582,Unmodified,USGS
LS011626,34.455872,-119.583252,Unmodified,USGS
LS011627,34.451660,-119.586708,Unmodified,USGS
LS011628,34.451954,-119.585396,Unmodified,USGS
LS011629,34.450695,-119.582634,-9999,USGS
LS011630,34.464348,-119.566895,Unmodified,USGS
LS011631,34.461567,-119.573135,Unmodified,USGS
LS011632,34.462502,-119.570061,Unmodified,USGS
LS011633,34.461590,-119.568115,Unmodified,USGS
LS011634,34.460133,-119.567993,Unmodified,USGS
LS011635,34.460064,-119.574135,Unmodified,USGS
LS011636,34.458691,-119.575371,Unmodified,USGS
LS011637,34.459469,-119.571503,Unmodified,USGS
LS011638,34.459202,-119.571289,Unmodified,USGS
LS011639,34.459145,-119.570999,Unmodified,USGS
LS011640,34.458641,-119.570663,Unmodified,USGS
LS011641,34.458908,-119.571800,Unmodified,USGS
LS011642,34.458748,-119.571579,Unmodified,USGS
LS011643,34.457150,-119.571320,-9999,USGS
LS011644,34.457256,-119.571152,Modified,USGS
LS011645,34.457973,-119.568970,Unmodified,USGS
LS011646,34.454403,-119.566673,Unmodified,USGS
LS011647,34.454487,-119.566963,Unmodified,USGS
LS011648,34.454376,-119.567131,Unmodified,USGS
LS011649,34.452442,-119.565300,Unmodified,USGS
LS011650,34.451942,-119.567574,-9999,USGS
LS011651,34.452034,-119.566650,Modified,USGS
LS011652,34.451347,-119.566162,Unmodified,USGS
LS011653,34.451748,-119.565895,Modified,USGS
LS011654,34.450321,-119.566513,Modified,USGS
LS011655,34.451591,-119.565659,Unmodified,USGS
LS011656,34.454021,-119.575836,Unmodified,USGS
LS011657,34.451149,-119.574471,Modified,USGS
LS011658,34.450260,-119.571136,Unmodified,USGS
LS011659,34.449905,-119.571136,-9999,USGS
LS011660,34.449890,-119.572113,Unmodified,USGS
LS011661,34.444611,-119.567108,Modified,USGS
LS011662,34.438759,-119.565125,Modified,USGS
LS011663,34.463814,-119.562576,Unmodified,USGS
LS011664,34.464123,-119.562569,Unmodified,USGS
LS011665,34.463608,-119.561707,Unmodified,USGS
LS011666,34.460640,-119.558899,Unmodified,USGS
LS011667,34.461147,-119.563759,Unmodified,USGS
LS011668,34.461159,-119.565086,Unmodified,USGS
LS011669,34.459435,-119.556175,Unmodified,USGS
LS011670,34.457779,-119.563927,Modified,USGS
LS011671,34.458351,-119.564095,Unmodified,USGS
LS011672,34.458450,-119.562889,Unmodified,USGS
LS011673,34.457638,-119.562981,Modified,USGS
LS011674,34.457390,-119.563042,Modified,USGS
LS011675,34.456497,-119.562119,Modified,USGS
LS011676,34.456856,-119.562241,Modified,USGS
LS011677,34.456566,-119.562889,Modified,USGS
LS011678,34.456470,-119.562828,Modified,USGS
LS011679,34.456619,-119.563042,Modified,USGS
LS011680,34.456673,-119.562996,Modified,USGS
LS011681,34.456814,-119.562355,Modified,USGS
LS011682,34.456608,-119.562759,Modified,USGS
LS011683,34.456730,-119.562073,Modified,USGS
LS011684,34.458805,-119.559242,Unmodified,USGS
LS011685,34.457142,-119.559120,Modified,USGS
LS011686,34.457142,-119.557465,Unmodified,USGS
LS011687,34.457577,-119.556274,Unmodified,USGS
LS011688,34.457619,-119.556198,Unmodified,USGS
LS011689,34.458271,-119.556412,Unmodified,USGS
LS011690,34.454353,-119.557564,Unmodified,USGS
LS011691,34.453823,-119.564102,Unmodified,USGS
LS011692,34.452541,-119.562447,Modified,USGS
LS011693,34.452370,-119.562927,Modified,USGS
LS011694,34.451748,-119.564438,Modified,USGS
LS011695,34.451874,-119.564865,Unmodified,USGS
LS011696,34.450222,-119.563187,Unmodified,USGS
LS011697,34.450111,-119.563042,Unmodified,USGS
LS011698,34.450497,-119.562912,Unmodified,USGS
LS011699,34.453030,-119.563736,Unmodified,USGS
LS011700,34.453304,-119.555077,Unmodified,USGS
LS011701,34.453152,-119.554901,Unmodified,USGS
LS011702,34.453129,-119.554703,Unmodified,USGS
LS011703,34.452694,-119.555527,Unmodified,USGS
LS011704,34.452499,-119.556831,Unmodified,USGS
LS011705,34.453751,-119.557510,Unmodified,USGS
LS011706,34.451054,-119.556190,Unmodified,USGS
LS011707,34.449337,-119.563545,Unmodified,USGS
LS011708,34.446396,-119.555244,Unmodified,USGS
LS011709,34.446320,-119.554245,Modified,USGS
LS011710,34.445404,-119.556282,Unmodified,USGS
LS011711,34.443863,-119.554207,Modified,USGS
LS011712,34.443718,-119.554176,Modified,USGS
LS011713,34.443653,-119.554253,Modified,USGS
LS011714,34.443539,-119.554283,Modified,USGS
LS011715,34.443481,-119.554436,Modified,USGS
LS011716,34.443810,-119.554657,Unmodified,USGS
LS011717,34.444862,-119.560127,-9999,USGS
LS011718,34.444046,-119.558464,Modified,USGS
LS011719,34.442791,-119.560066,-9999,USGS
LS011720,34.442745,-119.560326,-9999,USGS
LS011721,34.442780,-119.560493,-9999,USGS
LS011722,34.442696,-119.560562,-9999,USGS
LS011723,34.444187,-119.559769,Modified,USGS
LS011724,34.449547,-119.563507,Unmodified,USGS
LS011725,34.449585,-119.563377,Unmodified,USGS
LS011726,34.439079,-119.564751,Modified,USGS
LS011727,34.439240,-119.564148,Modified,USGS
LS011728,34.439827,-119.562256,Modified,USGS
LS011729,34.439163,-119.561874,Modified,USGS
LS011730,34.439098,-119.561874,Modified,USGS
LS011731,34.438801,-119.557213,Unmodified,USGS
LS011732,34.437176,-119.556480,Modified,USGS
LS011733,34.460014,-119.553993,Unmodified,USGS
LS011734,34.458179,-119.554649,Unmodified,USGS
LS011735,34.456787,-119.553642,Unmodified,USGS
LS011736,34.456779,-119.553894,Unmodified,USGS
LS011737,34.457047,-119.552963,Modified,USGS
LS011738,34.457336,-119.553085,Modified,USGS
LS011739,34.455349,-119.553398,Modified,USGS
LS011740,34.454491,-119.553352,Modified,USGS
LS011741,34.455158,-119.553444,-9999,USGS
LS011742,34.452862,-119.549644,Modified,USGS
LS011743,34.453014,-119.549873,-9999,USGS
LS011744,34.452995,-119.549957,-9999,USGS
LS011745,34.453598,-119.554276,Unmodified,USGS
LS011746,34.452290,-119.552544,Unmodified,USGS
LS011747,34.453537,-119.554497,Unmodified,USGS
LS011748,34.453468,-119.554543,Unmodified,USGS
LS011749,34.450653,-119.553207,Unmodified,USGS
LS011750,34.451614,-119.552803,Unmodified,USGS
LS011751,34.451725,-119.552414,Unmodified,USGS
LS011752,34.450222,-119.552071,Unmodified,USGS
LS011753,34.453487,-119.549141,Modified,USGS
LS011754,34.444080,-119.553421,Modified,USGS
LS011755,34.444168,-119.553688,Modified,USGS
LS011756,34.449692,-119.550774,Unmodified,USGS
LS011757,34.449631,-119.551186,Unmodified,USGS
LS011758,34.449627,-119.551262,Unmodified,USGS
LS011759,34.449352,-119.551765,Unmodified,USGS
LS011760,34.449291,-119.551956,Unmodified,USGS
LS011761,34.449741,-119.552643,Unmodified,USGS
LS011762,34.473915,-119.774719,Modified,CALOES
LS011763,34.465816,-119.654427,Unmodified,USGS
LS011764,34.464447,-119.676018,Modified,USGS
LS011765,34.456268,-119.676735,Unmodified,USGS
LS011766,34.456215,-119.676277,Modified,CALOES
LS011767,34.453815,-119.676918,-9999,USGS
LS011768,34.453629,-119.676422,Unmodified,USGS
LS011769,34.498577,-119.628174,Unmodified,CAP
LS011770,34.476727,-119.623825,Unmodified,USGS
LS011771,34.474564,-119.622673,Unmodified,USGS
LS011772,34.462234,-119.616737,Unmodified,USGS
LS011773,34.460762,-119.622879,Unmodified,USGS
LS011774,34.462498,-119.637703,Unmodified,USGS
LS011775,34.462494,-119.637527,Unmodified,CAP
LS011776,34.461468,-119.645035,Unmodified,USGS
LS011777,34.458767,-119.617325,Unmodified,USGS
LS011778,34.456318,-119.628975,Unmodified,USGS
LS011779,34.466923,-119.582062,Unmodified,USGS
LS011780,34.466965,-119.581909,Unmodified,USGS
LS011781,34.464882,-119.584465,Unmodified,USGS
LS011782,34.465984,-119.595978,Modified,USGS
LS011783,34.464558,-119.597542,Modified,USGS
LS011784,34.463383,-119.605110,Unmodified,USGS
LS011785,34.460567,-119.587234,Modified,USGS
LS011786,34.460911,-119.585083,Unmodified,USGS
LS011787,34.455540,-119.602058,Unmodified,USGS
LS011788,34.457470,-119.549957,Unmodified,USGS
LS011789,34.455814,-119.540031,Modified,CAP
LS011790,34.458687,-119.572975,Unmodified,USGS
LS011791,34.452721,-119.551392,Unmodified,USGS
LS011792,34.452305,-119.545280,Unmodified,CAP
LS011793,34.448929,-119.538742,Modified,CAP
LS011794,34.451145,-119.573235,Unmodified,USGS
LS011795,34.437336,-119.554962,Modified,USGS
LS011796,34.437366,-119.554985,Modified,USGS
LS011797,34.437401,-119.555092,Modified,USGS
LS011798,34.486309,-119.507401,Unmodified,CAP
LS011799,34.487263,-119.504036,Modified,CAP
LS011800,34.463650,-119.500885,Unmodified,CAP
LS011801,34.459499,-119.521187,Unmodified,CAP
LS011802,34.460396,-119.517723,Unmodified,CAP
LS011803,34.452408,-119.503120,Unmodified,CAP
LS011804,34.450970,-119.499527,Unmodified,CAP
LS011805,34.450619,-119.505150,Unmodified,CAP
LS011806,34.451088,-119.508957,Unmodified,CAP
LS011807,34.451588,-119.508232,-9999,CALOES
LS011808,34.451183,-119.514328,Unmodified,CAP
LS011809,34.451969,-119.513397,Unmodified,CAP
LS011810,34.450603,-119.521477,Unmodified,CAP
LS011811,34.451759,-119.527115,Unmodified,CAP
LS011812,34.452034,-119.531647,Unmodified,CAP
LS011813,34.449192,-119.531929,Unmodified,CAP
LS011814,34.448044,-119.526436,Unmodified,CAP
LS011815,34.448658,-119.507782,Unmodified,CALOES
LS011816,34.448887,-119.507401,Unmodified,CALOES
LS011817,34.449051,-119.508179,Unmodified,CALOES
LS011818,34.449211,-119.508095,Unmodified,CALOES
LS011819,34.449417,-119.508125,Unmodified,CALOES
LS011820,34.449944,-119.504929,Unmodified,CAP
LS011821,34.449940,-119.504883,Unmodified,CAP
LS011822,34.447681,-119.504295,Unmodified,CALOES
LS011823,34.447842,-119.504372,Unmodified,CALOES
LS011824,34.448418,-119.502228,Unmodified,CAP
LS011825,34.449665,-119.499939,Unmodified,CAP
LS011826,34.445961,-119.506905,Unmodified,CAP
LS011827,34.446369,-119.528847,Unmodified,CAP
LS011828,34.464970,-119.535599,Unmodified,CAP
LS011829,34.451111,-119.525444,Unmodified,CAP
LS011830,34.446102,-119.534409,Unmodified,CALOES
LS011831,34.444298,-119.527618,Unmodified,CALOES
LS011832,34.444016,-119.527565,Unmodified,CALOES
LS011833,34.443180,-119.502563,Unmodified,CAP
LS011834,34.442783,-119.501251,Unmodified,CALOES
LS011835,34.442390,-119.500084,Unmodified,CAP
LS011836,34.441723,-119.503197,Unmodified,CAP
LS011837,34.441177,-119.501740,Unmodified,CALOES
LS011838,34.441257,-119.502403,Unmodified,CALOES
LS011839,34.441303,-119.502525,Unmodified,CALOES
LS011840,34.442764,-119.510902,Unmodified,CALOES
LS011841,34.441875,-119.510590,Unmodified,CALOES
LS011842,34.441639,-119.511398,Unmodified,CALOES
LS011843,34.443207,-119.511932,Modified,CAP
LS011844,34.442604,-119.512711,Unmodified,CAP
LS011845,34.443462,-119.514076,Modified,CAP
LS011846,34.443535,-119.514297,Modified,CAP
LS011847,34.443535,-119.514641,Modified,CAP
LS011848,34.442554,-119.513557,Unmodified,CAP
LS011849,34.442307,-119.514183,Unmodified,CAP
LS011850,34.442352,-119.514809,Unmodified,CAP
LS011851,34.443775,-119.517708,Modified,CAP
LS011852,34.443043,-119.519180,Unmodified,CAP
LS011853,34.443146,-119.519600,Modified,CAP
LS011854,34.441212,-119.517448,Unmodified,CALOES
LS011855,34.440071,-119.526840,-9999,CAP
LS011856,34.442837,-119.534584,Modified,CAP
LS011857,34.441166,-119.535591,Unmodified,CALOES
LS011858,34.441502,-119.535385,Unmodified,CALOES
LS011859,34.441685,-119.534599,Unmodified,CALOES
LS011860,34.440018,-119.521957,Unmodified,CALOES
LS011861,34.438805,-119.531700,Unmodified,CAP
LS011862,34.438641,-119.532425,Modified,CALOES
LS011863,34.438568,-119.532784,-9999,CALOES
LS011864,34.438454,-119.532974,Unmodified,CALOES
LS011865,34.430122,-119.506004,Modified,CAP
LS011866,34.433067,-119.518814,Unmodified,CAP
LS011867,34.430435,-119.520584,Unmodified,CALOES
LS011868,34.426300,-119.510063,Unmodified,CALOES
LS011869,34.426113,-119.503090,Unmodified,CALOES
LS011870,34.426056,-119.521828,Unmodified,CAP
LS011871,34.443321,-119.526642,Unmodified,CALOES
LS011872,34.443077,-119.527023,Unmodified,CALOES
LS011873,34.442787,-119.528572,Unmodified,CALOES
LS011874,34.442825,-119.528526,Unmodified,CALOES
LS011875,34.444012,-119.534599,Modified,CALOES
LS011876,34.440819,-119.519547,Unmodified,CALOES
LS011877,34.440750,-119.519432,Unmodified,CALOES
LS011878,34.461021,-119.725243,Modified,CAP
LS011879,34.460800,-119.724236,Modified,CAP
LS011880,34.460735,-119.724350,Modified,CAP
LS011881,34.460659,-119.724434,Modified,CAP
LS011882,34.459801,-119.715469,Modified,CAP
LS011883,34.459415,-119.716431,Modified,CAP
LS011884,34.459099,-119.715256,Modified,CAP
LS011885,34.454960,-119.718895,Modified,CAP
LS011886,34.455929,-119.722160,Modified,CAP
LS011887,34.451099,-119.682915,Modified,CAP
LS011888,34.451054,-119.683632,Modified,CAP
LS011889,34.451298,-119.684525,Modified,CALOES
LS011890,34.452347,-119.684113,Modified,USGS
LS011891,34.452503,-119.684479,Modified,USGS
LS011892,34.452175,-119.684097,Modified,CALOES
LS011893,34.452187,-119.684250,Modified,CALOES
LS011894,34.452084,-119.684227,Modified,CALOES
LS011895,34.453751,-119.683945,Modified,CALOES
LS011896,34.446735,-119.676132,Modified,CAP
LS011897,34.449306,-119.673103,-9999,CAP
LS011898,34.449841,-119.674355,Unmodified,CAP
LS011899,34.454296,-119.661148,Modified,USGS
LS011900,34.452702,-119.687988,Modified,USGS
LS011901,34.454739,-119.685905,Modified,CAP
LS011902,34.417568,-119.746620,Unmodified,CAP
LS011903,34.417618,-119.746658,Unmodified,CAP
LS011904,34.417564,-119.746719,Unmodified,CAP
LS011905,34.417568,-119.746819,Unmodified,CAP
LS011906,34.417732,-119.746803,Unmodified,CAP
LS011907,34.413898,-119.742706,Unmodified,CAP
LS011908,34.415207,-119.744202,Unmodified,CAP
LS011909,34.414879,-119.744064,Unmodified,CAP
LS011910,34.416340,-119.742363,Modified,CAP
LS011911,34.416409,-119.742416,Modified,CAP
LS011912,34.437138,-119.679016,-9999,CAP
LS011913,34.436707,-119.678391,-9999,CAP
LS011914,34.437500,-119.678070,Modified,CAP
LS011915,34.438908,-119.678116,Modified,CAP
LS011916,34.451832,-119.603928,Modified,USGS
LS011917,34.451778,-119.603821,Modified,USGS
LS011918,34.452225,-119.604340,Unmodified,USGS
LS011919,34.451355,-119.606026,Unmodified,USGS
LS011920,34.455597,-119.675331,Modified,USGS
LS011921,34.442581,-119.680725,Modified,CAP
LS011922,34.413319,-119.475647,Modified,CALOES
LS011923,34.412971,-119.474083,Unmodified,CALOES
LS011924,34.443325,-119.537941,-9999,CAP
LS011925,34.444839,-119.533363,Modified,CALOES
LS011926,34.444386,-119.532509,Modified,CALOES
LS011927,34.443634,-119.534195,Modified,CALOES
LS011928,34.443794,-119.534363,Modified,CALOES
LS011929,34.462887,-119.425400,Unmodified,CAP
LS011930,34.461876,-119.425751,Unmodified,CALOES
LS011931,34.448509,-119.493462,Unmodified,CALOES
LS011932,34.448574,-119.493782,Unmodified,CALOES
LS011933,34.448261,-119.491570,Unmodified,CAP
LS011934,34.446354,-119.493149,Unmodified,CAP
LS011935,34.446457,-119.493507,Unmodified,CAP
LS011936,34.446358,-119.492760,Unmodified,CAP
LS011937,34.448669,-119.500000,Unmodified,CALOES
LS011938,34.453754,-119.495857,Unmodified,CALOES
LS011939,34.451977,-119.496765,Unmodified,CALOES
LS011940,34.449741,-119.495094,Unmodified,CAP
LS011941,34.450176,-119.495590,Unmodified,CALOES
LS011942,34.450943,-119.494286,Unmodified,CAP
LS011943,34.450008,-119.492470,Unmodified,CAP
LS011944,34.450897,-119.490959,Unmodified,CAP
LS011945,34.449924,-119.490372,Unmodified,CAP
LS011946,34.450047,-119.490868,Unmodified,CALOES
LS011947,34.450966,-119.489243,Unmodified,CAP
LS011948,34.450649,-119.489029,Unmodified,CALOES
LS011949,34.451275,-119.488785,Unmodified,CALOES
LS011950,34.451328,-119.488495,Unmodified,CALOES
LS011951,34.450996,-119.488365,Unmodified,CALOES
LS011952,34.451519,-119.488007,Unmodified,CAP
LS011953,34.451447,-119.488045,Unmodified,CAP
LS011954,34.451988,-119.488144,Unmodified,CAP
LS011955,34.452774,-119.486824,Unmodified,CAP
LS011956,34.452744,-119.486473,Unmodified,CAP
LS011957,34.451801,-119.485306,Unmodified,CAP
LS011958,34.447403,-119.491936,Unmodified,CALOES
LS011959,34.447098,-119.492264,Unmodified,CAP
LS011960,34.447498,-119.488510,Unmodified,CALOES
LS011961,34.447453,-119.487244,Unmodified,CAP
LS011962,34.447769,-119.486595,Unmodified,CAP
LS011963,34.447971,-119.486305,Unmodified,CAP
LS011964,34.447941,-119.486778,Unmodified,CAP
LS011965,34.447803,-119.487305,Unmodified,CAP
LS011966,34.447144,-119.486076,Unmodified,CAP
LS011967,34.446663,-119.485886,Unmodified,CAP
LS011968,34.447399,-119.484665,Unmodified,CAP
LS011969,34.447460,-119.484756,Unmodified,CAP
LS011970,34.447563,-119.484726,Unmodified,CAP
LS011971,34.447456,-119.482819,Unmodified,CAP
LS011972,34.447800,-119.480293,Unmodified,CALOES
LS011973,34.447720,-119.480309,Unmodified,CALOES
LS011974,34.447548,-119.480927,Unmodified,CAP
LS011975,34.448380,-119.481300,Unmodified,CAP
LS011976,34.455254,-119.494682,Unmodified,CAP
LS011977,34.453575,-119.493797,Unmodified,CAP
LS011978,34.455273,-119.493141,Unmodified,CAP
LS011979,34.455376,-119.493340,Unmodified,CAP
LS011980,34.462456,-119.496613,Unmodified,CALOES
LS011981,34.463226,-119.494209,Unmodified,CALOES
LS011982,34.453823,-119.489944,Unmodified,CALOES
LS011983,34.453804,-119.489784,Unmodified,CAP
LS011984,34.453411,-119.491585,Unmodified,CALOES
LS011985,34.459209,-119.492584,Unmodified,CAP
LS011986,34.459076,-119.492233,Unmodified,CAP
LS011987,34.459274,-119.491631,Unmodified,CAP
LS011988,34.461815,-119.490540,Unmodified,CAP
LS011989,34.463779,-119.490829,Unmodified,CAP
LS011990,34.462624,-119.490517,Unmodified,CAP
LS011991,34.462154,-119.490486,Unmodified,CAP
LS011992,34.462517,-119.487381,Unmodified,CAP
LS011993,34.462677,-119.486702,Unmodified,CALOES
LS011994,34.450462,-119.482346,Unmodified,CALOES
LS011995,34.447163,-119.479401,Unmodified,CALOES
LS011996,34.447975,-119.479607,Unmodified,CALOES
LS011997,34.444965,-119.478500,Unmodified,CALOES
LS011998,34.445332,-119.477783,Unmodified,CAP
LS011999,34.446339,-119.477547,Unmodified,CALOES
LS012000,34.447063,-119.475395,Unmodified,CALOES
LS012001,34.446976,-119.475754,Unmodified,CALOES
LS012002,34.445259,-119.474037,Unmodified,CAP
LS012003,34.445297,-119.474411,Unmodified,CAP
LS012004,34.445278,-119.474655,Unmodified,CAP
LS012005,34.445168,-119.474449,Unmodified,CAP
LS012006,34.445229,-119.474617,Unmodified,CAP
LS012007,34.445530,-119.474579,Unmodified,CALOES
LS012008,34.445400,-119.474586,Unmodified,CAP
LS012009,34.445850,-119.475113,Unmodified,CAP
LS012010,34.445477,-119.470436,Unmodified,CAP
LS012011,34.445732,-119.473282,Unmodified,CAP
LS012012,34.445744,-119.473206,Unmodified,CAP
LS012013,34.445873,-119.471756,Unmodified,CAP
LS012014,34.445831,-119.471703,Unmodified,CAP
LS012015,34.445923,-119.471634,Unmodified,CAP
LS012016,34.445843,-119.471634,Unmodified,CAP
LS012017,34.445763,-119.469666,Unmodified,CAP
LS012018,34.444695,-119.468102,Unmodified,CAP
LS012019,34.444763,-119.469238,Unmodified,CALOES
LS012020,34.443829,-119.470230,Unmodified,CALOES
LS012021,34.444698,-119.471283,Unmodified,CALOES
LS012022,34.444740,-119.471169,Unmodified,CALOES
LS012023,34.443916,-119.475090,Unmodified,CALOES
LS012024,34.444004,-119.474854,Unmodified,CALOES
LS012025,34.448528,-119.462418,Unmodified,CAP
LS012026,34.448692,-119.462914,Unmodified,CAP
LS012027,34.449116,-119.462921,Unmodified,CAP
LS012028,34.449139,-119.462433,Unmodified,CAP
LS012029,34.447212,-119.466248,Unmodified,CALOES
LS012030,34.447464,-119.466293,Unmodified,CALOES
LS012031,34.447487,-119.465042,Unmodified,CALOES
LS012032,34.447758,-119.464760,Unmodified,CALOES
LS012033,34.445839,-119.463348,Unmodified,CALOES
LS012034,34.446007,-119.463585,Unmodified,CALOES
LS012035,34.447487,-119.465691,Unmodified,CALOES
LS012036,34.450424,-119.464996,Unmodified,CALOES
LS012037,34.450150,-119.463715,Unmodified,CALOES
LS012038,34.451931,-119.460884,Unmodified,CALOES
LS012039,34.453278,-119.459892,Unmodified,CALOES
LS012040,34.449394,-119.464920,Unmodified,CALOES
LS012041,34.449390,-119.465187,Unmodified,CALOES
LS012042,34.448956,-119.466644,Unmodified,CALOES
LS012043,34.448727,-119.466568,Unmodified,CALOES
LS012044,34.447540,-119.468758,Unmodified,CALOES
LS012045,34.450661,-119.465950,Unmodified,CAP
LS012046,34.450298,-119.467186,Unmodified,CALOES
LS012047,34.450249,-119.466667,Unmodified,CALOES
LS012048,34.449848,-119.467133,Unmodified,CALOES
LS012049,34.449699,-119.467712,Unmodified,CALOES
LS012050,34.449860,-119.468544,Unmodified,CAP
LS012051,34.449680,-119.468834,Unmodified,CAP
LS012052,34.447815,-119.470535,Unmodified,CALOES
LS012053,34.447208,-119.472008,Unmodified,CALOES
LS012054,34.447445,-119.472725,Unmodified,CALOES
LS012055,34.449257,-119.470703,Unmodified,CALOES
LS012056,34.449650,-119.470650,Unmodified,CALOES
LS012057,34.449684,-119.470825,Unmodified,CALOES
LS012058,34.449909,-119.470680,Unmodified,CALOES
LS012059,34.449825,-119.470901,Unmodified,CALOES
LS012060,34.449684,-119.471779,Unmodified,CALOES
LS012061,34.449574,-119.471779,Unmodified,CALOES
LS012062,34.449596,-119.472023,Unmodified,CALOES
LS012063,34.449951,-119.472321,Unmodified,CAP
LS012064,34.449577,-119.472435,Unmodified,CAP
LS012065,34.449501,-119.472824,Unmodified,CAP
LS012066,34.450218,-119.472183,Unmodified,CAP
LS012067,34.451786,-119.471260,Unmodified,CALOES
LS012068,34.451286,-119.470230,Unmodified,CALOES
LS012069,34.449085,-119.472107,Unmodified,CALOES
LS012070,34.448429,-119.473511,Unmodified,CAP
LS012071,34.447678,-119.474182,Unmodified,CAP
LS012072,34.447685,-119.474075,Unmodified,CAP
LS012073,34.447647,-119.474472,Unmodified,CAP
LS012074,34.447792,-119.474236,Unmodified,CAP
LS012075,34.449245,-119.476082,Unmodified,CAP
LS012076,34.450027,-119.472878,Unmodified,CAP
LS012077,34.449867,-119.472641,Unmodified,CAP
LS012078,34.451378,-119.471909,Unmodified,CAP
LS012079,34.451324,-119.473175,Unmodified,CALOES
LS012080,34.450794,-119.469643,Unmodified,CAP
LS012081,34.450867,-119.469429,Unmodified,CAP
LS012082,34.451450,-119.469704,Unmodified,CAP
LS012083,34.452061,-119.469788,Unmodified,CAP
LS012084,34.455276,-119.468925,Unmodified,CALOES
LS012085,34.451443,-119.462944,Unmodified,CALOES
LS012086,34.452904,-119.464203,Unmodified,CAP
LS012087,34.452847,-119.464264,Unmodified,CAP
LS012088,34.452606,-119.465485,Unmodified,CAP
LS012089,34.453114,-119.465256,Unmodified,CAP
LS012090,34.452095,-119.465584,Unmodified,CAP
LS012091,34.452141,-119.465706,Unmodified,CAP
LS012092,34.452404,-119.468353,Unmodified,CALOES
LS012093,34.451847,-119.467415,Unmodified,CALOES
LS012094,34.451027,-119.467415,Unmodified,CALOES
LS012095,34.453510,-119.467323,Unmodified,CAP
LS012096,34.452969,-119.468140,Unmodified,CAP
LS012097,34.451756,-119.472008,Unmodified,CAP
LS012098,34.453381,-119.470528,Unmodified,CAP
LS012099,34.453499,-119.469856,Unmodified,CALOES
LS012100,34.454533,-119.471581,Unmodified,CAP
LS012101,34.452892,-119.471451,Unmodified,CAP
LS012102,34.452824,-119.471924,Unmodified,CAP
LS012103,34.453156,-119.471893,Unmodified,CAP
LS012104,34.453213,-119.471565,Unmodified,CAP
LS012105,34.453808,-119.472900,Unmodified,CAP
LS012106,34.452602,-119.476105,Unmodified,CAP
LS012107,34.451889,-119.475975,Unmodified,CAP
LS012108,34.451580,-119.476845,Unmodified,CALOES
LS012109,34.452003,-119.476624,Unmodified,CALOES
LS012110,34.453590,-119.477715,Unmodified,CALOES
LS012111,34.453823,-119.477646,Unmodified,CALOES
LS012112,34.452477,-119.477631,Unmodified,CAP
LS012113,34.453518,-119.474442,Unmodified,CAP
LS012114,34.453266,-119.474747,Unmodified,CAP
LS012115,34.453884,-119.479683,Unmodified,CAP
LS012116,34.453564,-119.481583,Unmodified,CAP
LS012117,34.453529,-119.481415,Unmodified,CAP
LS012118,34.453465,-119.481331,Unmodified,CAP
LS012119,34.454334,-119.482368,Unmodified,CAP
LS012120,34.452415,-119.485542,Unmodified,CALOES
LS012121,34.456078,-119.488861,Unmodified,CALOES
LS012122,34.455467,-119.479759,Unmodified,CALOES
LS012123,34.456623,-119.480011,Unmodified,CAP
LS012124,34.455963,-119.476685,Unmodified,CAP
LS012125,34.455074,-119.476341,Unmodified,CALOES
LS012126,34.456387,-119.475845,Unmodified,CAP
LS012127,34.457233,-119.474823,Unmodified,CAP
LS012128,34.456245,-119.474861,Unmodified,CAP
LS012129,34.456490,-119.462074,Unmodified,CALOES
LS012130,34.453056,-119.461250,Unmodified,CALOES
LS012131,34.455975,-119.463486,Unmodified,CAP
LS012132,34.455589,-119.463165,Unmodified,CAP
LS012133,34.454056,-119.464233,Unmodified,CAP
LS012134,34.454170,-119.465843,Unmodified,CALOES
LS012135,34.454823,-119.465218,Unmodified,CAP
LS012136,34.454571,-119.465248,Unmodified,CAP
LS012137,34.454746,-119.465775,Unmodified,CAP
LS012138,34.456875,-119.467232,Unmodified,CALOES
LS012139,34.456566,-119.467598,Unmodified,CAP
LS012140,34.456463,-119.468979,Unmodified,CAP
LS012141,34.456154,-119.467781,Unmodified,CAP
LS012142,34.456120,-119.467842,Unmodified,CAP
LS012143,34.457405,-119.470154,Unmodified,CAP
LS012144,34.458813,-119.464279,Unmodified,CALOES
LS012145,34.456379,-119.460358,Unmodified,CAP
LS012146,34.459213,-119.453568,Unmodified,CALOES
LS012147,34.459660,-119.462090,Unmodified,CAP
LS012148,34.459278,-119.464928,Unmodified,CAP
LS012149,34.460617,-119.460808,Unmodified,CALOES
LS012150,34.460892,-119.460434,Unmodified,CALOES
LS012151,34.461472,-119.460159,Unmodified,CALOES
LS012152,34.461857,-119.459892,Unmodified,CALOES
LS012153,34.461987,-119.459892,Unmodified,CALOES
LS012154,34.463226,-119.459190,Unmodified,CALOES
LS012155,34.464149,-119.458832,Unmodified,CALOES
LS012156,34.465282,-119.460899,Unmodified,CALOES
LS012157,34.465923,-119.460808,Unmodified,CALOES
LS012158,34.467735,-119.462578,Unmodified,CAP
LS012159,34.471092,-119.469612,Unmodified,CAP
LS012160,34.462746,-119.484146,Unmodified,CAP
LS012161,34.463894,-119.489334,Unmodified,CAP
LS012162,34.459530,-119.473953,Unmodified,CALOES
LS012163,34.443768,-119.497833,Unmodified,CAP
LS012164,34.443569,-119.497604,Unmodified,CAP
LS012165,34.443020,-119.495499,Unmodified,CALOES
LS012166,34.443520,-119.499908,Unmodified,CALOES
LS012167,34.444031,-119.493080,Unmodified,CAP
LS012168,34.443199,-119.491829,Unmodified,CALOES
LS012169,34.442947,-119.491669,Unmodified,CALOES
LS012170,34.443798,-119.491844,Unmodified,CAP
LS012171,34.443169,-119.491158,Unmodified,CAP
LS012172,34.442780,-119.489502,Unmodified,CALOES
LS012173,34.442997,-119.489662,Unmodified,CALOES
LS012174,34.443127,-119.489655,Unmodified,CALOES
LS012175,34.443249,-119.489510,Unmodified,CALOES
LS012176,34.443199,-119.490112,Unmodified,CAP
LS012177,34.443039,-119.489944,Unmodified,CAP
LS012178,34.444229,-119.487923,Unmodified,CALOES
LS012179,34.443569,-119.487656,Unmodified,CAP
LS012180,34.443966,-119.486710,Unmodified,CALOES
LS012181,34.444103,-119.486565,Unmodified,CALOES
LS012182,34.443897,-119.486290,Unmodified,CAP
LS012183,34.443974,-119.486313,Unmodified,CAP
LS012184,34.444824,-119.487534,Unmodified,CAP
LS012185,34.444740,-119.487000,Unmodified,CAP
LS012186,34.444374,-119.485680,Unmodified,CAP
LS012187,34.444370,-119.485619,Unmodified,CAP
LS012188,34.443989,-119.484619,Unmodified,CAP
LS012189,34.444035,-119.485199,Unmodified,CAP
LS012190,34.443913,-119.484459,Unmodified,CALOES
LS012191,34.445229,-119.496178,Unmodified,CALOES
LS012192,34.444653,-119.488899,Unmodified,CALOES
LS012193,34.444683,-119.488861,Unmodified,CALOES
LS012194,34.444538,-119.488846,Unmodified,CALOES
LS012195,34.444698,-119.487991,Unmodified,CALOES
LS012196,34.444664,-119.489136,Unmodified,CAP
LS012197,34.444218,-119.483772,Unmodified,CAP
LS012198,34.444321,-119.483864,Unmodified,CAP
LS012199,34.444160,-119.484650,Unmodified,CAP
LS012200,34.444328,-119.480141,Unmodified,CALOES
LS012201,34.444031,-119.480453,Unmodified,CALOES
LS012202,34.444668,-119.483452,Unmodified,CAP
LS012203,34.444401,-119.483391,Unmodified,CAP
LS012204,34.444649,-119.482933,Unmodified,CAP
LS012205,34.445293,-119.480965,Unmodified,CALOES
LS012206,34.445255,-119.480995,Unmodified,CAP
LS012207,34.443989,-119.478951,Unmodified,CAP
LS012208,34.443569,-119.477882,Unmodified,CAP
LS012209,34.443947,-119.477722,Unmodified,CALOES
LS012210,34.443336,-119.477280,Unmodified,CAP
LS012211,34.443253,-119.476830,Unmodified,CAP
LS012212,34.442490,-119.476425,Unmodified,CALOES
LS012213,34.442268,-119.477394,Unmodified,CALOES
LS012214,34.443630,-119.475342,Unmodified,CALOES
LS012215,34.442924,-119.468559,Unmodified,CALOES
LS012216,34.443413,-119.468430,Unmodified,CALOES
LS012217,34.443810,-119.468445,Unmodified,CALOES
LS012218,34.443634,-119.468422,Unmodified,CALOES
LS012219,34.443897,-119.468185,Unmodified,CALOES
LS012220,34.443462,-119.463058,Unmodified,CALOES
LS012221,34.444702,-119.463127,Unmodified,CALOES
LS012222,34.446049,-119.465157,Unmodified,CALOES
LS012223,34.444401,-119.463821,Unmodified,CALOES
LS012224,34.445293,-119.464272,Unmodified,CALOES
LS012225,34.446041,-119.464096,Unmodified,CALOES
LS012226,34.446186,-119.464432,Unmodified,CALOES
LS012227,34.446709,-119.464867,Unmodified,CALOES
LS012228,34.444252,-119.464493,Unmodified,CAP
LS012229,34.442200,-119.464294,Unmodified,CAP
LS012230,34.442665,-119.464493,Unmodified,CAP
LS012231,34.441776,-119.466133,Unmodified,CALOES
LS012232,34.439209,-119.466415,Unmodified,CALOES
LS012233,34.439098,-119.466492,Unmodified,CALOES
LS012234,34.440041,-119.465439,Unmodified,CALOES
LS012235,34.443821,-119.470268,Unmodified,CALOES
LS012236,34.443653,-119.469162,Unmodified,CALOES
LS012237,34.444702,-119.468460,Unmodified,CALOES
LS012238,34.444706,-119.469337,Unmodified,CALOES
LS012239,34.444229,-119.470810,Unmodified,CALOES
LS012240,34.443798,-119.472656,Unmodified,CALOES
LS012241,34.443474,-119.472923,Unmodified,CALOES
LS012242,34.441998,-119.480202,Unmodified,CALOES
LS012243,34.443604,-119.482834,Unmodified,CAP
LS012244,34.443531,-119.484116,Unmodified,CAP
LS012245,34.443573,-119.483887,Unmodified,CAP
LS012246,34.444031,-119.484947,Unmodified,CAP
LS012247,34.444016,-119.484207,Unmodified,CAP
LS012248,34.443626,-119.500175,Unmodified,CALOES
LS012249,34.444145,-119.498116,Unmodified,CALOES
LS012250,34.443790,-119.497917,Unmodified,CALOES
LS012251,34.444832,-119.498756,Unmodified,CALOES
LS012252,34.445473,-119.501694,Unmodified,CALOES
LS012253,34.441765,-119.496460,Unmodified,CALOES
LS012254,34.442722,-119.487267,Unmodified,CALOES
LS012255,34.442078,-119.479790,Unmodified,CALOES
LS012256,34.441502,-119.479767,Unmodified,CALOES
LS012257,34.438572,-119.465927,Unmodified,CALOES
LS012258,34.438599,-119.465927,Unmodified,CALOES
LS012259,34.438190,-119.466164,Unmodified,CALOES
LS012260,34.439945,-119.466194,Unmodified,CALOES
LS012261,34.439312,-119.474228,Unmodified,CALOES
LS012262,34.440269,-119.477646,Unmodified,CAP
LS012263,34.439445,-119.487328,Unmodified,CAP
LS012264,34.438831,-119.488708,Unmodified,CALOES
LS012265,34.435940,-119.475052,Unmodified,CALOES
LS012266,34.438877,-119.461159,Unmodified,CALOES
LS012267,34.433426,-119.468559,Unmodified,CALOES
LS012268,34.434345,-119.470741,Unmodified,CALOES
LS012269,34.434284,-119.471458,Unmodified,CALOES
LS012270,34.434666,-119.471092,Unmodified,CALOES
LS012271,34.435829,-119.487328,Unmodified,CALOES
LS012272,34.433281,-119.488823,Unmodified,CAP
LS012273,34.431465,-119.466934,Unmodified,CAP
LS012274,34.429440,-119.470383,Unmodified,CALOES
LS012275,34.429661,-119.491623,Unmodified,CAP
LS012276,34.428360,-119.487404,Modified,CAP
LS012277,34.428299,-119.487213,Modified,CAP
LS012278,34.427044,-119.479958,Unmodified,CALOES
LS012279,34.428154,-119.474312,Unmodified,CAP
LS012280,34.428028,-119.474777,Unmodified,CAP
LS012281,34.428688,-119.470322,Unmodified,CALOES
LS012282,34.428680,-119.465973,Unmodified,CALOES
LS012283,34.427856,-119.462448,Unmodified,CALOES
LS012284,34.429146,-119.461571,Unmodified,CAP
LS012285,34.423401,-119.484276,Unmodified,CAP
LS012286,34.414555,-119.466522,Unmodified,CALOES
LS012287,34.417557,-119.477806,Unmodified,CAP
LS012288,34.417088,-119.483749,Unmodified,CAP
LS012289,34.419636,-119.492813,Unmodified,CALOES
LS012290,34.419525,-119.492813,Unmodified,CALOES
LS012291,34.418484,-119.492691,Unmodified,CALOES
LS012292,34.418583,-119.494232,Unmodified,CALOES
LS012293,34.413334,-119.482513,Modified,CALOES
LS012294,34.413696,-119.482086,Modified,CALOES
LS012295,34.413460,-119.482277,Modified,CALOES
LS012296,34.414059,-119.481987,Unmodified,CALOES
LS012297,34.413872,-119.481255,Modified,CALOES
LS012298,34.414703,-119.478745,Modified,CALOES
LS012299,34.414612,-119.478714,Modified,CALOES
LS012300,34.414501,-119.478722,Modified,CALOES
LS012301,34.474213,-119.440605,Unmodified,CAP
LS012302,34.469559,-119.424423,Unmodified,CALOES
LS012303,34.464745,-119.419174,Unmodified,CALOES
LS012304,34.465580,-119.426018,Unmodified,CAP
LS012305,34.465439,-119.425308,Unmodified,CAP
LS012306,34.465836,-119.432457,Unmodified,CALOES
LS012307,34.462276,-119.446358,Unmodified,CAP
LS012308,34.459229,-119.442223,Unmodified,CAP
LS012309,34.458992,-119.445381,Unmodified,CALOES
LS012310,34.460365,-119.441734,Unmodified,CAP
LS012311,34.461121,-119.442383,Unmodified,CAP
LS012312,34.461361,-119.443527,Unmodified,CALOES
LS012313,34.461521,-119.443237,Unmodified,CALOES
LS012314,34.461113,-119.443054,Unmodified,CAP
LS012315,34.461552,-119.446526,Unmodified,CAP
LS012316,34.460308,-119.445801,Unmodified,CAP
LS012317,34.460918,-119.448341,Unmodified,CAP
LS012318,34.461567,-119.448021,Unmodified,CAP
LS012319,34.460831,-119.448746,Unmodified,CAP
LS012320,34.461750,-119.449211,Unmodified,CAP
LS012321,34.461796,-119.449661,Unmodified,CAP
LS012322,34.459164,-119.450645,Unmodified,CAP
LS012323,34.458569,-119.450447,Unmodified,CALOES
LS012324,34.458405,-119.448189,Unmodified,CALOES
LS012325,34.459217,-119.452171,Unmodified,CAP
LS012326,34.460300,-119.455399,Unmodified,CAP
LS012327,34.458820,-119.454865,Unmodified,CALOES
LS012328,34.456371,-119.447235,Unmodified,CAP
LS012329,34.456329,-119.446846,Unmodified,CAP
LS012330,34.456619,-119.447182,Unmodified,CALOES
LS012331,34.457073,-119.447250,Unmodified,CALOES
LS012332,34.456562,-119.445457,Unmodified,CALOES
LS012333,34.457523,-119.446129,Unmodified,CAP
LS012334,34.457382,-119.446030,Unmodified,CAP
LS012335,34.457085,-119.446167,Unmodified,CAP
LS012336,34.456909,-119.443947,Unmodified,CALOES
LS012337,34.459293,-119.440788,Unmodified,CAP
LS012338,34.457047,-119.440796,Unmodified,CAP
LS012339,34.457443,-119.437859,Unmodified,CALOES
LS012340,34.457355,-119.438446,Unmodified,CALOES
LS012341,34.457870,-119.424561,Unmodified,CALOES
LS012342,34.457897,-119.422867,Unmodified,CALOES
LS012343,34.456501,-119.420700,Unmodified,CAP
LS012344,34.456142,-119.420662,Unmodified,CALOES
LS012345,34.456329,-119.421570,Unmodified,CAP
LS012346,34.462238,-119.416901,Unmodified,CALOES
LS012347,34.461784,-119.414642,Unmodified,CALOES
LS012348,34.456451,-119.414680,Unmodified,CALOES
LS012349,34.456367,-119.415604,Unmodified,CAP
LS012350,34.456295,-119.415489,Unmodified,CAP
LS012351,34.456455,-119.416023,Unmodified,CAP
LS012352,34.456066,-119.416359,Unmodified,CAP
LS012353,34.456543,-119.417343,Unmodified,CALOES
LS012354,34.452866,-119.416862,Unmodified,CALOES
LS012355,34.452618,-119.419945,Unmodified,CALOES
LS012356,34.453033,-119.420952,Modified,CALOES
LS012357,34.453247,-119.421005,Modified,CALOES
LS012358,34.451622,-119.423576,Unmodified,CALOES
LS012359,34.452469,-119.423721,Unmodified,CALOES
LS012360,34.452457,-119.423607,Unmodified,CALOES
LS012361,34.452454,-119.425842,Unmodified,CALOES
LS012362,34.453976,-119.422554,Unmodified,CALOES
LS012363,34.455437,-119.422745,Unmodified,CAP
LS012364,34.453938,-119.422241,Unmodified,CALOES
LS012365,34.454693,-119.438110,Unmodified,CALOES
LS012366,34.454941,-119.440468,Unmodified,CALOES
LS012367,34.455631,-119.436333,Unmodified,CALOES
LS012368,34.455688,-119.441734,Unmodified,CALOES
LS012369,34.455635,-119.441925,Unmodified,CALOES
LS012370,34.456238,-119.443008,Unmodified,CALOES
LS012371,34.455353,-119.447418,Unmodified,CALOES
LS012372,34.455288,-119.446739,Unmodified,CALOES
LS012373,34.455250,-119.446442,Unmodified,CALOES
LS012374,34.455070,-119.445808,Unmodified,CALOES
LS012375,34.454834,-119.446480,Unmodified,CAP
LS012376,34.454800,-119.446251,Unmodified,CAP
LS012377,34.452328,-119.448418,Unmodified,CALOES
LS012378,34.448994,-119.444031,Unmodified,CALOES
LS012379,34.452888,-119.444473,Unmodified,CAP
LS012380,34.456158,-119.452255,Unmodified,CAP
LS012381,34.456081,-119.455597,Unmodified,CAP
LS012382,34.456627,-119.455254,Unmodified,CAP
LS012383,34.454559,-119.454956,Unmodified,CAP
LS012384,34.454571,-119.455139,Unmodified,CAP
LS012385,34.454247,-119.458359,Unmodified,CALOES
LS012386,34.455746,-119.458351,Unmodified,CALOES
LS012387,34.455597,-119.459007,Unmodified,CAP
LS012388,34.455372,-119.459457,Unmodified,CALOES
LS012389,34.455830,-119.460533,Unmodified,CALOES
LS012390,34.455925,-119.460167,Unmodified,CALOES
LS012391,34.453827,-119.462875,Unmodified,CALOES
LS012392,34.451942,-119.461143,Unmodified,CALOES
LS012393,34.454308,-119.459854,Unmodified,CALOES
LS012394,34.453117,-119.459358,Unmodified,CAP
LS012395,34.453117,-119.459572,Unmodified,CAP
LS012396,34.453102,-119.459709,Unmodified,CAP
LS012397,34.451588,-119.459152,Unmodified,CAP
LS012398,34.454491,-119.455765,Unmodified,CAP
LS012399,34.453754,-119.456795,Unmodified,CALOES
LS012400,34.453560,-119.456337,Unmodified,CALOES
LS012401,34.453163,-119.457191,Unmodified,CALOES
LS012402,34.452538,-119.457413,Unmodified,CALOES
LS012403,34.452381,-119.457573,Unmodified,CAP
LS012404,34.451641,-119.457329,Unmodified,CALOES
LS012405,34.450790,-119.457588,Unmodified,CALOES
LS012406,34.450848,-119.457886,Unmodified,CAP
LS012407,34.451347,-119.458145,Unmodified,CAP
LS012408,34.451839,-119.457581,Unmodified,CAP
LS012409,34.452000,-119.456017,Unmodified,CALOES
LS012410,34.453194,-119.454681,Unmodified,CAP
LS012411,34.453426,-119.454597,Unmodified,CALOES
LS012412,34.453087,-119.454933,Unmodified,CAP
LS012413,34.453312,-119.455315,Unmodified,CAP
LS012414,34.452549,-119.455460,Unmodified,CALOES
LS012415,34.451817,-119.453285,Unmodified,CALOES
LS012416,34.451820,-119.453117,Unmodified,CALOES
LS012417,34.451923,-119.452904,Unmodified,CALOES
LS012418,34.451969,-119.452469,Unmodified,CALOES
LS012419,34.452156,-119.452469,Unmodified,CALOES
LS012420,34.452290,-119.452759,Unmodified,CALOES
LS012421,34.452530,-119.448853,Unmodified,CALOES
LS012422,34.452549,-119.448593,Unmodified,CALOES
LS012423,34.452507,-119.446625,Unmodified,CAP
LS012424,34.452515,-119.446754,Unmodified,CAP
LS012425,34.450329,-119.434113,Unmodified,CALOES
LS012426,34.450539,-119.441772,Unmodified,CAP
LS012427,34.450146,-119.441704,Unmodified,CAP
LS012428,34.447632,-119.439117,Unmodified,CAP
LS012429,34.451981,-119.447754,Unmodified,CALOES
LS012430,34.451107,-119.453896,Unmodified,CAP
LS012431,34.451023,-119.453918,Unmodified,CAP
LS012432,34.450348,-119.454254,Unmodified,CAP
LS012433,34.450542,-119.454041,Unmodified,CAP
LS012434,34.449978,-119.451416,Unmodified,CAP
LS012435,34.449841,-119.451103,Unmodified,CAP
LS012436,34.448818,-119.449516,Unmodified,CAP
LS012437,34.449100,-119.452057,Unmodified,CALOES
LS012438,34.448532,-119.453751,Unmodified,CALOES
LS012439,34.451504,-119.453743,Unmodified,CAP
LS012440,34.448990,-119.454857,Unmodified,CALOES
LS012441,34.448776,-119.455589,Unmodified,CALOES
LS012442,34.448921,-119.456291,Unmodified,CAP
LS012443,34.448925,-119.458382,Unmodified,CAP
LS012444,34.449230,-119.457542,Unmodified,CAP
LS012445,34.449730,-119.460365,Unmodified,CAP
LS012446,34.449963,-119.459442,Unmodified,CAP
LS012447,34.450359,-119.459122,Unmodified,CALOES
LS012448,34.448654,-119.455009,Unmodified,CAP
LS012449,34.448605,-119.454979,Unmodified,CAP
LS012450,34.448307,-119.447510,Unmodified,CAP
LS012451,34.448177,-119.441292,Unmodified,CAP
LS012452,34.448376,-119.441750,Unmodified,CAP
LS012453,34.448105,-119.446777,Unmodified,CAP
LS012454,34.448105,-119.445839,Unmodified,CAP
LS012455,34.445587,-119.447884,Unmodified,CALOES
LS012456,34.444771,-119.447556,Unmodified,CALOES
LS012457,34.445469,-119.445984,Unmodified,CAP
LS012458,34.445492,-119.445915,Unmodified,CAP
LS012459,34.445534,-119.446289,Unmodified,CAP
LS012460,34.443901,-119.445763,Unmodified,CALOES
LS012461,34.445000,-119.443985,Unmodified,CAP
LS012462,34.444424,-119.443878,Unmodified,CAP
LS012463,34.444237,-119.442162,Unmodified,CALOES
LS012464,34.444820,-119.442825,Unmodified,CALOES
LS012465,34.444954,-119.443382,Unmodified,CALOES
LS012466,34.443825,-119.444115,Unmodified,CAP
LS012467,34.445454,-119.426071,Unmodified,CALOES
LS012468,34.445316,-119.425934,Unmodified,CAP
LS012469,34.445782,-119.427025,Unmodified,CALOES
LS012470,34.413914,-119.428062,Unmodified,CALOES
LS012471,34.413998,-119.425934,Unmodified,CALOES
LS012472,34.412144,-119.453674,Unmodified,CALOES
LS012473,34.412701,-119.452438,Unmodified,CALOES
LS012474,34.413742,-119.448433,Unmodified,CALOES
LS012475,34.415413,-119.452972,Unmodified,CALOES
LS012476,34.419315,-119.453125,-9999,CALOES
LS012477,34.420002,-119.433357,Modified,CAP
LS012478,34.420189,-119.433617,Modified,CAP
LS012479,34.419643,-119.433319,-9999,CAP
LS012480,34.423813,-119.452202,Unmodified,CALOES
LS012481,34.424068,-119.452362,Unmodified,CALOES
LS012482,34.428059,-119.433517,Unmodified,CALOES
LS012483,34.427540,-119.449814,Unmodified,CAP
LS012484,34.431435,-119.457336,Unmodified,CALOES
LS012485,34.431313,-119.455666,Unmodified,CALOES
LS012486,34.430622,-119.456093,Unmodified,CAP
LS012487,34.430546,-119.456108,Unmodified,CAP
LS012488,34.430637,-119.454010,Unmodified,CAP
LS012489,34.430477,-119.453735,Unmodified,CAP
LS012490,34.433514,-119.445999,Unmodified,CALOES
LS012491,34.433762,-119.451393,Unmodified,CALOES
LS012492,34.433384,-119.450844,Unmodified,CALOES
LS012493,34.437653,-119.457413,Unmodified,CALOES
LS012494,34.437840,-119.449623,Unmodified,CALOES
LS012495,34.437904,-119.449631,Unmodified,CALOES
LS012496,34.438099,-119.449753,Unmodified,CALOES
LS012497,34.437599,-119.449516,Unmodified,CALOES
LS012498,34.452396,-119.486252,Unmodified,CAP
LS012499,34.461800,-119.492638,Unmodified,CALOES
LS012500,34.450912,-119.462280,Unmodified,CALOES
LS012501,34.459469,-119.462120,Unmodified,CAP
LS012502,34.453014,-119.421669,Modified,CALOES
LS012503,34.452995,-119.420761,Modified,CALOES
LS012504,34.437660,-119.423256,Unmodified,CALOES
LS012505,34.437660,-119.423424,Unmodified,CALOES
LS012506,34.437218,-119.424507,Unmodified,CALOES
LS012507,34.437027,-119.424988,Unmodified,CALOES
LS012508,34.436665,-119.426399,Unmodified,CALOES
LS012509,34.435982,-119.428749,Unmodified,CALOES
LS012510,34.439983,-119.443848,Unmodified,CALOES
LS012511,34.440029,-119.444153,Unmodified,CALOES
LS012512,34.440567,-119.447319,Unmodified,CALOES
LS012513,34.439415,-119.443405,Unmodified,CALOES
LS012514,34.438980,-119.451950,Unmodified,CAP
LS012515,34.442009,-119.459259,Unmodified,CAP
LS012516,34.462448,-119.421028,Unmodified,CAP
LS012517,34.411098,-119.442413,Unmodified,CAP
LS012518,34.407845,-119.437180,Unmodified,CAP
LS012519,34.404430,-119.448029,Unmodified,CAP
LS012520,34.404812,-119.443878,Modified,CAP
LS012521,34.399776,-119.441582,Unmodified,CAP
LS012522,34.394196,-119.433014,Unmodified,CAP
LS012523,34.391777,-119.455544,Modified,CAP
LS012524,34.391964,-119.447571,Modified,CAP
LS012525,34.386032,-119.442810,Modified,CAP
LS012526,34.511944,-119.804527,Modified,CALOES
LS012527,34.468624,-119.801224,Modified,CALOES
LS012528,34.507069,-119.765923,Modified,CALOES
LS012529,34.491093,-119.764397,Unmodified,CALOES
LS012530,34.489681,-119.762207,Unmodified,CALOES
LS012531,34.476650,-119.770576,-9999,CALOES
LS012532,34.469154,-119.762695,Modified,CALOES
LS012533,34.471310,-119.769638,Modified,CALOES
LS012534,34.495293,-119.761520,Unmodified,CALOES
LS012535,34.491089,-119.755699,Unmodified,CALOES
LS012536,34.491264,-119.757256,Unmodified,CALOES
LS012537,34.488316,-119.754211,Unmodified,CALOES
LS012538,34.484890,-119.755081,Unmodified,CALOES
LS012539,34.483810,-119.761047,Unmodified,CALOES
LS012540,34.482346,-119.760376,Unmodified,CALOES
LS012541,34.482567,-119.762016,Modified,CALOES
LS012542,34.484364,-119.753830,Modified,CALOES
LS012543,34.484364,-119.753914,Modified,CALOES
LS012544,34.481022,-119.760170,Unmodified,CALOES
LS012545,34.481155,-119.757652,Unmodified,CALOES
LS012546,34.480385,-119.756226,Modified,CALOES
LS012547,34.479958,-119.754921,Modified,CALOES
LS012548,34.479877,-119.759979,-9999,CALOES
LS012549,34.476795,-119.753235,Modified,CALOES
LS012550,34.469753,-119.757217,Modified,CALOES
LS012551,34.468445,-119.759972,Modified,CALOES
LS012552,34.466423,-119.751068,Modified,CALOES
LS012553,34.464977,-119.750610,Modified,CALOES
LS012554,34.464996,-119.750542,Modified,CALOES
LS012555,34.465542,-119.750633,Modified,CALOES
LS012556,34.463013,-119.759705,-9999,CALOES
LS012557,34.490147,-119.745941,Unmodified,CALOES
LS012558,34.481190,-119.751556,Unmodified,CALOES
LS012559,34.477097,-119.748169,Unmodified,CALOES
LS012560,34.478851,-119.748230,Unmodified,CALOES
LS012561,34.474289,-119.743797,Unmodified,CALOES
LS012562,34.470905,-119.743073,Unmodified,CALOES
LS012563,34.463806,-119.737335,Modified,CALOES
LS012564,34.463676,-119.737457,Modified,CALOES
LS012565,34.466732,-119.723801,Modified,CALOES
LS012566,34.466797,-119.726608,Modified,CALOES
LS012567,34.466621,-119.726669,Modified,CALOES
LS012568,34.465504,-119.725151,Modified,CALOES
LS012569,34.496647,-119.711197,Unmodified,CALOES
LS012570,34.496521,-119.710709,Unmodified,CALOES
LS012571,34.497028,-119.710480,Unmodified,CALOES
LS012572,34.458611,-119.715462,Unmodified,CAP
LS012573,34.480755,-119.707573,Unmodified,CALOES
LS012574,34.443886,-119.511696,Unmodified,CALOES
LS012575,34.432167,-119.516113,Unmodified,CALOES
LS012576,34.443165,-119.500496,Unmodified,CALOES
LS012577,34.443588,-119.498962,Unmodified,CALOES
LS012578,34.443451,-119.494850,Unmodified,CALOES
LS012579,34.447803,-119.492340,Unmodified,CALOES
LS012580,34.453228,-119.488609,Unmodified,CALOES
LS012581,34.446220,-119.478287,Unmodified,CALOES
LS012582,34.450569,-119.481812,Unmodified,CALOES
LS012583,34.442467,-119.487564,Unmodified,CAP
LS012584,34.435177,-119.485695,Unmodified,CALOES
LS012585,34.434380,-119.479988,Unmodified,CALOES
LS012586,34.439529,-119.478523,Unmodified,CALOES
LS012587,34.432903,-119.484047,Unmodified,CALOES
LS012588,34.411827,-119.477379,Modified,CAP
LS012589,34.452503,-119.477325,Unmodified,CALOES
LS012590,34.446808,-119.472260,Unmodified,CALOES
LS012591,34.446842,-119.472725,Unmodified,CALOES
LS012592,34.443565,-119.474106,Unmodified,CALOES
LS012593,34.443100,-119.468277,Unmodified,CALOES
LS012594,34.433674,-119.467422,Unmodified,CALOES
LS012595,34.455303,-119.460907,Unmodified,CALOES
LS012596,34.435501,-119.463898,Unmodified,CALOES
LS012597,34.435562,-119.464706,Unmodified,CALOES
LS012598,34.409317,-119.457657,Modified,CAP
LS012599,34.445004,-119.455788,Unmodified,CALOES
LS012600,34.445057,-119.454201,Unmodified,CALOES
LS012601,34.442963,-119.454483,Unmodified,CALOES
LS012602,34.442825,-119.454849,Unmodified,CALOES
LS012603,34.442787,-119.454651,Unmodified,CALOES
LS012604,34.440563,-119.455185,Unmodified,CALOES
LS012605,34.417625,-119.452660,Unmodified,CALOES
LS012606,34.404755,-119.449661,Unmodified,CAP
LS012607,34.405071,-119.449333,Unmodified,CAP
LS012608,34.405209,-119.449425,Unmodified,CAP
LS012609,34.404930,-119.444786,Modified,CAP
LS012610,34.404865,-119.444527,Modified,CAP
LS012611,34.489830,-119.442078,Unmodified,CALOES
LS012612,34.443081,-119.444649,Unmodified,CALOES
LS012613,34.436840,-119.437119,Unmodified,CALOES
LS012614,34.415745,-119.425705,Modified,CAP
LS012615,34.415863,-119.425819,Modified,CAP
LS012616,34.415981,-119.425766,Modified,CAP
LS012617,34.416100,-119.425865,Modified,CAP
LS012618,34.439404,-119.413780,Unmodified,CALOES
LS012619,34.433479,-119.414505,Unmodified,CALOES
LS012620,34.432995,-119.413872,Unmodified,CALOES
LS012621,34.411404,-119.415237,Modified,CALOES
LS012622,34.455055,-119.407364,Unmodified,CALOES
LS012623,34.455578,-119.411377,Unmodified,CALOES
LS012624,34.455318,-119.411789,Unmodified,CALOES
LS012625,34.455154,-119.411324,Unmodified,CALOES
LS012626,34.455982,-119.408134,Unmodified,CALOES
LS012627,34.446758,-119.404945,Unmodified,CALOES
LS012628,34.438709,-119.407608,Unmodified,CALOES
LS012629,34.438114,-119.410896,Unmodified,CALOES
LS012630,34.438416,-119.412956,Unmodified,CALOES
LS012631,34.438156,-119.412323,Unmodified,CALOES
LS012632,34.431458,-119.408112,Unmodified,CALOES
LS012633,34.426041,-119.404678,Unmodified,CALOES
LS012634,34.454800,-119.401314,Unmodified,CALOES
LS012635,34.472336,-119.678055,Modified,USGS
LS012636,34.468246,-119.646378,Unmodified,USGS
LS012637,34.477768,-119.813362,Modified,CALOES
LS012638,34.477444,-119.813431,Modified,CALOES
LS012639,34.427647,-119.446571,Unmodified,CALOES
LS012640,34.464397,-119.417908,Unmodified,CALOES
LS012641,34.464813,-119.420639,Unmodified,CALOES
LS012642,34.431545,-119.409645,Unmodified,CALOES
LS012643,34.431595,-119.410622,Unmodified,CALOES
LS012644,34.431515,-119.410973,Unmodified,CALOES
LS012645,34.462296,-119.676170,Modified,USGS
LS012646,34.452324,-119.674217,Unmodified,USGS
LS012647,34.452213,-119.674179,-9999,USGS
LS012648,34.457279,-119.654358,Unmodified,USGS
LS012649,34.463505,-119.631096,Unmodified,USGS
LS012650,34.465275,-119.620003,Unmodified,USGS
LS012651,34.460850,-119.615471,Unmodified,USGS
LS012652,34.456333,-119.602364,Modified,USGS
LS012653,34.457760,-119.596046,Modified,USGS
LS012654,34.452332,-119.585770,Unmodified,USGS
LS012655,34.458782,-119.570564,Unmodified,USGS
LS012656,34.452370,-119.556778,Unmodified,USGS
LS012657,34.446278,-119.556091,Unmodified,USGS
LS012658,34.446671,-119.553856,Modified,USGS
LS012659,34.443790,-119.558472,Modified,USGS
LS012660,34.443657,-119.558182,Modified,USGS
LS012661,34.443787,-119.558090,Modified,USGS
LS012662,34.450790,-119.553505,Unmodified,USGS
LS012663,34.474186,-119.610352,Unmodified,USGS
